"","LRR_predictions_PG","GAM_predictions","LDA_predictions","CTREE_predictions_PG","RF_predictions_PG","XGB_predictions_PG","LGBM_predictions_PG","RE_RF_predictions_PG","RE_boosting_predictions_PG","RE_bag_predictions","SRE_RF_predictions_PG","SRE_bag_predictions_PG","SRE_boosting_predictions_PG"
"1",0.15731482116449,0.516943121093835,0.0289235824613247,0.0392156862745098,0.179761904761905,0.0437816381454468,0.487650670560887,0.197899418541872,0.225412079135037,0.0444692619621021,0.220510224018554,0.0892831740224185,0.159359648108126
"2",0.141187600214538,0.00630713952392779,0.00662352328860569,0.0392156862745098,0.0251973244147157,0.000534236431121826,2.04495752517292e-05,0.0322713801316519,0.0191071746278282,0.0444692619621021,0.0458151756521238,0.0892831740224185,0.123837277757726
"3",0.754098147028632,2.22044604925031e-16,0.947338928975299,0.87962962962963,0.6,0.950043231248856,0.998166867776568,0.762669323418291,0.725149888330359,0.730146935111681,0.672723158385438,0.6302807113279,0.619368821125081
"4",0.653529118973691,0.58434738464769,0.824279936916587,0.87962962962963,0.557470496982692,0.988227788358927,0.995071350982698,0.781565509676116,0.678816771298803,0.696663751172924,0.829002911528548,0.749982464599749,0.620776986428337
"5",0.148155760124157,0.0690123826576347,0.00536145603439671,0.0392156862745098,0.163920634920635,0.00582879781723022,0.00122334949969612,0.112722263937269,0.133033179745006,0.0444692619621021,0.116377183077683,0.0892831740224185,0.152903035850546
"6",0.66681896226374,0.990569025912383,0.971491343794027,0.87962962962963,0.803333333333333,0.995828541461378,0.999579714530839,0.874437897394542,0.936483656267171,0.896994697526508,0.884018485406727,0.844990518605021,0.774370659545863
"7",0.700690701263261,0.90210407812502,0.949078766001037,0.87962962962963,0.754453429954978,0.912870809435844,0.948147319813996,0.813096756673275,0.55638657934893,0.80305132168771,0.742057200647578,0.694434619451511,0.619667611114733
"8",0.653529118973691,0.912582845971412,0.934005852919942,0.87962962962963,0.376891963643512,0.30708122253418,0.877630096082965,0.590510033142254,0.771595815143555,0.762079154964252,0.627988790378193,0.694434619451511,0.721211926002475
"9",0.667427610034442,0.949922426245872,0.927558076504252,0.87962962962963,0.900562770562771,0.974923156201839,0.990017052312535,0.879927604156331,0.899456435259059,0.906666802287669,0.895510899297908,0.857429837586166,0.730164527432425
"10",0.154444395964029,0.0993525024190099,0.00565424586689005,0.0392156862745098,0.116340448823207,0.0659412145614624,0.0846124149962149,0.110639436684716,0.138442630752159,0.0444692619621021,0.116377183077683,0.0892831740224185,0.159359648108126
"11",0.544828859262941,0.316906827622564,0.436873058296373,0.384615384615385,0.304830891330891,0.0676282644271851,0.0370940329366961,0.342916053191143,0.266503338839737,0.369021190860589,0.389058452049659,0.447461860649068,0.389192024664521
"12",0.544828859262941,0.211738221280103,0.790942636968876,0.384615384615385,0.372091757867995,0.0538981556892395,0.0292395653629776,0.342916053191143,0.245929373050493,0.454339050635003,0.389058452049659,0.445515597702549,0.447823363307172
"13",0.145697547153381,0.0581233457728802,0.010132073037481,0.0392156862745098,0.145510378510379,0.00114691257476807,5.11359434203343e-05,0.0683718049462698,0.0474142186073027,0.0444692619621021,0.0800500421137249,0.0892831740224185,0.137520058392357
"14",0.665652859178567,0.980211285440497,0.985429590034459,0.87962962962963,0.820546218487395,0.992357489652932,0.854216699177126,0.843459442152033,0.959995400792115,0.831923106338449,0.864816669020085,0.825767157439209,0.795302291973034
"15",0.142080157591709,0.0176790913733129,0.00580727987261595,0.0392156862745098,0.163809088370794,0.663583606481552,0.141770316038102,0.0814051982614559,0.193510423739114,0.338517094183179,0.115150496954416,0.354124991591587,0.287599613144759
"16",0.794072667712982,0.936277786667896,0.925974697597956,0.87962962962963,0.933787878787879,0.993237113114446,0.99944716203321,0.914837078433006,0.934080321343652,0.88769723071545,0.876667663612048,0.83929263766419,0.807080636823866
"17",0.142088831528424,0.221671450583276,0.0659467816508457,0.0392156862745098,0.264595238095238,0.0142213106155396,0.00189321325707403,0.0946896131185262,0.0616514023074008,0.0444692619621021,0.0873460960063493,0.0892831740224185,0.152903035850546
"18",0.759579668501519,0.964171255523057,0.962075902276332,0.87962962962963,0.883852813852814,0.994728584308177,0.999974662055825,0.841563178256898,0.91209142637392,0.846230460330719,0.79072839105165,0.801044689234211,0.807204387400389
"19",0.544828859262941,0.718829106358905,0.718944629504974,0.791666666666667,0.635538036842385,0.975328655913472,0.99430105793335,0.803003463713185,0.847720140421921,0.688430602591435,0.747509223050377,0.627159318864742,0.599316380924796
"20",0.727651552971763,0.997849261271564,0.963709795472504,0.87962962962963,0.989844789356985,0.998499898822047,0.999999768892048,0.969859035020883,0.97038152717565,0.936672578098056,0.957938959766223,0.89299361461952,0.862789338894849
"21",0.693676366818276,0.995820022375956,0.992243388857096,0.87962962962963,0.838857142857143,0.952160976827145,0.996741350695824,0.906094758445817,0.879451227566065,0.936672578098056,0.86938385012033,0.8891036759208,0.749065354231003
"22",0.544828859262941,0.940408629116152,0.934177325382041,0.791666666666667,0.523166666666667,0.944362036883831,0.974302187555514,0.693440417633702,0.821248000431302,0.714368860274295,0.752796254595855,0.64903809737062,0.568338668072876
"23",0.142041808762181,0.00300308493686867,0.00294724780512928,0.0392156862745098,0.0534230769230769,0.000247061252593994,3.99528764078106e-06,0.0265487269700244,0.017594505325945,0.0444692619621021,0.0458151756521238,0.0892831740224185,0.123837277757726
"24",0.141187600214538,0.00117454520489666,0.0033379019253105,0.0392156862745098,0.000843501326259947,0.000122189521789551,9.76088626161106e-06,0.0260114933110211,0.0106416195651353,0.0444692619621021,0.0458151756521238,0.0892831740224185,0.123837277757726
"25",0.141187600214538,0.0124744113101353,0.00480515655298927,0.0392156862745098,0.0377814378603852,0.0316184759140015,0.030947667365781,0.0662671499617882,0.193510423739114,0.338517094183179,0.115150496954416,0.354124991591587,0.287599613144759
"26",0.141403932444617,2.22044604925031e-16,4.96699293190292e-05,0.0392156862745098,0.0757142857142857,0.000724256038665771,0.000347043930356675,0.0322713801316519,0.0128391937663059,0.0444692619621021,0.0458151756521238,0.0892831740224185,0.123837277757726
"27",0.141187600214538,0.00882279083326092,0.0113695195500448,0.0392156862745098,0.0451538461538462,0.00234043598175049,5.9872182887266e-05,0.0322713801316519,0.0191071746278282,0.0444692619621021,0.0458151756521238,0.0892831740224185,0.123837277757726
"28",0.170058957806758,0.293562302461995,0.00890630043253996,0.0392156862745098,0.206203696686455,0.862303256988525,0.917617626264611,0.252397506800951,0.342432624369666,0.338517094183179,0.263059012529726,0.354124991591587,0.323546983015029
"29",0.205777845006178,0.0316148864802709,0.0320803040245316,0.0392156862745098,0.195723443223443,0.0020376443862915,0.00120358898659884,0.105625377470524,0.0698784859439655,0.107112884310083,0.135259164569718,0.131237323067457,0.129253810147032
"30",0.582011825103484,0.987873415380637,0.833636491194965,0.791666666666667,0.678982848037196,0.99331814981997,0.999961447118342,0.725331539245116,0.844878196924021,0.851336969879578,0.635937912445546,0.759437617060303,0.626048247198373
"31",0.141187600214538,0.0192368395379132,0.004530587045298,0.0392156862745098,0.0687687034860948,0.0193208456039429,0.00513356372133611,0.133354753249691,0.0364165575915575,0.0444692619621021,0.0978308122669915,0.0892831740224185,0.137520058392357
"32",0.141187600214538,0.000372274896514815,0.000497645239483125,0.285714285714286,0.136414880397639,0.0101102590560913,0.00262019498288657,0.227465956544359,0.104924284070225,0.130653068794049,0.177221841860413,0.14461453719873,0.190567509647714
"33",0.566164869495479,0.950870475288929,0.823913850828307,0.384615384615385,0.727587301587301,0.985566514544189,0.996521761951218,0.821710349165845,0.927313436219131,0.82071997501067,0.770406691356897,0.740494594782276,0.726892225027895
"34",0.723651291212921,0.996986629757458,0.996777792757381,0.87962962962963,0.952899159663866,0.997903302311897,0.998325571426913,0.954564679728716,0.971607927791339,0.896994697526508,0.934722904471785,0.844990518605021,0.795302291973034
"35",0.141187600214538,0.036462202396596,0.0114247097829302,0.0392156862745098,0.327306246385194,0.7919612377882,0.950024301326757,0.187429825234661,0.510524282195184,0.420820608297622,0.234143420994817,0.354124991591587,0.297744836290926
"36",0.546596942437681,0.263647385088943,0.628674051755751,0.791666666666667,0.569061523159989,0.850644305348396,0.972945385715106,0.778082779915866,0.635410753802662,0.717971965598939,0.667731581969765,0.659880520269223,0.477782685169578
"37",0.236248613256987,0.00083123689234289,0.0106116792442777,0.0392156862745098,0.0906896551724138,0.000688910484313965,5.64099714503939e-05,0.0646763619609079,0.0176191496764868,0.0444692619621021,0.0756375182106028,0.0892831740224185,0.137520058392357
"38",0.544828859262941,0.964428268978401,0.741838913222476,0.791666666666667,0.5414226342711,0.509205877780914,0.962282027878633,0.457358182405188,0.561653139774759,0.596789545465577,0.46270842441035,0.482254382737075,0.477466422817966
"39",0.141187600214538,0.0143629546686401,0.0121407675585137,0.0392156862745098,0.0507101449275362,0.000351309776306152,0.000531925854463551,0.0587499924177894,0.0122204153323287,0.0444692619621021,0.0692265146869397,0.0892831740224185,0.123837277757726
"40",0.72298636580536,0.644494134576439,0.813620224570868,0.87962962962963,0.71995301446521,0.774028524756432,0.914299494019307,0.698068232567819,0.50217736728996,0.730103592379334,0.706169359764221,0.694434619451511,0.547108618636901
"41",0.776684397210309,0.999999858281528,0.985809951525245,0.87962962962963,0.91,0.997425571316853,0.999381688663287,0.97538687491504,0.968031164209271,0.947855447703448,0.964616980723702,0.902273846325451,0.862789338894849
"42",0.141824661850339,0.0271701519200031,0.016520660005978,0.0392156862745098,0.180847985347985,0.0544394254684448,0.0279382831999394,0.111126268234987,0.129195950973335,0.107112884310083,0.135259164569718,0.131237323067457,0.209857336731093
"43",0.141187600214538,0.00172695648886229,0.00471728198130328,0.0392156862745098,0.000843501326259947,0.000462174415588379,1.81063319379311e-06,0.031622106019512,0.0106416195651353,0.0444692619621021,0.0458151756521238,0.0892831740224185,0.123837277757726
"44",0.81766985507732,0.989685441588575,0.980530937519253,0.87962962962963,0.898826910074375,0.979553179815412,0.999307225087511,0.928340551653287,0.939367418467507,0.906666802287669,0.894832503544964,0.852460669894767,0.766951721627218
"45",0.83512000457635,0.99916841043674,0.997316933610713,0.87962962962963,0.901666666666667,0.996124568628147,0.981450038910004,0.928340551653287,0.94923763018638,0.906666802287669,0.903658632927975,0.852460669894767,0.807080636823866
"46",0.141722570987181,0.0519323318902647,0.0199651807907835,0.0392156862745098,0.0558681318681319,0.00242346525192261,0.00131093868979972,0.0528483039160211,0.0414795519540788,0.0444692619621021,0.0624236649568128,0.0892831740224185,0.137520058392357
"47",0.141187600214538,0.00202554527614195,0.00207277272392555,0.0392156862745098,0.119748213730972,0.0110146999359131,0.000632378496837226,0.143611032079324,0.125949660855581,0.107112884310083,0.117090201816604,0.131237323067457,0.209857336731093
"48",0.141187600214538,0.00336510641160449,0.00212837403584169,0.285714285714286,0.0475347985347985,0.000639259815216064,9.59986850092945e-05,0.0583654999208696,0.0151688054224593,0.0550917097154405,0.0723426964944232,0.0988706263611909,0.123837277757726
"49",0.141187600214538,0.528423407370872,0.482223086683972,0.285714285714286,0.443253727065433,0.371718168258667,0.664736359744372,0.340699146569743,0.467666899298319,0.438036781854094,0.354383369613899,0.412205480512632,0.431367741409189
"50",0.733526643713219,0.896131081669437,0.952377925318672,0.87962962962963,0.863,0.993326098192483,0.999677756127912,0.920538651093186,0.914248965259692,0.838424187692645,0.88269728775493,0.809651780998218,0.718145670636963
"51",0.141187600214538,0.0113886524762315,0.00661221726206764,0.285714285714286,0.0366666666666667,0.000182926654815674,2.83265548012315e-05,0.0482462935000866,0.022548104700293,0.0550917097154405,0.0723426964944232,0.0988706263611909,0.123837277757726
"52",0.142464121171898,0.00746980998003428,0.00796720311596242,0.0392156862745098,0.0363235158235158,0.01191645860672,0.0359964388233725,0.0260114933110211,0.0505833330486833,0.0444692619621021,0.0458151756521238,0.0892831740224185,0.137520058392357
"53",0.144864038254398,0.0233034959136386,0.0307671904050712,0.0392156862745098,0.0914285714285714,0.00166648626327515,0.000232223412473818,0.0683718049462698,0.0414795519540788,0.0444692619621021,0.0800500421137249,0.0892831740224185,0.137520058392357
"54",0.708700416161775,0.935667928161828,0.91969229073789,0.87962962962963,0.862491254003449,0.98215676099062,0.851132099395139,0.917909107113279,0.88250745548456,0.846230460330719,0.892032016000179,0.794581090025962,0.839797248446881
"55",0.141289369147184,0.0106082308408645,0.0123190602364006,0.0392156862745098,0.0448768115942029,0.00164973735809326,0.00052377929092622,0.0485675623179552,0.0167504358533139,0.0444692619621021,0.0692265146869397,0.0892831740224185,0.123837277757726
"56",0.285442966218748,0.240513926804542,0.0630270663009023,0.0392156862745098,0.322197802197802,0.044341504573822,0.0524047703837628,0.239455877151609,0.0764915946852215,0.0444692619621021,0.149484036940715,0.0892831740224185,0.137520058392357
"57",0.64120272165477,0.827093728806337,0.967635326873678,0.87962962962963,0.621317195704193,0.971470216289163,0.988878890695306,0.84629866845546,0.697572398884517,0.738392048637397,0.878001180416177,0.768449472859318,0.620776986428337
"58",0.665305721237729,0.955061152389282,0.962645547320181,0.87962962962963,0.663867310850069,0.930394947528839,0.73220874309082,0.764056191376255,0.832283352229,0.854749328616317,0.762793709882901,0.785267405297825,0.670626812046458
"59",0.223989710334616,0.00276124304359834,0.00559790036460424,0.0392156862745098,0.120166666666667,0.0480726957321167,0.0347198226963199,0.0667561217853882,0.258871027786087,0.338517094183179,0.0798821011790633,0.355751565896211,0.312914334404219
"60",0.689645292871285,0.996961607421809,0.982007484468199,0.384615384615385,0.764880952380952,0.956299602985382,0.992292062461834,0.787076974918385,0.846572723862812,0.84907954389286,0.744099343391858,0.759437617060303,0.648878405692757
"61",0.544828859262941,0.828991356461827,0.93764158355559,0.791666666666667,0.814595238095238,0.975323034450412,0.999291862141011,0.803003463713185,0.818022552244708,0.717971965598939,0.747509223050377,0.659880520269223,0.658381878958865
"62",0.712716950594238,0.975857174087632,0.932903041755651,0.87962962962963,0.845833333333333,0.976585710421205,0.984634395480026,0.928340551653287,0.933652222572699,0.878522683329725,0.894832503544964,0.801816868719728,0.784109889023655
"63",0.687906794319123,0.990876874229548,0.869848529857691,0.87962962962963,0.64,0.996759770438075,0.999776401285471,0.860469156264259,0.814358423930734,0.854749328616317,0.826486043926966,0.785267405297825,0.657713077857663
"64",0.72897701149954,0.994355237506033,0.983823854246094,0.87962962962963,0.985973500184027,0.999658126267605,0.999999200105897,0.97538687491504,0.977393889589012,0.947855447703448,0.964616980723702,0.902273846325451,0.862789338894849
"65",0.773126767752674,0.986689873203236,0.961874636937918,0.87962962962963,0.948935698447893,0.997343353461474,0.999329101926752,0.968739163528259,0.97038152717565,0.936672578098056,0.945475048379163,0.8891036759208,0.862789338894849
"66",0.141187600214538,0.00539460715250781,0.00141114350950536,0.285714285714286,0.0757345662467614,0.000352144241333008,0.000267925176962436,0.0583654999208696,0.0207687930350926,0.0550917097154405,0.0723426964944232,0.0988706263611909,0.123837277757726
"67",0.141187600214538,0.000489097152373321,0.00323249562870689,0.0392156862745098,0.0453918918918919,0.00418776273727417,0.00130949589058686,0.0260114933110211,0.0301474737622815,0.0444692619621021,0.0458151756521238,0.0892831740224185,0.123837277757726
"68",0.771928773674519,0.993164706337709,0.989716503129575,0.87962962962963,0.958935698447894,0.996740075293928,0.999900845930852,0.969859035020883,0.967560347652086,0.936672578098056,0.957938959766223,0.89299361461952,0.861566631232213
"69",0.810092460103427,0.999450751910014,0.995412710689275,0.87962962962963,0.998421052631579,0.99876497045625,0.999975944640152,0.97538687491504,0.977393889589012,0.947855447703448,0.964616980723702,0.902273846325451,0.861566631232213
"70",0.569665039444313,2.22044604925031e-16,0.812820522619911,0.791666666666667,0.665609110663459,0.981385290622711,0.999331707611956,0.817153696058859,0.836102639940741,0.851336969879578,0.817830217301837,0.759437617060303,0.680602344990856
"71",0.722860315744437,0.415537401261456,0.880765952574138,0.87962962962963,0.560589077589078,0.29892373085022,0.865485166650821,0.66552779558539,0.644023039951234,0.639854349293575,0.612012922460575,0.620894920458755,0.561412596609041
"72",0.141187600214538,0.0269952402574379,0.0141034039418119,0.0392156862745098,0.0706896551724138,0.00226163864135742,0.000269306289823351,0.031622106019512,0.033923934496797,0.0444692619621021,0.0458151756521238,0.0892831740224185,0.123837277757726
"73",0.141187600214538,0.00131632279740398,0.00281722256729764,0.285714285714286,0.02104995004995,0.00169408321380615,0.000166489995598607,0.0472913234396591,0.0212520811412581,0.0550917097154405,0.0723426964944232,0.0988706263611909,0.123837277757726
"74",0.54485486878704,0.0305077404689898,0.394711671394255,0.384615384615385,0.361331547064306,0.0158327221870422,0.0178243070590392,0.338201076456554,0.210621110129558,0.449948211104602,0.389058452049659,0.445515597702549,0.447823363307172
"75",0.228638191835033,0.00832814168921983,0.00600464734480587,0.0392156862745098,0.18335632183908,0.0371524691581726,0.00307562034602571,0.153637640178127,0.221106060517488,0.107112884310083,0.154425366375862,0.131237323067457,0.159359648108126
"76",0.544828859262941,0.623671422356537,0.723588741209375,0.384615384615385,0.592408898007364,0.616525709629059,0.506130071338699,0.457358182405188,0.451096693193783,0.5473527523759,0.46270842441035,0.482254382737075,0.418199630720141
"77",0.141200317980605,0.000224221561455222,0.00115526176823895,0.0392156862745098,0.085,0.00425839424133301,3.57194955219494e-05,0.0265487269700244,0.017594505325945,0.0444692619621021,0.0458151756521238,0.0892831740224185,0.123837277757726
"78",0.754272034466447,0.999998558813143,0.999196097184661,0.87962962962963,0.906428571428571,0.998318769503385,0.999922705962485,0.97538687491504,0.953370701304396,0.947855447703448,0.967797248025151,0.902273846325451,0.820094403803563
"79",0.198707410119109,0.0319705491898154,0.0803080493847604,0.0392156862745098,0.0799123946229209,0.000469684600830078,0.000146113141909072,0.0649943152486662,0.0467676083684551,0.0444692619621021,0.10136715245419,0.0892831740224185,0.123837277757726
"80",0.544828859262941,0.30241030263037,0.598906994019873,0.384615384615385,0.417277563675628,0.59715062379837,0.288737098029114,0.474869824555827,0.476935757935999,0.403880758240752,0.451775719550571,0.422629298989998,0.573360984908689
"81",0.141187600214538,2.22044604925031e-16,4.86903177476381e-05,0.0392156862745098,0.152510167992927,0.00607955455780029,0.00133858857733912,0.0958866561928029,0.123980196741453,0.107112884310083,0.1120013124504,0.131237323067457,0.209857336731093
"82",0.197092517503249,0.00567245351682637,0.00816341657154942,0.0392156862745098,0.0656896551724138,0.000221908092498779,5.91005666053577e-06,0.0338353807195427,0.0315531358376767,0.0444692619621021,0.0458151756521238,0.0892831740224185,0.123837277757726
"83",0.141391199358563,0.000922464994532124,0.00300114062697504,0.0392156862745098,0.0880101679929266,0.0117098093032837,0.000221275332594859,0.0794444548730868,0.0810753467349877,0.107112884310083,0.1120013124504,0.131237323067457,0.190567509647714
"84",0.141187600214538,0.0275554415850873,0.00379032854747821,0.285714285714286,0.197454598033545,0.0963836908340454,0.249031796246503,0.141422232068906,0.198103383415296,0.390662221458273,0.174482860802286,0.380276745492009,0.287599613144759
"85",0.141680201678228,0.403105050919311,0.0785425368980297,0.0392156862745098,0.202197324414716,0.00887328386306763,0.00366797162640347,0.0928487074249114,0.0515352275678481,0.0444692619621021,0.0873460960063493,0.0892831740224185,0.152903035850546
"86",0.5545640571659,0.544036307144785,0.615217105459455,0.384615384615385,0.478658519641278,0.551524341106415,0.200871837611199,0.520509166485662,0.525881347557459,0.851336969879578,0.529526257673264,0.766682317242378,0.537752182047574
"87",0.544828859262941,0.429615464107055,0.638089027622144,0.384615384615385,0.275576536634721,0.399528026580811,0.297697861229,0.38954360395504,0.370174449505924,0.337450972515943,0.389058452049659,0.383117451595692,0.499850063550382
"88",0.197225328984904,0.00628216948123995,0.00680179297168482,0.0392156862745098,0.106980392156863,0.00383555889129639,0.00182226360847853,0.0819960616413301,0.0385200715428368,0.107112884310083,0.0654259129217748,0.131237323067457,0.129253810147032
"89",0.141187600214538,0.0236657382081318,0.00995206018429821,0.0392156862745098,0.055,0.00131446123123169,0.000430033945856562,0.046402181827047,0.0323807397553033,0.107112884310083,0.0624236649568128,0.131237323067457,0.129253810147032
"90",0.197956998768494,2.22044604925031e-16,0.0279823192450595,0.0392156862745098,0.0506896551724138,0.0184139609336853,0.000948235202916289,0.0338353807195427,0.0145950391887958,0.0444692619621021,0.0458151756521238,0.0892831740224185,0.123837277757726
"91",0.544828859262941,0.169008769572551,0.497836562856684,0.384615384615385,0.251232914570511,0.0351170897483826,0.0246169303288733,0.437515889007045,0.240932931464146,0.355836479801334,0.358719227640439,0.447461860649068,0.43355260823203
"92",0.544828859262941,0.184033107111568,0.469668788738956,0.384615384615385,0.35832811272935,0.19033670425415,0.353749520992618,0.293258609435054,0.243933795159062,0.36568611490764,0.347259203196534,0.420708806185216,0.447823363307172
"93",0.819706037185317,1,0.999869819517672,0.87962962962963,0.893627530364372,0.993826407473534,0.999818612575833,0.945905405615945,0.953963423605867,0.936672578098056,0.924721174133334,0.89299361461952,0.761874909461849
"94",0.710176282151967,0.985532566094455,0.936288117596148,0.87962962962963,0.922900432900433,0.995622714050114,0.999497047082642,0.916124677178445,0.891269507843458,0.88769723071545,0.903250820271213,0.844624472490852,0.730164527432425
"95",0.141187600214538,2.22044604925031e-16,0.00475948861650241,0.0392156862745098,0.00568965517241379,0.0065842866897583,0.000478961198996476,0.0260114933110211,0.0145950391887958,0.0444692619621021,0.0458151756521238,0.0892831740224185,0.123837277757726
"96",0.791671679237795,0.967161422272415,0.986558209733065,0.87962962962963,0.968967271118974,0.999507070402615,0.99991590442396,0.970110658976418,0.977393889589012,0.947855447703448,0.954037011997012,0.89868299035984,0.862789338894849
"97",0.143543823519939,2.22044604925031e-16,0.0034015690389487,0.0392156862745098,0.0208435013262599,0.000265896320343018,1.53054445282803e-06,0.0370409658314446,0.0247575955756699,0.0444692619621021,0.0624236649568128,0.0892831740224185,0.137520058392357
"98",0.688910248022369,0.906031331126561,0.919718979671599,0.87962962962963,0.688480756228221,0.977223763242364,0.451231650895579,0.858563253776784,0.846722026865155,0.854749328616317,0.791829652772496,0.785267405297825,0.721569868299379
"99",0.65364785057882,0.888441953777859,0.963833654773946,0.87962962962963,0.772550865800866,0.972020156681538,0.998209551755073,0.896927294017267,0.867087291514998,0.868453654797948,0.884018485406727,0.844990518605021,0.729716364946071
"100",0.141952361748334,0.00025500350999195,0.00140355328672797,0.0392156862745098,0.0318181818181818,0.000936329364776611,0.000173215937491974,0.0265487269700244,0.0128391937663059,0.0444692619621021,0.0458151756521238,0.0892831740224185,0.123837277757726
"101",0.150152268970385,0.12490077302456,0.0052130782147108,0.0392156862745098,0.184761904761905,0.0207083821296692,0.0002071611856192,0.356402003440295,0.177047853437759,0.0444692619621021,0.229256479793194,0.0892831740224185,0.152903035850546
"102",0.145880406629923,0.0483010795150516,0.00849394685374235,0.0392156862745098,0.130605406088165,0.0197063684463501,0.00817348859986955,0.0831464483798427,0.0640523127607982,0.0778079153857816,0.109254425647881,0.115211920452997,0.123837277757726
"103",0.699380935332943,0.988991743845434,0.938786006161798,0.87962962962963,0.816604395604396,0.938121855258942,0.978194992870615,0.840169881647193,0.877095211179431,0.916745701870155,0.851683823719095,0.848806984084903,0.721569868299379
"104",0.141187600214538,0.0122402878942472,0.00814471039212382,0.0392156862745098,0.0201538461538462,0.000355243682861328,3.53687978409801e-06,0.0427460047462363,0.0414795519540788,0.0444692619621021,0.0624236649568128,0.0892831740224185,0.137520058392357
"105",0.544828859262941,0.0303129605959977,0.323622196436085,0.384615384615385,0.179106909383146,0.00506162643432617,0.00275256180010372,0.482220036122096,0.201818599070407,0.341655238422705,0.358719227640439,0.415445181948756,0.43355260823203
"106",0.544828859262941,0.801864460571753,0.941175125337758,0.791666666666667,0.501492249296597,0.711384385824203,0.767885101948331,0.651620148108432,0.65695075193048,0.677565769771424,0.656505937512257,0.658110790900401,0.537689684166075
"107",0.665792898825497,0.512594416042655,0.967640606233937,0.87962962962963,0.43583680354733,0.471967875957489,0.547738852148002,0.695616813354294,0.480251346693337,0.66954541187049,0.716513475136323,0.753877637375134,0.542863433778724
"108",0.783157721397362,1,0.997549918426383,0.87962962962963,0.763178122690318,0.816692277789116,0.836973476802333,0.811779767848139,0.729520388020975,0.804676688356481,0.759416770248764,0.702871017011698,0.619368821125081
"109",0.643612058108778,0.231303166289147,0.754447714757908,0.87962962962963,0.426508336491095,0.921561382710934,0.967152225110609,0.658390397054588,0.66601804938508,0.681510426651356,0.642212572847912,0.507017458904534,0.509718661510804
"110",0.685747434634693,0.98790074823159,0.992991204490885,0.87962962962963,0.795125541125541,0.99236932117492,0.909578512283857,0.758848187464524,0.901302627991962,0.783286200965697,0.69548435623106,0.743692680216567,0.748827015005554
"111",0.858998786025274,0.997100032483426,0.978161754179325,0.87962962962963,0.88580701754386,0.998367085936479,0.999999740539887,0.956239506983099,0.966477998425974,0.933953528571017,0.940452466406789,0.878110641312278,0.823577812131629
"112",0.205777845006178,0.0485864960167018,0.0131581044293889,0.0392156862745098,0.182197802197802,0.332800924777985,0.446384302006829,0.0867905729394795,0.34927300111836,0.420820608297622,0.115150496954416,0.354124991591587,0.297744836290926
"113",0.141187600214538,0.00486588104247486,0.00348354099157526,0.0392156862745098,0.0423918918918919,0.00443708896636963,0.000476696583299973,0.0965210710133169,0.0179085477328187,0.0444692619621021,0.0725306330932165,0.0892831740224185,0.123837277757726
"114",0.147336963539834,0.0176256866553147,0.0071564349215853,0.0392156862745098,0.117277056277056,0.00717848539352417,0.00412768993278549,0.123858317304869,0.114120116216244,0.0444692619621021,0.154425366375862,0.0892831740224185,0.152903035850546
"115",0.736264709989868,5.42632338470567e-06,0.994447976198043,0.87962962962963,0.955555555555556,0.976626122370362,0.998973195363415,0.954564679728716,0.946127770591919,0.896994697526508,0.928517548888167,0.844990518605021,0.774370659545863
"116",0.644814014909845,0.389366854150872,0.843716627449587,0.87962962962963,0.721420713432908,0.976669469848275,0.913079660433066,0.813953692324568,0.757189968128426,0.755200899794686,0.829002911528548,0.810745623097175,0.663051367435144
"117",0.544828859262941,0.465542984113853,0.784616163779641,0.384615384615385,0.551246337138281,0.931694611907005,0.948070122858946,0.403165411399493,0.437395625450724,0.519487278927299,0.389058452049659,0.447162251280026,0.477782685169578
"118",0.141187600214538,0.0156827149442138,0.00475818745132643,0.285714285714286,0.0636459096459096,0.000778079032897949,7.23070988179463e-05,0.0777759750159897,0.0452955506841274,0.130653068794049,0.0975842170389025,0.14461453719873,0.129253810147032
"119",0.1974246727659,0.0056988252975274,0.0217969047948479,0.0392156862745098,0.0982367632367632,0.000199496746063232,0.000104038192881456,0.0278433644902904,0.0324615926141393,0.0444692619621021,0.0458151756521238,0.0892831740224185,0.123837277757726
"120",0.544828859262941,0.0692714268538748,0.3859876324002,0.384615384615385,0.211234109028227,0.11399245262146,0.00273531218111328,0.38954360395504,0.208771041524831,0.310100764544678,0.389058452049659,0.417358958109306,0.389192024664521
"121",0.199644240144964,0.0195769761124567,0.0276021912907295,0.0392156862745098,0.0875,0.000265657901763916,0.000108880226009396,0.0284173291916076,0.0216901747603795,0.0444692619621021,0.0458151756521238,0.0892831740224185,0.123837277757726
"122",0.785558232869187,1,0.999997812632967,0.87962962962963,0.856,0.999000754440203,0.995136468774315,0.840169881647193,0.904608748388629,0.936672578098056,0.83618582288553,0.8891036759208,0.749065354231003
"123",0.544828859262941,0.115911277097103,0.378884777994329,0.384615384615385,0.185033698809936,0.0322171449661255,0.0452843757474712,0.336592837590829,0.25927864189764,0.333499352490892,0.347259203196534,0.381257944983393,0.409653321082998
"124",0.647882682732584,0.945096498038227,0.968203082399183,0.87962962962963,0.952467532467532,0.998689401778392,0.999726742230661,0.919649962044841,0.933442530550757,0.871187986471436,0.908772099610612,0.816662087573245,0.847434848526002
"125",0.60114141835226,0.959200490281792,0.594879415055235,0.384615384615385,0.54676093951094,0.994671695400029,0.993117404347123,0.785868904196911,0.801706009990679,0.82071997501067,0.639882500836064,0.740494594782276,0.633188701583716
"126",0.744198094697059,0.9973808764095,0.98920545929494,0.87962962962963,0.974075630252101,0.99884141003713,0.999686483340305,0.943946986441395,0.97284173371719,0.947855447703448,0.911584087703509,0.89868299035984,0.831833825813539
"127",0.141213036703885,0.0058204192012957,0.009565675899661,0.0392156862745098,0.13136391986392,0.00496876239776611,0.00237222627825107,0.0434038034555004,0.0687917945601597,0.107112884310083,0.0624236649568128,0.131237323067457,0.129253810147032
"128",0.642617356120269,0.874756340664613,0.978594825579617,0.87962962962963,0.653837535014006,0.767634972929955,0.790422982075985,0.714328686470246,0.785762465191612,0.667478517178856,0.708161925565316,0.672846603215704,0.721913023899251
"129",0.205829273250236,0.00367265121191746,0.0105876587706918,0.0392156862745098,0.0990756302521008,0.000596404075622559,0.000917965841183536,0.0587499924177894,0.0169895657416409,0.0444692619621021,0.0692265146869397,0.0892831740224185,0.123837277757726
"130",0.690112553955401,0.797236357592077,0.980777440491556,0.87962962962963,0.776076599870717,0.761827036738396,0.959443459513615,0.708708883266844,0.6567844622129,0.685441332080491,0.633059798949563,0.596833969006868,0.64843531933348
"131",0.216004271914954,0.684046107493018,0.522472653120621,0.0392156862745098,0.235454545454545,0.00943130254745483,0.000454731460413164,0.10025563627093,0.169370946292089,0.0444692619621021,0.116377183077683,0.0892831740224185,0.152903035850546
"132",0.743947859040222,0.992633014582694,0.992678876804679,0.87962962962963,0.908473684210526,0.998938489356078,0.999082399022493,0.932299472258077,0.966198422736817,0.896994697526508,0.915982782877837,0.839668860514627,0.795302291973034
"133",0.141187600214538,0.0230389321023809,0.00792663772796271,0.0392156862745098,0.0869337221633086,0.00363171100616455,0.000358931254254721,0.108415499910195,0.0297824732652843,0.0444692619621021,0.0934903275377353,0.0892831740224185,0.137520058392357
"134",0.141251198617387,0.0349824428044641,0.0118634728091673,0.0392156862745098,0.0497101449275362,0.000856637954711914,0.00312834661007316,0.0587499924177894,0.0167504358533139,0.0444692619621021,0.0692265146869397,0.0892831740224185,0.123837277757726
"135",0.141187600214538,2.22044604925031e-16,6.42066218156514e-05,0.0392156862745098,0.116047619047619,0.00780308246612549,0.00613058111024206,0.0651347891469319,0.0297824732652843,0.0444692619621021,0.0624236649568128,0.0892831740224185,0.137520058392357
"136",0.545531030108647,2.22044604925031e-16,0.741798086891509,0.791666666666667,0.457672704216822,0.623040169477463,0.552490026448542,0.541856792177635,0.447940559212452,0.591331631037654,0.585631246653101,0.627812305317014,0.507625398344328
"137",0.756018478862975,0.930788213177098,0.96875623340865,0.87962962962963,0.594968671679198,0.915982931852341,0.972967241070392,0.846568512576295,0.787068746818724,0.726312974618141,0.776450514456326,0.703266969755568,0.568338668072876
"138",0.141416666488494,0.0123036891983902,0.00475777051597486,0.0392156862745098,0.0331511936339523,0.00250297784805298,0.00117249422308731,0.0495745224827691,0.0373594944881786,0.0778079153857816,0.08579721126969,0.115211920452997,0.123837277757726
"139",0.663996606198239,0.944906646139096,0.941668230011094,0.87962962962963,0.885269031781227,0.984035471454263,0.981523482185845,0.946032783467639,0.895327374532742,0.936672578098056,0.945846537993091,0.89299361461952,0.839797248446881
"140",0.544828859262941,0.908579712199613,0.961516935088902,0.791666666666667,0.55948309178744,0.792558521032333,0.819111815387103,0.651620148108432,0.861525736712407,0.717971965598939,0.678139221418411,0.658110790900401,0.592092073811845
"141",0.544828859262941,0.546081814543693,0.815481290994753,0.791666666666667,0.468739316239316,0.144725799560547,0.317879001742132,0.604536616817289,0.61296234983471,0.655875181062705,0.656505937512257,0.64903809737062,0.537689684166075
"142",0.743947859040222,0.556899368167485,0.908332014095602,0.87962962962963,0.674141025641026,0.67393496632576,0.522622135376936,0.720322053020312,0.482194174109086,0.591112206888804,0.61013848813724,0.596833969006868,0.561412596609041
"143",0.141187600214538,0.0663177344416235,0.00759910083816131,0.0392156862745098,0.113268703486095,0.0738618969917297,0.109088931843445,0.151559268996825,0.0814835110776261,0.0444692619621021,0.0978308122669915,0.0892831740224185,0.137520058392357
"144",0.544828859262941,0.721504202969538,0.765916060567091,0.384615384615385,0.606583519137867,0.889161862432957,0.981254211026712,0.777706781550074,0.691125010301939,0.556364394999904,0.747509223050377,0.627159318864742,0.540571710052014
"145",0.141251198617387,0.00232132015619526,0.00206509427003327,0.0392156862745098,0.0292857142857143,0.00343239307403564,0.0005747932653918,0.0576815527835089,0.0128391937663059,0.0444692619621021,0.0480595881627939,0.0892831740224185,0.123837277757726
"146",0.762858596936827,0.905740360012175,0.932688649025291,0.87962962962963,0.900937862950058,0.996069264598191,0.995820845560857,0.95473328460149,0.920122037150427,0.916745701870155,0.945475048379163,0.848806984084903,0.82824651128736
"147",0.205777845006178,0.00241077876983762,0.0155515472016234,0.0392156862745098,0.0897857142857143,0.00441479682922363,0.000237241407952249,0.0396179972577969,0.0505833330486833,0.0444692619621021,0.0624236649568128,0.0892831740224185,0.137520058392357
"148",0.141187600214538,0.0068907261241424,0.0102862445581692,0.0392156862745098,0.0135824175824176,0.00214403867721558,2.56404783796858e-05,0.0265487269700244,0.0128391937663059,0.0444692619621021,0.0458151756521238,0.0892831740224185,0.123837277757726
"149",0.545349003088996,0.796640325267928,0.881033423730048,0.791666666666667,0.497427128427128,0.621677309274673,0.932453661817911,0.38954360395504,0.80630219439288,0.475505574202683,0.412461214782052,0.447461860649068,0.508458068467394
"150",0.701682492106163,0.983312106330538,0.985862453150009,0.87962962962963,0.854999484004128,0.989478978328407,0.999588249920763,0.932144340631377,0.914261552184634,0.906666802287669,0.917270667785216,0.857429837586166,0.791436612076778
"151",0.648408891044327,0.871503552717942,0.969087162417235,0.87962962962963,0.628327006327006,0.972881872206926,0.989355294894094,0.677018830060129,0.713592737498965,0.74625804345408,0.661580683780683,0.723960479326804,0.725040319950101
"152",0.141187600214538,1.2256761076971e-09,0.0057249685310579,0.285714285714286,0.1615957576869,0.174680411815643,0.0568539003103181,0.223287015230446,0.198103383415296,0.390662221458273,0.246647417760186,0.380276745492009,0.287599613144759
"153",0.82110008294667,0.99920339979784,0.990297295072635,0.87962962962963,0.900989974937343,0.995724132750183,0.999917123812312,0.909248538663838,0.905882941688624,0.947855447703448,0.888020931575275,0.902273846325451,0.748827015005554
"154",0.645501851323055,2.22044604925031e-16,0.109108174307037,0.791666666666667,0.752189440993789,0.976114733144641,0.998313734888727,0.906885456303384,0.949550150011115,0.851336969879578,0.860780420154613,0.759437617060303,0.779299296644216
"155",0.545834688084039,0.702585989820307,0.936586760195514,0.384615384615385,0.470992382283325,0.0609672069549561,0.0506452059106001,0.534231108811037,0.408478824738227,0.369807506284932,0.477915289803759,0.415445181948756,0.503026540201298
"156",0.141187600214538,0.00483925229643202,0.0030870562233152,0.0392156862745098,0.153435897435897,0.00827151536941528,0.000829451674842083,0.119199406820035,0.123980196741453,0.107112884310083,0.1120013124504,0.131237323067457,0.209857336731093
"157",0.71741407294915,0.999077903155941,0.992493157488703,0.87962962962963,0.923885154061625,0.995427870191634,0.999739023857886,0.906094758445817,0.956909966412507,0.936672578098056,0.86938385012033,0.8891036759208,0.825775347271047
"158",0.544828859262941,0.331894271170873,0.522770651125902,0.384615384615385,0.433358253000197,0.823857501149178,0.00665749262086042,0.4519866641568,0.429170047382034,0.507976408482347,0.46270842441035,0.45172441354124,0.477782685169578
"159",0.141187600214538,0.00439797167768705,0.0114386917264268,0.0392156862745098,0.0125101679929266,0.000188529491424561,1.2488143182196e-05,0.0265487269700244,0.0217013641624074,0.0444692619621021,0.0458151756521238,0.0892831740224185,0.123837277757726
"160",0.544828859262941,0.372716511965479,0.341710398963223,0.384615384615385,0.205487816531295,0.00832599401473999,0.000285670350492697,0.3412969560772,0.29662934605827,0.297054370692772,0.347259203196534,0.383117451595692,0.395727200563295
"161",0.197175516769719,0.0149399657797259,0.0603295156471578,0.0392156862745098,0.0842857142857143,0.000940382480621338,0.000433509284064911,0.0278433644902904,0.0282206367363208,0.0444692619621021,0.0458151756521238,0.0892831740224185,0.123837277757726
"162",0.197441291603316,0.00650374564119918,0.0255384549138259,0.0392156862745098,0.173221412733608,0.00054091215133667,0.000576928103132603,0.0485675623179552,0.0237854010450853,0.0444692619621021,0.0692265146869397,0.0892831740224185,0.123837277757726
"163",0.198874458409169,0.109704372617007,0.0287787742929773,0.0392156862745098,0.0664285714285714,0.268164575099945,0.193683923685705,0.0652896072585764,0.0329565817839684,0.0778079153857816,0.08579721126969,0.115211920452997,0.123837277757726
"164",0.197109115247368,0.000149947803082649,0.00033638327130483,0.0392156862745098,0.255451559934319,0.00171852111816406,0.000477794836725009,0.0847120782980176,0.0744172854607454,0.107112884310083,0.1120013124504,0.131237323067457,0.190567509647714
"165",0.141187600214538,0.00374168199606986,0.00554309373361996,0.285714285714286,0.0577372742200329,0.000209033489227295,2.36684962706446e-05,0.0505440659126416,0.0125775720650385,0.0550917097154405,0.0723426964944232,0.0988706263611909,0.123837277757726
"166",0.285614134788738,0.00557064903148868,0.0128055567491109,0.0392156862745098,0.210237274220033,0.0364262461662292,0.00123336639123533,0.077959350246025,0.0663045582149931,0.0778079153857816,0.0756375182106028,0.115211920452997,0.137520058392357
"167",0.141187600214538,0.000892234184983838,0.00258207238017711,0.0392156862745098,0.0397482137309723,0.00221890211105347,0.00011327927958361,0.0260114933110211,0.0179085477328187,0.0444692619621021,0.0458151756521238,0.0892831740224185,0.123837277757726
"168",0.197258542401556,0.0502258661566416,0.0649392151715677,0.0392156862745098,0.073991341991342,0.00112372636795044,0.000927796498065428,0.0798664681130492,0.0246506906515816,0.0444692619621021,0.10136715245419,0.0892831740224185,0.123837277757726
"169",0.873392982588588,0.994419627197564,0.995504048216024,0.87962962962963,0.896333333333333,0.995343234855682,0.999958737740468,0.956239506983099,0.952812530601549,0.933953528571017,0.940452466406789,0.878110641312278,0.822077740495511
"170",0.665652859178567,0.602850032133512,0.877766426566009,0.87962962962963,0.450851540616246,0.0773891806602478,0.0217346285730556,0.501924048507922,0.390800417043682,0.444019342028938,0.480682424095864,0.484030658975173,0.580242563303801
"171",0.16873084428607,0.214580336120523,0.0113160974602237,0.0392156862745098,0.16006267104543,0.0186507105827332,0.0222398896001141,0.147380655826862,0.298321983603639,0.107112884310083,0.154425366375862,0.131237323067457,0.159359648108126
"172",0.141213036703885,0.0013562683844503,0.00311594503645372,0.0392156862745098,0.0201538461538462,0.000178039073944092,9.38999554797112e-06,0.0476749230075139,0.017594505325945,0.0444692619621021,0.0480595881627939,0.0892831740224185,0.123837277757726
"173",0.141200317980605,2.22044604925031e-16,0.00608655469986395,0.0392156862745098,0.0433333333333333,0.00351911783218384,0.00189907974334395,0.0322713801316519,0.0128391937663059,0.0444692619621021,0.0458151756521238,0.0892831740224185,0.123837277757726
"174",0.805894590733605,0.985347143226496,0.965054229645297,0.87962962962963,0.918170868347339,0.985345106571913,0.999870752011005,0.906094758445817,0.956909966412507,0.936672578098056,0.857911429383519,0.8891036759208,0.825775347271047
"175",0.665652859178567,0.590824639211503,0.902609511045928,0.87962962962963,0.57603046953047,0.864601358771324,0.41612666581703,0.65747170796737,0.784391239984932,0.79109184951944,0.692683089834987,0.761016799338861,0.69543546825032
"176",0.677561673528544,0.854093014784042,0.967535172713331,0.87962962962963,0.50331299402352,0.823562234640121,0.621542221899013,0.807504620743623,0.611226741440359,0.776016494800186,0.726594734715582,0.703266969755568,0.614483426312053
"177",0.544828859262941,0.0394641810899624,0.775326685384861,0.791666666666667,0.557255967604433,0.761403068900108,0.916433436611296,0.656370962585731,0.498683772046249,0.717971965598939,0.656505937512257,0.659880520269223,0.460002940527255
"178",0.711891686110238,0.985003716317606,0.99041204272297,0.87962962962963,0.704642857142857,0.987705654464662,0.992342475496069,0.850910700217233,0.892095877244075,0.780927704907099,0.864714524702516,0.778909046037937,0.625741900951058
"179",0.141187600214538,0.0422840662121275,0.00306135943061266,0.0392156862745098,0.338376675955623,0.526230931282043,0.202346734064862,0.146853485445499,0.565687171676987,0.420820608297622,0.197771115117035,0.354124991591587,0.40207798546045
"180",0.763221414408207,0.996788153308356,0.987485688960734,0.87962962962963,0.988421052631579,0.999359435518272,0.999994290915408,0.97538687491504,0.977393889589012,0.947855447703448,0.964616980723702,0.902273846325451,0.862789338894849
"181",0.15179238663555,0.137059815790596,0.0243744749143068,0.0392156862745098,0.183878928089454,0.00406408309936523,0.000254103320123162,0.17792385904,0.274085441128856,0.0444692619621021,0.236299208320656,0.0892831740224185,0.159359648108126
"182",0.141846089091879,0.0558447008696038,0.0410605913923956,0.0392156862745098,0.22884350132626,0.00121265649795532,0.000284245796482811,0.0565509212628002,0.0225038210561696,0.0444692619621021,0.0645633406079549,0.0892831740224185,0.137934479090999
"183",0.205880711015505,0.0345021341853814,0.0238664701069637,0.0392156862745098,0.151666666666667,0.00705122947692871,7.31282074059611e-05,0.0695252589981188,0.0391924448293712,0.0444692619621021,0.0624236649568128,0.0892831740224185,0.137520058392357
"184",0.205777845006178,0.00894275586776277,0.0497412069295209,0.0392156862745098,0.124371473354232,0.00045931339263916,1.83009129229623e-06,0.0338353807195427,0.0205430822027829,0.0444692619621021,0.0458151756521238,0.0892831740224185,0.123837277757726
"185",0.141200317980605,0.0434448195410887,0.0160730347653418,0.0392156862745098,0.271315015393963,0.0274677276611328,0.0273484954039372,0.155922153484496,0.404318066184742,0.338517094183179,0.234143420994817,0.355751565896211,0.312914334404219
"186",0.64120272165477,0.297768143060731,0.802335049974851,0.87962962962963,0.37483506689389,0.240167438983917,0.00595236584369628,0.450019331822235,0.425662317758022,0.517547690516634,0.436065483705191,0.572594471806434,0.614233021239639
"187",0.667869789497912,0.834668142327011,0.80741179114723,0.87962962962963,0.765794197031039,0.996310994261876,0.999393449670336,0.902779323648308,0.95974769052664,0.920040771391389,0.813744176928767,0.862181488864391,0.823577812131629
"188",0.141187600214538,0.00451250111038754,0.00438236054474248,0.0392156862745098,0.0319109996283909,0.00139230489730835,0.000323893857546539,0.0322713801316519,0.0106416195651353,0.0444692619621021,0.0458151756521238,0.0892831740224185,0.123837277757726
"189",0.689244339121354,2.22044604925031e-16,0.303452718076021,0.87962962962963,0.939,0.998420364689082,0.999269272139904,0.954564679728716,0.911707822791226,0.896994697526508,0.928517548888167,0.844990518605021,0.774370659545863
"190",0.141187600214538,0.00425194491381151,0.00445945471170551,0.0392156862745098,0.0170571765399352,5.11407852172852e-05,1.31424186593175e-05,0.031622106019512,0.0106416195651353,0.0444692619621021,0.0458151756521238,0.0892831740224185,0.123837277757726
"191",0.141187600214538,6.29348526338015e-11,0.00406326646093116,0.0392156862745098,0.0108411703239289,0.000121831893920898,1.16288304366926e-06,0.0265487269700244,0.0158539940935082,0.0444692619621021,0.0458151756521238,0.0892831740224185,0.123837277757726
"192",0.787261439507009,2.22044604925031e-16,0.959776533327117,0.87962962962963,0.601388888888889,0.811059385538101,0.7868851814318,0.877021408576248,0.797705279653361,0.783286200965697,0.820204439413375,0.743692680216567,0.768397743717208
"193",0.785558232869187,0.998480301141608,0.870567631305366,0.87962962962963,0.738271196283391,0.993935405276716,0.998765440686521,0.892892395825192,0.843292110608714,0.916745701870155,0.883189384082081,0.848806984084903,0.670626812046458
"194",0.141187600214538,0.214327452868916,0.0158166310299772,0.285714285714286,0.218844322344322,0.00334358215332031,0.0048049094038706,0.153175409794314,0.0849275708952888,0.0550917097154405,0.143471695753775,0.0988706263611909,0.137520058392357
"195",0.710449159672147,0.999991431861891,0.986871161782388,0.384615384615385,0.71006267104543,0.974895149469376,0.987490596746562,0.706849217461124,0.805001886624466,0.82071997501067,0.73767167551702,0.740494594782276,0.626344957103413
"196",0.707833570168086,0.788311947101524,0.907848554585646,0.87962962962963,0.802970460911637,0.988621895201504,0.997548229835956,0.858685408163656,0.90623843762121,0.826584984682058,0.816722575792318,0.794581090025962,0.813763007567152
"197",0.142630773919467,0.0156187753095168,0.00233702669132365,0.0392156862745098,0.206053155361689,0.528813749551773,0.18797459674013,0.0814051982614559,0.193510423739114,0.338517094183179,0.115150496954416,0.354124991591587,0.287599613144759
"198",0.544828859262941,0.105217591000771,0.780419844257195,0.384615384615385,0.353881080293187,0.01222825050354,0.0169416241024774,0.602975737195387,0.434943049689135,0.610958403293293,0.6079564183577,0.635023403772502,0.477782685169578
"199",0.555211668188714,0.245065457585983,0.428328468353121,0.384615384615385,0.515765660809778,0.42914879322052,0.184762909040982,0.526717566271159,0.522291307028022,0.823313324009557,0.628239813305793,0.740494594782276,0.523331724044332
"200",0.662430130022684,0.984589303205372,0.957409049864374,0.87962962962963,0.852896143072614,0.989031570032239,0.998878516175434,0.840169881647193,0.943540061513504,0.916745701870155,0.851683823719095,0.848806984084903,0.804491341658289
"201",0.704528676543671,0.851416849640494,0.777542246935063,0.87962962962963,0.735576391088586,0.957869209349155,0.996556018473454,0.886810595668596,0.90625621192277,0.916745701870155,0.83454857943565,0.848806984084903,0.726892225027895
"202",0.544828859262941,0.540888385967611,0.841751416981435,0.384615384615385,0.561700133342077,0.588733404874802,0.622801965753155,0.524991952572303,0.585538731742027,0.543794984853259,0.46270842441035,0.457088268351633,0.502154160850958
"203",0.764448691536545,0.924553740695981,0.909904231123203,0.87962962962963,0.883241784518686,0.995866917073727,0.999093999897474,0.968739163528259,0.952765175438272,0.916745701870155,0.945475048379163,0.848806984084903,0.839508902679157
"204",0.141187600214538,0.000952083755426038,0.00303291468512668,0.0392156862745098,0.00142307692307692,0.000978946685791016,1.01424058675022e-06,0.0576815527835089,0.0215740731571051,0.0444692619621021,0.0480595881627939,0.0892831740224185,0.123837277757726
"205",0.550025711158042,0.2708036210609,0.514751595644647,0.384615384615385,0.33062868928059,0.363361716270447,0.227356894318819,0.474869824555827,0.50039307475453,0.369807506284932,0.451775719550571,0.422629298989998,0.573360984908689
"206",0.141187600214538,0.0242369503598997,0.0151152439129549,0.0392156862745098,0.187669494248442,0.00978010892868042,0.00581908454046386,0.142371711353288,0.0701261439002289,0.0778079153857816,0.180650078026642,0.115211920452997,0.123837277757726
"207",0.653529118973691,0.910047350948049,0.952734961361077,0.87962962962963,0.569339173726171,0.994618888944387,0.986494743847003,0.929326166154114,0.792584958611135,0.756810015909558,0.933628611686585,0.768449472859318,0.620776986428337
"208",0.141187600214538,0.0216978534528355,0.00648967366555793,0.285714285714286,0.184205433455433,0.0216213464736938,0.00299007055332241,0.0777759750159897,0.0551886314029818,0.130653068794049,0.0975842170389025,0.14461453719873,0.129253810147032
"209",0.544828859262941,0.33511324333344,0.590760641587115,0.384615384615385,0.359659840301784,0.614410191774368,0.344442982545852,0.403165411399493,0.471457950063411,0.483572653222166,0.389058452049659,0.447162251280026,0.502154160850958
"210",0.544828859262941,0.412556865829318,0.373934855658225,0.384615384615385,0.34843487394958,0.714446663856506,0.441843154903252,0.539451324207111,0.6867874197335,0.607023724109421,0.40105037184374,0.441820085393257,0.478653432277357
"211",0.544828859262941,0.811643544334312,0.847642292978076,0.384615384615385,0.563097998619738,0.934730835258961,0.985423889762974,0.524991952572303,0.451096693193783,0.495953440673811,0.516438744531134,0.457088268351633,0.418199630720141
"212",0.228936730863149,0.197059608198446,0.0934320358153104,0.0392156862745098,0.140022988505747,0.00965774059295654,0.00293852377523696,0.153637640178127,0.255540243856449,0.107112884310083,0.154425366375862,0.131237323067457,0.159359648108126
"213",0.544828859262941,0.427485473483762,0.397887092918424,0.384615384615385,0.264138807696992,0.168098211288452,0.0494238950089188,0.539451324207111,0.593928401852651,0.423259853537784,0.40105037184374,0.417358958109306,0.562883853860397
"214",0.20858209461532,0.012743352116624,0.00411675189263677,0.0392156862745098,0.142928571428571,0.271272540092468,0.0227622723163233,0.381303472568845,0.545327432231385,0.107112884310083,0.26673915963653,0.131237323067457,0.231163219767303
"215",0.544828859262941,0.792037233615421,0.754687919187244,0.791666666666667,0.680459534426926,0.987025424838066,0.997712067853667,0.727369747280007,0.853869599331668,0.677565769771424,0.747509223050377,0.659880520269223,0.658381878958865
"216",0.748222245844293,0.946987610788948,0.975312996533782,0.87962962962963,0.881428571428571,0.997034342726693,0.999227017963282,0.945905405615945,0.970247705679119,0.936672578098056,0.924721174133334,0.89299361461952,0.831833825813539
"217",0.197241935165905,0.00943063125836602,0.0221521907086869,0.0392156862745098,0.239575630252101,0.0309077501296997,0.00155090796042552,0.0587499924177894,0.104552813264952,0.134556743784848,0.0692265146869397,0.21129178850208,0.190251965489423
"218",0.544828859262941,0.314753127477224,0.850253384689359,0.384615384615385,0.564257590345186,0.508392125368118,0.167049483857802,0.460946478782177,0.282825692063302,0.422008898114445,0.441260193633934,0.422629298989998,0.447823363307172
"219",0.780301527521903,0.876915468432775,0.956848446483082,0.87962962962963,0.8175,0.988201009109616,0.999664830646533,0.932144340631377,0.847071598043775,0.906666802287669,0.917270667785216,0.857429837586166,0.733399804500443
"220",0.544828859262941,0.926561795321639,0.85931608668601,0.384615384615385,0.683176341774168,0.826648443937302,0.954300090160688,0.524991952572303,0.637762014917763,0.562279620439281,0.516438744531134,0.45172441354124,0.592284064466636
"221",0.141391199358563,0.105307596549111,0.0176469093593553,0.0392156862745098,0.194761904761905,0.00448095798492432,0.0136551812099773,0.0651347891469319,0.0726750659635401,0.0444692619621021,0.0624236649568128,0.0892831740224185,0.137520058392357
"222",0.66630612741237,0.816597834268309,0.90469696366633,0.87962962962963,0.781398180410375,0.969786578789353,0.99957880884632,0.876018121352645,0.854732387368644,0.844420925030121,0.86426913428226,0.831287719575158,0.68943158789932
"223",0.778586268793428,0.999575757705407,0.988562408802978,0.87962962962963,0.925902255639098,0.999256483861245,0.99998937036141,0.97538687491504,0.970812633384966,0.947855447703448,0.964616980723702,0.902273846325451,0.862789338894849
"224",0.679097994578857,0.956929870906428,0.96893357902631,0.87962962962963,0.860148697535694,0.999450655363034,0.999914055429001,0.954110933721934,0.977393889589012,0.947855447703448,0.95178572428179,0.89868299035984,0.862789338894849
"225",0.205777845006178,0.000555903161674999,0.0123519536733816,0.0392156862745098,0.0825078369905956,0.000594615936279297,1.30344419478281e-05,0.0564606095545284,0.0247575955756699,0.0444692619621021,0.0624236649568128,0.0892831740224185,0.137520058392357
"226",0.141187600214538,0.0722402516401244,0.0256674418373718,0.0392156862745098,0.107997347480106,0.0183337330818176,0.000762750991776805,0.143184264498494,0.116581399486935,0.0778079153857816,0.211778640880948,0.115211920452997,0.215051746225038
"227",0.141187600214538,0.0116128729653091,0.00386182617003477,0.285714285714286,0.0991988126815713,0.00241732597351074,0.00780103465980901,0.107987570419091,0.0564660444404956,0.0955972890706864,0.132265814609078,0.127194799936948,0.123837277757726
"228",0.197092517503249,0.00269340572368848,0.0112674522783645,0.0392156862745098,0.196580086580087,0.00227171182632446,0.0052224158691389,0.0695252589981188,0.0391924448293712,0.0444692619621021,0.0624236649568128,0.0892831740224185,0.137520058392357
"229",0.80257877081917,0.817821412118047,0.907598197743693,0.87962962962963,0.833049019607843,0.980651734396815,0.998261328167164,0.825783493462122,0.887067901260495,0.88769723071545,0.762065958464784,0.83929263766419,0.701068897423866
"230",0.777574502329911,0.979849552106798,0.949383367555067,0.87962962962963,0.741333333333333,0.983095431700349,0.999507024645923,0.881198877162059,0.876706263328166,0.88313771266268,0.86528710037463,0.824337445234089,0.738025605744213
"231",0.678594949966208,0.582237308141075,0.723360807146318,0.87962962962963,0.761119047619048,0.996860147453845,0.911344313005406,0.840169881647193,0.887067901260495,0.936672578098056,0.822393204144225,0.8891036759208,0.701068897423866
"232",0.747334704545681,0.999102396154407,0.989235432852346,0.87962962962963,0.965187969924812,0.996440073242411,0.99848327127978,0.909248538663838,0.956909966412507,0.936672578098056,0.897353143461004,0.89299361461952,0.825775347271047
"233",0.141200317980605,0.000265872721912134,0.00193888705592369,0.0392156862745098,0.0331020368194281,0.00595694780349731,8.1865005930452e-05,0.0265487269700244,0.0179085477328187,0.0444692619621021,0.0458151756521238,0.0892831740224185,0.123837277757726
"234",0.141187600214538,0.00169915478149447,0.00227392554940708,0.0392156862745098,0.000843501326259947,0.000238120555877686,2.58249798844171e-05,0.031622106019512,0.0106416195651353,0.0444692619621021,0.0458151756521238,0.0892831740224185,0.123837277757726
"235",0.545427016155865,0.178324322604055,0.41920369138166,0.384615384615385,0.214647988505747,0.0104125738143921,0.00427980321263908,0.336592837590829,0.176787054428903,0.306321345163509,0.347259203196534,0.415445181948756,0.43355260823203
"236",0.720424791759096,0.973185043779461,0.863476383841346,0.87962962962963,0.812813213090114,0.997696876293048,0.999573902919682,0.886810595668596,0.943540061513504,0.916745701870155,0.83454857943565,0.848806984084903,0.804491341658289
"237",0.25205299738038,1,0.999999999999998,0.285714285714286,0.374984126984127,0.254428207874298,0.118215986348858,0.669998643847657,0.42143146896514,0.154491276235034,0.593376059461841,0.160964879515558,0.231163219767303
"238",0.141187600214538,0.0157593422544285,0.00892656277298512,0.0392156862745098,0.0252879457707044,0.00157678127288818,1.97456877756793e-05,0.0427460047462363,0.0283705900270944,0.0444692619621021,0.0624236649568128,0.0892831740224185,0.137520058392357
"239",0.80812044362124,0.990161331682043,0.956986367552692,0.87962962962963,0.931,0.993812483735383,0.99976557967438,0.886810595668596,0.885458514385703,0.936672578098056,0.83454857943565,0.8891036759208,0.738025605744213
"240",0.665652859178567,2.22044604925031e-16,0.237958077851388,0.87962962962963,0.906428571428571,0.996607167413458,0.996308729883826,0.874437897394542,0.930664385244131,0.896994697526508,0.884018485406727,0.844990518605021,0.774370659545863
"241",0.67687994690559,0.959028942682697,0.91357546075377,0.87962962962963,0.756467532467533,0.973955454304814,0.999647043360603,0.840169881647193,0.857069727975442,0.947855447703448,0.822393204144225,0.89868299035984,0.602693135821
"242",0.141187600214538,0.00928034612921633,0.00629714075923792,0.285714285714286,0.110357142857143,0.0018126368522644,7.92490026897372e-05,0.0623301018091069,0.0211382738657475,0.0550917097154405,0.0723426964944232,0.0988706263611909,0.123837277757726
"243",0.141353005846957,0.00874478333254544,0.00474756779497511,0.0392156862745098,0.0937848932676519,0.0073578953742981,0.0116454531688266,0.0638679665563036,0.0642553899342068,0.107112884310083,0.0624236649568128,0.131237323067457,0.143437087145568
"244",0.142041808762181,0.00821465227837181,0.00998485106758972,0.0392156862745098,0.2,0.00295549631118774,0.0179648819240184,0.046402181827047,0.0323807397553033,0.107112884310083,0.0624236649568128,0.131237323067457,0.129253810147032
"245",0.141187600214538,0.00491149687296891,0.00827792438473473,0.0392156862745098,0.05,0.000406801700592041,1.12797027140696e-05,0.092905095868405,0.0414795519540788,0.0444692619621021,0.0654259129217748,0.0892831740224185,0.137520058392357
"246",0.646829189447458,0.938855284404082,0.956348712218002,0.87962962962963,0.763335664335664,0.941848833113909,0.967677274979481,0.715355728762265,0.774174989402369,0.816208451084067,0.774490206153,0.816662087573245,0.736657090594771
"247",0.677561673528544,0.209376360040557,0.770712044497891,0.87962962962963,0.43546336996337,0.670151025056839,0.978360641265306,0.649271805457112,0.61985131549366,0.706477061648323,0.606231996255891,0.696026007555418,0.514051370209296
"248",0.64120272165477,0.973994564492929,0.984357586444923,0.87962962962963,0.640655502392345,0.96365263313055,0.998901388083979,0.850831132300188,0.921031202324267,0.856892160816635,0.864816669020085,0.839668860514627,0.75347174674682
"249",0.827549306777115,0.999960339768161,0.986430329572131,0.87962962962963,0.818857142857143,0.995427095331252,0.999861910021682,0.906094758445817,0.877095211179431,0.916745701870155,0.857911429383519,0.848806984084903,0.721569868299379
"250",0.665305721237729,0.929515454892422,0.961243874901837,0.87962962962963,0.759372294372294,0.95956339687109,0.986255270998706,0.730064067378356,0.907302677485437,0.878522683329725,0.784772002917815,0.801816868719728,0.740737753798597
"251",0.686728735439775,0.986172788424755,0.927671712357449,0.87962962962963,0.972140350877193,0.999704201443819,0.999990681567598,0.955730891978776,0.972793502029074,0.947855447703448,0.954352983559898,0.902273846325451,0.862789338894849
"252",0.70154078431694,0.967318948226474,0.994475592829308,0.87962962962963,0.716780564263323,0.36868417263031,0.784128146000184,0.877021408576248,0.774965989311713,0.779158950677348,0.83413275152259,0.778909046037937,0.64843531933348
"253",0.141187600214538,0.00314024296496084,0.00268256324268198,0.0392156862745098,0.0208435013262599,0.00180882215499878,6.17434968146101e-05,0.0425403997117186,0.0609994035888582,0.107112884310083,0.0624236649568128,0.131237323067457,0.129253810147032
"254",0.544828859262941,0.89564271654319,0.770583202847761,0.384615384615385,0.464660029229083,0.363300979137421,0.652019199811162,0.469361386390148,0.485926648219486,0.492867917258564,0.46270842441035,0.482254382737075,0.418199630720141
"255",0.142297630827069,0.000836290170975831,0.00147444161379493,0.0392156862745098,0.0125078369905956,0.000274717807769775,4.29994620335758e-05,0.0260114933110211,0.0106416195651353,0.0444692619621021,0.0458151756521238,0.0892831740224185,0.123837277757726
"256",0.141187600214538,0.0199688074490359,0.0107364114876949,0.285714285714286,0.074479242979243,0.000633776187896729,0.000116597118654183,0.0472913234396591,0.0355046390971396,0.0550917097154405,0.0723426964944232,0.0988706263611909,0.123837277757726
"257",0.643612058108778,0.49816446978654,0.909561083247663,0.87962962962963,0.440933137180602,0.0251429080963135,0.0698795406803835,0.496675346840674,0.601658011001115,0.444019342028938,0.480682424095864,0.482064108785745,0.614233021239639
"258",0.742519994233942,0.98032088730919,0.976511057832438,0.87962962962963,0.901800904977376,0.992559819016606,0.999917698800049,0.943946986441395,0.953963423605867,0.936672578098056,0.903406422242277,0.8891036759208,0.761874909461849
"259",0.141187600214538,0.0011311722226487,0.0033238847929487,0.0392156862745098,0.0175229885057471,0.000689148902893066,1.53652011714673e-05,0.0467307071604621,0.0159933295641783,0.0444692619621021,0.0480595881627939,0.0892831740224185,0.123837277757726
"260",0.141187600214538,0.0131924636634665,0.0035411250263221,0.0392156862745098,0.0458188153310105,0.00488656759262085,0.000384913096296592,0.054999751891659,0.017594505325945,0.0444692619621021,0.0692265146869397,0.0892831740224185,0.123837277757726
"261",0.672618689791075,0.992030400632621,0.981752574911152,0.87962962962963,0.889240975742524,0.993157586548477,0.999730332826123,0.654783886442634,0.931219640645902,0.812139689039121,0.708633461863028,0.794581090025962,0.825775347271047
"262",0.141187600214538,0.00276733828189763,0.00627430348806802,0.0392156862745098,0.0883333333333333,0.00394058227539062,0.000731693762119453,0.0946896131185262,0.0297824732652843,0.0444692619621021,0.0654259129217748,0.0892831740224185,0.137520058392357
"263",0.141225756384416,0.000223209062373326,0.00259251428752847,0.0392156862745098,0.023414880397639,0.00104260444641113,0.000143126372335101,0.031622106019512,0.0179085477328187,0.0444692619621021,0.0458151756521238,0.0892831740224185,0.123837277757726
"264",0.141187600214538,0.00161775604833711,0.00196639527500773,0.0392156862745098,0.0264285714285714,0.00165104866027832,1.94821628029465e-05,0.0476749230075139,0.0215740731571051,0.0444692619621021,0.0480595881627939,0.0892831740224185,0.123837277757726
"265",0.544828859262941,0.653846048266735,0.771589272648136,0.791666666666667,0.518831332885681,0.605756849050522,0.91308629024802,0.457358182405188,0.616621156656558,0.562293229323364,0.46270842441035,0.446771284152715,0.474415150080543
"266",0.690545763285564,0.778584940670105,0.965403769519371,0.87962962962963,0.905980392156863,0.99811872409191,0.998261394502601,0.928616038117362,0.908326841338875,0.896994697526508,0.908170973385948,0.839668860514627,0.774370659545863
"267",0.803190672191619,0.999999925462182,0.994555348571097,0.87962962962963,0.699671232418697,0.998225318267941,0.963884994935703,0.881476372717334,0.844761743493596,0.854749328616317,0.850783818502941,0.785267405297825,0.721569868299379
"268",0.64120272165477,0.0628752612477818,0.910563354764958,0.87962962962963,0.596785714285714,0.73090848326683,0.91845637204217,0.747079364205276,0.732458574870585,0.823128136377398,0.728028526142708,0.778909046037937,0.674390545462792
"269",0.550025711158042,0.126641153185998,0.392348780658658,0.384615384615385,0.321691068078263,0.344991981983185,0.164109397541865,0.3412969560772,0.325159481568108,0.369807506284932,0.347259203196534,0.417358958109306,0.447823363307172
"270",0.197175516769719,0.0199150057239831,0.0276282298349025,0.0392156862745098,0.294285714285714,0.0425939559936523,0.0251974264503234,0.0945032228685744,0.0888301997400612,0.0444692619621021,0.0934903275377353,0.0892831740224185,0.137520058392357
"271",0.880834751840715,0.999999996429116,0.997783160776049,0.87962962962963,0.889056910569106,0.993891831487417,0.99984155139538,0.968739163528259,0.919159893649605,0.916745701870155,0.945475048379163,0.848806984084903,0.831553389369636
"272",0.754098147028632,0.913101852080751,0.979832793619106,0.87962962962963,0.860762142913846,0.993329722899944,0.979437989079374,0.942044744032752,0.90330296248094,0.896994697526508,0.908170973385948,0.839668860514627,0.774370659545863
"273",0.141187600214538,0.0317180793063917,0.0330190290215212,0.0392156862745098,0.126189655172414,0.00375699996948242,0.00038891116862691,0.124609292337076,0.1801171095129,0.107112884310083,0.160094489658256,0.131237323067457,0.223440473785381
"274",0.665652859178567,0.988896738594649,0.985718006015059,0.87962962962963,0.909204260651629,0.999294818204362,0.999900733088951,0.896927294017267,0.930664385244131,0.896994697526508,0.904328276997291,0.844990518605021,0.774370659545863
"275",0.544828859262941,0.397346382033767,0.754306421420473,0.384615384615385,0.337709105046701,0.0742484331130981,0.0151519461237926,0.312452990831787,0.267442111380424,0.355836479801334,0.347259203196534,0.447461860649068,0.43355260823203
"276",0.197092517503249,0.0655858924921557,0.0604300999369383,0.0392156862745098,0.0856493506493507,0.00206363201141357,0.000187290921072178,0.0457011126715786,0.0474142186073027,0.0444692619621021,0.0624236649568128,0.0892831740224185,0.137520058392357
"277",0.552620120695683,0.727486819897575,0.598505928983215,0.791666666666667,0.443788544755936,0.967881586402655,0.918210497688334,0.83968739590177,0.64456441691717,0.654997549382138,0.715362865456214,0.603661346087547,0.672417710750501
"278",0.787129175596617,0.996986192159426,0.992872208491519,0.87962962962963,0.886266106442577,0.997125607216731,0.999835896030548,0.906094758445817,0.943540061513504,0.916745701870155,0.86938385012033,0.848806984084903,0.804491341658289
"279",0.141187600214538,0.109596137259962,0.0143296437278866,0.0392156862745098,0.209547619047619,0.0756836533546448,0.0264513842885265,0.0886857527018619,0.0814835110776261,0.0444692619621021,0.0934903275377353,0.0892831740224185,0.137520058392357
"280",0.653529118973691,0.66829241076942,0.957958549976847,0.87962962962963,0.533101770778241,0.505665123462677,0.926921722838266,0.748157576288595,0.632382924446826,0.59910029927957,0.764305452828498,0.590188493201461,0.675084137286886
"281",0.141200317980605,0.0455868981328418,0.0180322904059033,0.0392156862745098,0.0914039408866995,0.00140362977981567,0.00216543335545179,0.0947110264709713,0.0547560512316112,0.0444692619621021,0.120849144765765,0.0892831740224185,0.215051746225038
"282",0.596883965920393,0.995911714705449,0.946713587420809,0.791666666666667,0.865607142857143,0.993615709245205,0.999974202496137,0.910015318388498,0.935398596194668,0.851336969879578,0.89035966084902,0.766682317242378,0.779299296644216
"283",0.768127678647312,0.967018815696408,0.951759861634923,0.87962962962963,0.86490034491254,0.977481098845601,0.99942045253561,0.944625889621521,0.930110247234987,0.84322073819077,0.915622267188743,0.702871017011698,0.774370659545863
"284",0.643371448936482,0.993406892398436,0.971228498003658,0.87962962962963,0.544137254901961,0.198392391204834,0.423276530347668,0.614447160617376,0.565155567874563,0.625342388994995,0.599326542459508,0.604556701967549,0.619667611114733
"285",0.14169295649557,0.0213488836968994,0.0410753756026814,0.0392156862745098,0.275118226600985,0.000111222267150879,2.04597770082696e-05,0.0467307071604621,0.0270839693547536,0.0444692619621021,0.0645633406079549,0.0892831740224185,0.137934479090999
"286",0.147679873193421,0.200456973084373,0.0696137517538157,0.0392156862745098,0.183746753246753,0.0680111646652222,6.07043722998476e-05,0.249742900574271,0.1873379474111,0.0444692619621021,0.273812383349878,0.0892831740224185,0.215051746225038
"287",0.154389617357243,0.00384145905192784,0.00401171573481969,0.0392156862745098,0.137206349206349,0.0242726802825928,0.000108722564174635,0.0923459721085853,0.21409636158597,0.0444692619621021,0.116377183077683,0.0892831740224185,0.159359648108126
"288",0.80771569103355,0.916489154211857,0.918054232542367,0.87962962962963,0.868935698447894,0.989168188534677,0.999289173523127,0.93185143354345,0.940128202993526,0.936672578098056,0.88653471424197,0.8891036759208,0.761874909461849
"289",0.544828859262941,0.525932651626701,0.535091390538813,0.791666666666667,0.604866620183163,0.722629815340042,0.949712655259817,0.455573375569336,0.549302463306445,0.529738924833205,0.411328644852136,0.421947780364958,0.474415150080543
"290",0.550025711158042,0.339396392801117,0.760710661159927,0.384615384615385,0.413517273576097,0.433298945426941,0.0245235078759094,0.406297595250661,0.332552932105661,0.369807506284932,0.389058452049659,0.422629298989998,0.447823363307172
"291",0.763973719947598,0.972625963436149,0.966234414487425,0.87962962962963,0.892372843874392,0.99693643162027,0.956329203496079,0.943864077852442,0.948426681032904,0.896994697526508,0.928517548888167,0.844990518605021,0.774370659545863
"292",0.154389617357243,0.0826710598869765,0.00689028189893959,0.0392156862745098,0.124618226600985,0.0457344055175781,0.0065038301348035,0.237049453031071,0.138442630752159,0.0444692619621021,0.16109215151807,0.0892831740224185,0.159359648108126
"293",0.561393058279034,0.816175329594153,0.895487920747689,0.791666666666667,0.79723973395026,0.955966681241989,0.981960397049116,0.912625690273811,0.935398596194668,0.851336969879578,0.881615138326303,0.759437617060303,0.779299296644216
"294",0.761150362460144,0.993333985090021,0.995075828365329,0.87962962962963,0.934016290726817,0.998745625955053,0.999910471747621,0.955730891978776,0.977393889589012,0.947855447703448,0.962863733018981,0.902273846325451,0.862789338894849
"295",0.141187600214538,0.00234507936659975,0.00239044415997524,0.0392156862745098,0.234852816931764,0.193734645843506,0.194513649676582,0.0662671499617882,0.258871027786087,0.338517094183179,0.115150496954416,0.355751565896211,0.312914334404219
"296",0.141187600214538,0.000206795874668623,0.00167860326280654,0.285714285714286,0.154642857142857,0.00626254081726074,0.000866650517609975,0.102153074820601,0.0687372837628188,0.163027035768711,0.0757834376370684,0.230662517349111,0.190251965489423
"297",0.82628643698832,0.824613130331482,0.950991691607448,0.87962962962963,0.946792841305036,0.995837362483144,0.999741002831978,0.93185143354345,0.964468636379086,0.936672578098056,0.88653471424197,0.8891036759208,0.831833825813539
"298",0.141824661850339,0.0107744014445837,0.0134932669539123,0.0392156862745098,0.0733333333333333,0.00097203254699707,0.000257155507989513,0.0284173291916076,0.0147391655482064,0.0444692619621021,0.0458151756521238,0.0892831740224185,0.123837277757726
"299",0.601367724438868,0.989800298358412,0.901964266264106,0.384615384615385,0.770143042947391,0.99091992340982,0.99975669578182,0.89868204780561,0.928037402056375,0.851336969879578,0.89035966084902,0.766682317242378,0.735286985971646
"300",0.803686666233854,0.995555020494547,0.948532551029824,0.87962962962963,0.956935698447894,0.993011816870421,0.999731310820163,0.968739163528259,0.956231184886269,0.936672578098056,0.945475048379163,0.8891036759208,0.823577812131629
"301",0.544828859262941,0.395897964368077,0.470951952784168,0.791666666666667,0.329071428571429,0.685368061065674,0.709083132330382,0.638046675618395,0.377519030419466,0.657031335053649,0.553859799256428,0.650829872940762,0.43355260823203
"302",0.141187600214538,0.00212283313119982,0.0034740628436681,0.285714285714286,0.0855214622542209,0.00848847627639771,0.000625035496027174,0.0762833527497731,0.0460808340960251,0.130653068794049,0.0975842170389025,0.14461453719873,0.129253810147032
"303",0.721118579240216,0.909442464290016,0.851205963948487,0.87962962962963,0.787475369458128,0.99016136303544,0.994730627060741,0.850195322248718,0.86807528802328,0.854749328616317,0.760632925279103,0.785267405297825,0.721569868299379
"304",0.197241935165905,0.0560775922043624,0.0422140455476514,0.0392156862745098,0.087257448433919,0.00614690780639648,0.00563597476795701,0.0587499924177894,0.0194915915154712,0.0444692619621021,0.0692265146869397,0.0892831740224185,0.123837277757726
"305",0.654613102369793,0.971284851528873,0.986254329600724,0.87962962962963,0.717841816078658,0.86965474486351,0.260129388802765,0.725804490014847,0.753514289938553,0.762079154964252,0.708161925565316,0.694434619451511,0.64843531933348
"306",0.200057617668581,0.00561432910828683,0.00253416233785278,0.0392156862745098,0.213261904761905,0.0718773603439331,0.0116889926024958,0.381303472568845,0.414336060075189,0.107112884310083,0.26673915963653,0.131237323067457,0.231163219767303
"307",0.689808634643799,0.983295949909449,0.982954921134092,0.87962962962963,0.893206766917293,0.995784560218453,0.999932391062763,0.970068617522156,0.961554835179845,0.947855447703448,0.964616980723702,0.902273846325451,0.802653069074034
"308",0.141200317980605,0.00219436443116607,0.00420904211196551,0.0392156862745098,0.0101538461538462,6.58035278320312e-05,3.9912860499588e-06,0.0265487269700244,0.0128391937663059,0.0444692619621021,0.0458151756521238,0.0892831740224185,0.123837277757726
"309",0.544828859262941,0.21207497367978,0.868288789428574,0.791666666666667,0.467692810457516,0.88578300178051,0.599845889704258,0.74129421023078,0.789684795884051,0.697787174250992,0.68644343356587,0.650829872940762,0.658381878958865
"310",0.544828859262941,0.150434192790943,0.478032729997607,0.384615384615385,0.160322039072039,0.0531454086303711,0.0908762494668592,0.38954360395504,0.223580002303561,0.310100764544678,0.389058452049659,0.422629298989998,0.389192024664521
"311",0.155185462728496,0.0122193660127936,0.00357373081053179,0.0392156862745098,0.056396004378763,0.00277698040008545,4.46330269655099e-05,0.0923459721085853,0.138442630752159,0.0444692619621021,0.116377183077683,0.0892831740224185,0.159359648108126
"312",0.141200317980605,0.0358147407360515,0.0100640515413508,0.0392156862745098,0.0245982905982906,5.45978546142578e-05,1.93570142294494e-05,0.0265487269700244,0.0147391655482064,0.0444692619621021,0.0458151756521238,0.0892831740224185,0.123837277757726
"313",0.544828859262941,2.22044604925031e-16,0.00746082634653977,0.384615384615385,0.240999569058393,0.107225894927979,0.0302152101198001,0.38954360395504,0.208771041524831,0.310100764544678,0.389058452049659,0.417358958109306,0.389192024664521
"314",0.141213036703885,0.00365868363271848,0.00500625383582875,0.0392156862745098,0.0290585585585586,0.0022997260093689,6.99214872195543e-05,0.0467307071604621,0.0301474737622815,0.0444692619621021,0.0480595881627939,0.0892831740224185,0.123837277757726
"315",0.544828859262941,0.35842515500955,0.724367388471154,0.384615384615385,0.231435605726548,0.0662389397621155,0.10556638689035,0.401243303389839,0.290797947181531,0.337450972515943,0.389058452049659,0.386374720573757,0.409653321082998
"316",0.204548680284622,0.0939973736415774,0.0375303527060034,0.0392156862745098,0.132522988505747,0.00822913646697998,0.000870892640724812,0.0842279915733716,0.0474142186073027,0.0444692619621021,0.116377183077683,0.0892831740224185,0.137520058392357
"317",0.141187600214538,0.00171797041672525,0.00400391089809629,0.0392156862745098,0.0757142857142857,0.00118166208267212,0.000124650143804886,0.0528483039160211,0.0414795519540788,0.0444692619621021,0.0624236649568128,0.0892831740224185,0.137520058392357
"318",0.641685163915659,0.563995420248147,0.876784428581224,0.87962962962963,0.390461205461205,0.689694464206696,0.843753763923362,0.576674413231726,0.406691274194534,0.533726757178901,0.627988790378193,0.590188493201461,0.49624608113924
"319",0.804116548730604,0.953957859968206,0.961558362388097,0.87962962962963,0.737214285714286,0.980116758495569,0.999149761338882,0.877118074281512,0.855304338074214,0.88769723071545,0.791829652772496,0.83929263766419,0.701068897423866
"320",0.654094364560429,0.999926278353913,0.994705870427531,0.87962962962963,0.86218487394958,0.987239761278033,0.996316797758949,0.909248538663838,0.878755036204092,0.936672578098056,0.897353143461004,0.89299361461952,0.749065354231003
"321",0.141187600214538,0.0159095450122471,0.00757638857843444,0.285714285714286,0.179747386759582,0.00360268354415894,0.00474254902049559,0.184349812819814,0.0487491948057863,0.0550917097154405,0.143471695753775,0.0988706263611909,0.137520058392357
"322",0.141187600214538,0.0202749721575803,0.00396995046303353,0.285714285714286,0.0536666666666667,0.00354576110839844,0.000495171142584308,0.0583654999208696,0.0255841338015239,0.0550917097154405,0.0723426964944232,0.0988706263611909,0.123837277757726
"323",0.141187600214538,0.103014117665246,0.0472064672718526,0.0392156862745098,0.0883333333333333,0.000292837619781494,0.00046295226639235,0.0788178120041636,0.089872578441681,0.0444692619621021,0.120849144765765,0.0892831740224185,0.215051746225038
"324",0.15590182349604,0.351484353662973,0.0638494198768175,0.0392156862745098,0.155761904761905,0.0290498733520508,0.0376304492826044,0.123858317304869,0.162692138505813,0.0444692619621021,0.154425366375862,0.0892831740224185,0.159359648108126
"325",0.759579668501519,0.965840589963297,0.942325587842111,0.87962962962963,0.876374370886566,0.995178519748151,0.999450757514634,0.931751927805627,0.930110247234987,0.846230460330719,0.915622267188743,0.801044689234211,0.847434848526002
"326",0.544828859262941,0.259848624540137,0.263834229071113,0.384615384615385,0.353434595242779,0.547656446695328,0.0168719759523415,0.554827952551924,0.420475078661487,0.357909321878419,0.554508606467797,0.383117451595692,0.386287841427859
"327",0.666555098797551,0.900874862644325,0.975251328084235,0.87962962962963,0.654666666666667,0.387904345989227,0.549224661940829,0.714328686470246,0.564706688176834,0.605920752045705,0.708161925565316,0.672846603215704,0.562271653526838
"328",0.1452542513493,0.0101940742803829,0.00770959509498058,0.0392156862745098,0.0824080316376181,0.00652945041656494,0.000297273549098282,0.0621550127977435,0.0301474737622815,0.0444692619621021,0.0885922842435571,0.0892831740224185,0.123837277757726
"329",0.141187600214538,2.22044604925031e-16,0.0013858527965823,0.0392156862745098,0.166298920377868,0.265781819820404,0.0958480632045597,0.0662671499617882,0.258871027786087,0.338517094183179,0.115150496954416,0.355751565896211,0.312914334404219
"330",0.141187600214538,0.00452732673857406,0.00453960473502743,0.0392156862745098,0.0101538461538462,0.000208199024200439,1.48894851258276e-05,0.0260114933110211,0.0180052861937178,0.0444692619621021,0.0458151756521238,0.0892831740224185,0.123837277757726
"331",0.64120272165477,0.871721052269594,0.970520407176276,0.87962962962963,0.488097569097569,0.382843732833862,0.385327439190745,0.576674413231726,0.771431929669235,0.605920752045705,0.650461850244002,0.672846603215704,0.591683171076295
"332",0.141187600214538,0.00752628017099376,0.00223774171283276,0.285714285714286,0.0108681318681319,0.000366091728210449,5.88836166716491e-06,0.0851284626004162,0.0389818100915887,0.0550917097154405,0.0757834376370684,0.0988706263611909,0.123837277757726
"333",0.548727476280642,0.762821899151522,0.734043539315296,0.384615384615385,0.492975593247332,0.877590462565422,0.503675776678979,0.540702832752002,0.720657917619722,0.559239280961961,0.571547128010653,0.482254382737075,0.602554080170373
"334",0.141187600214538,0.0330701258343625,0.00776025146361428,0.0392156862745098,0.149053510615217,0.00754112005233765,0.00842027181735739,0.0662671499617882,0.258871027786087,0.338517094183179,0.115150496954416,0.355751565896211,0.312914334404219
"335",0.141187600214538,0.00069808592875691,0.00139284690069514,0.0392156862745098,0.0568205128205128,0.00414234399795532,3.27101692674961e-05,0.0768831408928629,0.0406330334482692,0.107112884310083,0.0654259129217748,0.131237323067457,0.143437087145568
"336",0.544828859262941,0.0271092622528365,0.421425656175815,0.791666666666667,0.414294871794872,0.512061804533005,0.446823068223169,0.5366404226795,0.401564956946533,0.587041191735748,0.585631246653101,0.625970294929448,0.507625398344328
"337",0.544828859262941,0.139307067624446,0.48272607537934,0.791666666666667,0.449191068078263,0.912531018257141,0.739881829236337,0.3412969560772,0.427772943922691,0.406365186692275,0.347259203196534,0.422629298989998,0.447509937968314
"338",0.544828859262941,0.73205153532359,0.903265077767621,0.384615384615385,0.770709286988867,0.940215617418289,0.99734047940469,0.781429545645145,0.73957988536219,0.675309464040434,0.785935006614756,0.659880520269223,0.602554080170373
"339",0.544828859262941,0.256041715291323,0.355852428676684,0.384615384615385,0.340821500004684,0.298558115959167,0.0151416687164597,0.3412969560772,0.423756754131811,0.388617509548281,0.347259203196534,0.417358958109306,0.447823363307172
"340",0.141403932444617,0.0269740331994079,0.016212527825781,0.0392156862745098,0.146761904761905,0.000847220420837402,0.000514652597994455,0.053909138361557,0.0726750659635401,0.0444692619621021,0.0624236649568128,0.0892831740224185,0.137520058392357
"341",0.141187600214538,0.0238125103189091,0.00329460042690328,0.285714285714286,0.163484734563682,0.0199665427207947,0.0121328682895627,0.118718459406509,0.264506523973735,0.390662221458273,0.174482860802286,0.381952404509859,0.312914334404219
"342",0.579637050027078,0.995557428184305,0.976252447865867,0.791666666666667,0.728426814731162,0.989463662728667,0.999474196520452,0.822710076595665,0.860501859171506,0.851336969879578,0.894063370912889,0.766682317242378,0.680602344990856
"343",0.730649448146606,0.991006877412244,0.978510568845137,0.87962962962963,0.771565826330532,0.996779176872224,0.998828374333292,0.776866741046488,0.861585910442,0.931188914455024,0.760269953231569,0.861324240732292,0.721315129752432
"344",0.545834688084039,0.99324841679913,0.984297443052431,0.791666666666667,0.678761904761905,0.773557052016258,0.959649861125259,0.882107209584825,0.911839123824066,0.717971965598939,0.809728539072235,0.659880520269223,0.685706520321464
"345",0.197075920813698,2.22044604925031e-16,0.000114090430696843,0.285714285714286,0.352189655172414,0.952514257282019,0.964082143564576,0.251491474433474,0.572839335784718,0.476510920054823,0.285918671992832,0.380276745492009,0.40207798546045
