"","LRR_predictions_EMP","GAM_predictions","LDA_predictions","CTREE_predictions_EMP","RF_predictions_EMP","XGB_predictions_EMP","LGBM_predictions_EMP","RE_RF_predictions_EMP","RE_boosting_predictions_EMP","RE_bag_predictions","PLTR_predictions_EMP","SRE_RF_predictions_EMP","SRE_bag_predictions_EMP","SRE_boosting_predictions_AUC","SRE_PLTR_predictions_EMP"
"1",0.0890871114129562,0.00908156012145244,0.00803959250514855,0.0347222222222222,0.0110897435897436,0.00230872631072998,0.000197598865996331,0.0637281785899732,0.0347833497849617,0.0584930164087387,0.0599403409319557,0.0400334841034785,0.0156305825329021,0.0800015524931289,0.0825909712281815
"2",0.852440148674832,0.999246214717177,0.975251588697072,0.769230769230769,0.77452380952381,0.98623313754797,0.982205939291232,0.904017792815866,0.842090685519394,0.791749696188876,0.656028076021166,0.898862067143493,0.997352290855426,0.778496036476369,0.701701401128422
"3",0.751713273728028,0.942410024373056,0.973768992166573,0.969387755102041,0.714692307692308,0.910601511597633,0.991874927477,0.744247069149267,0.858626608871608,0.874199478333831,0.692466084406978,0.755796302174608,0.995689161782018,0.765510595793606,0.656220359899015
"4",0.0903686358342312,0.0101797256961941,0.00359296244151102,0.0347222222222222,0.0453333333333333,0.00315123796463013,0.000536106909719095,0.0637281785899732,0.0775535423858018,0.0584930164087387,0.087921975407985,0.0669034813407326,0.013100274089277,0.0800015524931289,0.0943830050100972
"5",0.849016019290545,0.99804284950102,0.995716536507412,0.969387755102041,0.957307692307692,0.998919307603501,0.99998594178844,0.932135421121178,0.969770501674777,0.971849574977732,0.971396740047418,0.971543779316481,0.996963159030237,0.921723097569525,0.929616205327738
"6",0.0584362558814187,0.0100934730102972,0.000777070828817378,0.0347222222222222,0.26,0.0275477766990662,0.000381387469288487,0.118786462120933,0.129795058266796,0.0584930164087387,0.0855362753262818,0.0715763684633344,0.0270783629847141,0.143940962258551,0.127476890133755
"7",0.685263618262982,0.547951203775523,0.856649267085541,0.769230769230769,0.669166666666667,0.187092423439026,0.994557231450798,0.889265314254169,0.746846117354714,0.809324185927518,0.460752981236122,0.604376781445466,0.100873716796151,0.562582796226327,0.579293557431878
"8",0.761061614073731,0.985117648319458,0.991564960724065,0.969387755102041,0.748977272727273,0.964156113564968,0.997938084437684,0.826264330207405,0.927727312022512,0.922051406713029,0.81665676823891,0.83545774101453,0.993373184081833,0.856525626912175,0.75735027066242
"9",0.920681718945735,0.994577912152965,0.998251576140396,0.969387755102041,0.979615384615385,0.999276619579177,0.99999049717482,0.932135421121178,0.969770501674777,0.971849574977732,0.962998430899297,0.956842199698039,0.991366911288755,0.93652868749735,0.920492057166722
"10",0.0524270608104369,0.000906032562238379,0.000574215867767052,0.0347222222222222,0.0815897435897436,0.117756485939026,0.00185603883158152,0.118786462120933,0.122559909143941,0.122828972501982,0.0236315239186367,0.111030830375697,0.177038017518981,0.189382684526712,0.0486900026540786
"11",0.856089171155525,1,0.988867258696467,0.769230769230769,0.822261904761905,0.942043654620647,0.805901705151595,0.932135421121178,0.842090685519394,0.894442948666105,0.811943607746541,0.884311616083733,0.934572892065758,0.757292769547646,0.793791239370327
"12",0.759278857921668,0.797518229216211,0.993789331164574,0.969387755102041,0.74508211143695,0.990312278270721,0.987070914724839,0.832697455449003,0.855511074508613,0.922051406713029,0.838636197712181,0.852744881029941,0.922182750513745,0.856525626912175,0.760030581125947
"13",0.114792765917272,5.84052017377445e-07,0.00523364393796533,0.0347222222222222,0.209285714285714,0.0279554724693298,0.0239214048415573,0.0664966995720473,0.169079404047396,0.0584930164087387,0.0670154467735898,0.0876503728253978,0.0298190031115213,0.098560834829606,0.106113549841879
"14",0.628463919666646,0.408539987141964,0.746517581416518,0.25,0.583888888888889,0.776221767067909,0.821814429590912,0.451363477203405,0.435791559044774,0.55277674855066,0.682167799108219,0.594607950599893,0.559208028011158,0.54351816101088,0.67897545456554
"15",0.848808424313741,0.997043415181306,0.996406258571782,0.969387755102041,0.979354838709677,0.995731321629137,0.999990802504609,0.904017792815866,0.969770501674777,0.930365884809182,0.922627652504601,0.943330087633974,0.998493876732809,0.930192335160231,0.859580573434544
"16",0.873025091273626,0.999771931317819,0.992765775484601,0.969387755102041,0.986854838709677,0.999240445613395,0.999994549567405,0.932135421121178,0.969770501674777,0.971849574977732,0.974176759451209,0.968365384696291,0.996276333127442,0.93652868749735,0.930568113528096
"17",0.0461401141725567,2.97519112229826e-05,0.000140569453077114,0.0347222222222222,0.0433333333333333,0.00301069021224976,3.58498460695879e-06,0.0637281785899732,0.0347833497849617,0.0584930164087387,0.0138465165627049,0.0246652832582191,0.0129420078842926,0.0800015524931289,0.0486900026540786
"18",0.852915594892419,0.946992326619038,0.97940971763298,0.857142857142857,0.862142857142857,0.991926446557045,0.999429174337537,0.75920293658906,0.921714681371038,0.769264138193989,0.890939809608795,0.896340988159386,0.998699445617291,0.816531570787392,0.816711512144054
"19",0.0894910939637949,0.0215497923309517,0.0073852062409414,0.0347222222222222,0.0214285714285714,0.000765681266784668,7.21045910163153e-05,0.0637281785899732,0.0347833497849617,0.0584930164087387,0.0236315239186367,0.0568770289170264,0.00810965635476319,0.0800015524931289,0.0486900026540786
"20",0.0820334959283959,0.0600284710257438,0.00362594807439007,0.0347222222222222,0.0902142857142857,0.0583152174949646,0.00525595780542809,0.118786462120933,0.122559909143941,0.122828972501982,0.0765913210301865,0.11622755387587,0.132948644290025,0.189382684526712,0.093139038379035
"21",0.0554100221900342,0.000406940507124958,0.000499018726552173,0.0347222222222222,0.0133333333333333,0.0049251914024353,0.000471745967151973,0.0637281785899732,0.0775535423858018,0.0584930164087387,0.0236315239186367,0.0461242235774179,0.0111226926723812,0.0800015524931289,0.0486900026540786
"22",0.0798473733533584,0.0105615753347214,0.0008062355214255,0.285714285714286,0.229923076923077,0.269797682762146,0.377188773033408,0.118786462120933,0.179067281773291,0.151158979824159,0.0855362753262818,0.170964441746162,0.438334436456995,0.220101587038007,0.127476890133755
"23",0.0527694403193027,0.000776539001525547,0.000748587511570314,0.0347222222222222,0.0836111111111111,0.0101403594017029,0.0236276971237076,0.0637281785899732,0.0775535423858018,0.0584930164087387,0.0225600165061868,0.043900966429988,0.0121507977326511,0.0816891333676436,0.0486900026540786
"24",0.0924373171101122,0.00988629989194864,0.0105128633374676,0.0347222222222222,0.221111111111111,0.00331300497055054,0.00153408730202622,0.0637281785899732,0.0347833497849617,0.078237265738244,0.450465354190865,0.0583139930284669,0.010161282900211,0.0816891333676436,0.233854872039124
"25",0.89360438103579,0.999897519034374,0.993744264625118,0.969387755102041,0.86,0.995915921870619,0.999986376914132,0.846314254673192,0.967414571683639,0.886992565417424,0.778757153129958,0.969403422798041,0.836961602703215,0.879324875479401,0.779259408716405
"26",0.599280450216597,0.999015003939099,0.832337870382071,0.230769230769231,0.65,0.962410241365433,0.990105589666858,0.837471400250986,0.678956518706171,0.611395987630605,0.719278380805131,0.863034757016385,0.986036798239281,0.616711291132929,0.710959391516363
"27",0.669141739173596,0.965863669755086,0.949591015343422,0.857142857142857,0.777783882783883,0.97344433516264,0.992992297612211,0.75920293658906,0.801161429236735,0.769264138193989,0.890339388007006,0.892913025227895,0.998416816000995,0.737495629437065,0.837118365719781
"28",0.875179506315635,0.998133753618698,0.998064617069194,0.969387755102041,0.974666666666667,0.997586132958531,0.999986130466794,0.904017792815866,0.969770501674777,0.930365884809182,0.9273499183311,0.95898013110407,0.994465168319283,0.930192335160231,0.859580573434544
"29",0.0821555697569753,0.198319258704528,0.0084858559912682,0.0347222222222222,0.22950641025641,0.126395046710968,0.820600445981562,0.118786462120933,0.122559909143941,0.160585724905681,0.0588711927547354,0.164907995627205,0.656174288761117,0.190229726166524,0.0944580894644199
"30",0.556047287914115,0.1492924669282,0.554422690098133,0.230769230769231,0.566538461538462,0.672383189201355,0.905126470158534,0.651226732262314,0.351443915973517,0.384608458271161,0.440325022366646,0.752389127502643,0.815104683214183,0.388894193650639,0.524587146405615
"31",0.0832221371075465,0.0239199873900469,0.00958153296439508,0.0347222222222222,0.0744647435897436,0.0499581694602966,0.00528091305021983,0.0637281785899732,0.072465567917824,0.0584930164087387,0.0843314396560471,0.104724022240675,0.0639082170661448,0.0993840534424854,0.105913614088189
"32",0.792182302406971,0.946656827717658,0.882634261170489,0.769230769230769,0.81551282051282,0.966699428856373,0.998633321044631,0.899997732185224,0.770715516981795,0.791749696188876,0.663544487074114,0.79910940164137,0.98067958312021,0.765539645675275,0.692447191787259
"33",0.929103927389338,0.999999999987709,0.999356334733215,0.969387755102041,0.98,0.998971518711187,0.999999021026486,0.932135421121178,0.969770501674777,0.971849574977732,0.97528999554441,0.971543779316481,0.995184048640869,0.93652868749735,0.930568113528096
"34",0.087114505976243,0.527369786970311,0.0198938873311521,0.0347222222222222,0.211923076923077,0.0440278053283691,0.00234122284895151,0.0637281785899732,0.125145281716678,0.078237265738244,0.0995460770582977,0.124761604291871,0.032011591916321,0.186168895047698,0.122253337673962
"35",0.0854741203209919,0.00376848140297422,0.0057133500495867,0.0347222222222222,0.010970695970696,0.00395494699478149,0.00042645777990344,0.0637281785899732,0.0347833497849617,0.0584930164087387,0.051856610002974,0.0473729477012723,0.0199015861320572,0.0804078987925993,0.0814884386686447
"36",0.303688545125754,0.473916695914248,0.0294894480829097,0.157894736842105,0.295142857142857,0.388153731822968,0.475684604402869,0.151210655391546,0.250006055077025,0.16835590302989,0.118637847060749,0.284235588644761,0.0888891954098239,0.260846158404413,0.153831127805976
"37",0.948549446412356,0.999992636024066,0.997990718050191,0.969387755102041,0.979090909090909,0.998088722699322,0.999993156144786,0.89366584045598,0.967414571683639,0.953010343189376,0.870064162857587,0.937686305101142,0.998150112586192,0.915427857075711,0.839375026015166
"38",0.0930760705221763,0.0541177282590771,0.00878286832664775,0.0347222222222222,0.0833333333333333,0.00744950771331787,0.000584172481818814,0.0664966995720473,0.0818631219164305,0.0584930164087387,0.087921975407985,0.0820536376593221,0.0262394113995413,0.0800015524931289,0.0943830050100972
"39",0.0870059920316792,0.00504336100364145,0.00192132954906511,0.0347222222222222,0.0604166666666667,0.0152260065078735,0.000146118376980471,0.0637281785899732,0.125145281716678,0.078237265738244,0.0525272728736401,0.0786998856743826,0.0553380480571646,0.183576556504733,0.090680103295545
"40",0.0829752735446889,0.00262771388661785,0.00377852925119644,0.157894736842105,0.0432142857142857,0.0146639943122864,0.00975474784538551,0.0637281785899732,0.0521973678456598,0.0824140969544261,0.0495313451992525,0.0533661770495794,0.0160319118324104,0.0990512987879541,0.0814884386686447
"41",0.148781218571778,0.249298351032033,0.120707076122653,0.157894736842105,0.35440873015873,0.410418570041656,0.330980485084312,0.487861864794985,0.250006055077025,0.16835590302989,0.0802212728736802,0.453626117166626,0.550591406748104,0.312575827749322,0.0814884386686447
"42",0.0963692711074502,0.017748885359244,0.0207935969305069,0.0347222222222222,0.165668498168498,0.00888150930404663,0.00136322544854361,0.0664966995720473,0.0347833497849617,0.0584930164087387,0.133999154147472,0.119435954151869,0.0142964659558442,0.0816891333676436,0.140441928022602
"43",0.0519542740495537,5.12076167706798e-05,0.00015826895656705,0.0347222222222222,0.0114285714285714,0.00155645608901978,5.63350998702971e-06,0.0637281785899732,0.0347833497849617,0.0584930164087387,0.0236315239186367,0.039089296886069,0.0135291597057233,0.0800015524931289,0.0486900026540786
"44",0.0832616971946382,7.88588736033319e-05,0.00104499450412902,0.157894736842105,0.032275641025641,0.0021507740020752,4.05243609571947e-05,0.0637281785899732,0.0521973678456598,0.0824140969544261,0.0495313451992525,0.0385898659131463,0.0204006230625289,0.098560834829606,0.0814884386686447
"45",0.0764245884996273,0.00145299495250481,0.00118835556196046,0.0347222222222222,0.0453333333333333,0.0269713997840881,0.000315150647547969,0.0637281785899732,0.0717481013255703,0.0584930164087387,0.0322004700452765,0.0581958154293824,0.0289797993128541,0.098560834829606,0.0814884386686447
"46",0.84437058308854,0.931683904989266,0.977446933950688,0.969387755102041,0.951346153846154,0.994320451747626,0.999828439295276,0.929200792253499,0.915495044609995,0.971849574977732,0.909697718177121,0.960866842214833,0.996453972881811,0.887726003036379,0.859580573434544
"47",0.0859820080050012,0.239885628076622,0.00936653461164584,0.0347222222222222,0.11275641025641,0.0394676923751831,0.0109052808175953,0.0637281785899732,0.125145281716678,0.078237265738244,0.0871402396655727,0.113321499227658,0.0348557995306356,0.186168895047698,0.115998189111505
"48",0.626648080770399,0.664346246691545,0.74640115303196,0.857142857142857,0.391032828282828,0.622723788022995,0.500185084074736,0.533255154325741,0.573097080010104,0.444151850140558,0.543118007379427,0.595290619789459,0.75443876714248,0.713786336745269,0.574177199990708
"49",0.735361210838518,0.998835542697165,0.993392670161633,0.769230769230769,0.753852813852814,0.97349526360631,0.960114741360482,0.81621717307571,0.78045524424721,0.832717327280865,0.739163363206061,0.811106345068682,0.994491283034909,0.741651620282743,0.701870368186581
"50",0.718569056219072,0.859435799749057,0.824383120063893,0.769230769230769,0.684024725274725,0.986296171322465,0.995687889976556,0.89366584045598,0.756737715746111,0.832717327280865,0.670479477943842,0.943253375682888,0.894405408727584,0.741651620282743,0.689493846670397
"51",0.807440879915826,0.995792538652053,0.997124748628417,0.969387755102041,0.769358974358974,0.956971555948257,0.967294599924107,0.832697455449003,0.915914704093183,0.922051406713029,0.931210733873818,0.852938082759154,0.995032776019389,0.875769986817454,0.849942026330911
"52",0.932453358862786,0.995166743349005,0.997895914019927,0.969387755102041,0.946666666666667,0.997153449105099,0.999953407691685,0.89366584045598,0.967414571683639,0.953010343189376,0.872188977246847,0.893040720075714,0.994074509603162,0.915427857075711,0.839375026015166
"53",0.916862400591004,0.999200772361954,0.994818447690393,0.969387755102041,0.9975,0.999558552284725,0.999995289576959,0.932135421121178,0.969770501674777,0.971849574977732,0.97528999554441,0.968365384696291,0.995343787255066,0.93652868749735,0.930568113528096
"54",0.0521140905182009,0.00148674454079581,0.000990699308250467,0.157894736842105,0.126825396825397,0.0644465684890747,0.00818119155381471,0.0637281785899732,0.113854361111766,0.0824140969544261,0.0225600165061868,0.0430393122335519,0.0128585342272339,0.100597103651482,0.0486900026540786
"55",0.0834696682738008,0.000166894999805673,0.000834508446981307,0.0347222222222222,0.015,0.0188491940498352,0.000156481943953428,0.0637281785899732,0.0521973678456598,0.0584930164087387,0.0765913210301865,0.107429731345439,0.0268444174264455,0.098560834829606,0.093139038379035
"56",0.133690582882265,0.454385945455539,0.0595001404470512,0.0347222222222222,0.178309981684982,0.0128848552703857,0.357841449251961,0.0637281785899732,0.163355737159142,0.078237265738244,0.0569417518899795,0.170938814443894,0.251381136020158,0.0978548606294259,0.0943592842694724
"57",0.948789252652243,0.999999559360598,0.999142854779435,0.969387755102041,0.973970223325062,0.999075473111589,0.999933884751822,0.932135421121178,0.969770501674777,0.971849574977732,0.97528999554441,0.971543779316481,0.997418588915921,0.921723097569525,0.930568113528096
"58",0.787573718525331,0.995261187200356,0.937605403086711,0.769230769230769,0.813333333333333,0.955987721681595,0.99855448204388,0.899997732185224,0.842090685519394,0.791749696188876,0.629207290488616,0.785962745226048,0.980005286198208,0.778496036476369,0.692447191787259
"59",0.912797883704295,0.997635853509238,0.974472196337931,0.969387755102041,0.954354838709677,0.997309973696247,0.999888794193581,0.858193343141227,0.920833246839713,0.951049149870407,0.937832834186524,0.880482808412192,0.9859984565563,0.877411424699168,0.920492057166722
"60",0.051900042054348,0.00695543553902171,0.00469508125433006,0.0347222222222222,0.05,0.00551044940948486,0.000889468900393894,0.0637281785899732,0.0775535423858018,0.0584930164087387,0.0236315239186367,0.0548543354080267,0.012928475207973,0.0804078987925993,0.0486900026540786
"61",0.628592947870771,0.0316321693955018,0.578073790134779,0.857142857142857,0.400260683760684,0.0413927435874939,0.00208749604819478,0.521918556900655,0.448763643579963,0.563368790979081,0.555082437698205,0.228730913651906,0.00665751017036758,0.567499906007594,0.574177199990708
"62",0.972853275578926,0.997639075257151,0.998315881846167,0.969387755102041,0.989354838709677,0.998554452206008,0.999907525031933,0.932135421121178,0.969770501674777,0.971849574977732,0.962998430899297,0.968365384696291,0.995216825510084,0.93652868749735,0.920492057166722
"63",0.808491687501234,0.995095408861995,0.979201813540959,0.969387755102041,0.749142857142857,0.995826950762421,0.999238233406736,0.846314254673192,0.93379628050089,0.886992565417424,0.76462763678346,0.889826159744256,0.984436676591145,0.879324875479401,0.761162180548516
"64",0.537099712534849,0.0321212859139954,0.423739749232207,0.230769230769231,0.371288461538462,0.0170532464981079,0.0201847307959957,0.651226732262314,0.436091716662417,0.384608458271161,0.379612240165482,0.369469143534739,0.00493135725232099,0.388894193650639,0.437538458489839
"65",0.0538845581086896,2.82730131058407e-05,0.000119124503925487,0.0347222222222222,0.0211111111111111,0.00402909517288208,0.000413729985254386,0.0637281785899732,0.0775535423858018,0.0584930164087387,0.0225600165061868,0.0433260673254666,0.0120805910899476,0.0800015524931289,0.0486900026540786
"66",0.129682635186296,0.0263793181666894,0.0755982897798299,0.0347222222222222,0.13,0.000997602939605713,1.81223637984605e-05,0.0637281785899732,0.0775535423858018,0.0584930164087387,0.0635710441534075,0.0644755062298631,0.00720947282468033,0.0800015524931289,0.0907752934495972
"67",0.771927440302222,0.103202498608385,0.997825985958289,0.969387755102041,0.865833333333333,0.875287018716335,0.912398317309812,0.832697455449003,0.874696138564572,0.923906625000192,0.90306375693768,0.88935074865272,0.970800236188366,0.786902911549257,0.824412981696856
"68",0.148781218571778,0.363681060050113,0.111145422200157,0.157894736842105,0.377742063492063,0.522837460041046,0.716697148556663,0.487861864794985,0.250006055077025,0.16835590302989,0.0802212728736802,0.625572378935434,0.42754680457302,0.312575827749322,0.0814884386686447
"69",0.63055112595471,0.528545508110111,0.868145397575024,0.857142857142857,0.415416666666667,0.307260930538177,0.916972947815867,0.521918556900655,0.751045628939028,0.563368790979081,0.666861731635589,0.382178183732368,0.0412282575874014,0.642942544046885,0.642912894322406
"70",0.0828267642406993,2.22044604925031e-16,0.00863884816536273,0.0347222222222222,0.133333333333333,0.092703640460968,0.00843231215302503,0.118786462120933,0.122559909143941,0.122828972501982,0.0597418970677044,0.105379639713952,0.13933160609682,0.189382684526712,0.0860638389083268
"71",0.744486985232582,0.999187633411746,0.976249308036583,0.769230769230769,0.829761904761905,0.946109633892775,0.99878234493464,0.846314254673192,0.831512880787719,0.690736387302311,0.647720802462788,0.855462161775609,0.989091279395712,0.737257576389037,0.713793318600816
"72",0.0835936846479658,0.012517220295605,0.00308997443858129,0.0347222222222222,0.00444444444444444,0.00118744373321533,3.97545102167381e-05,0.0637281785899732,0.0368110731876933,0.0584930164087387,0.0732426220574969,0.0494299764236439,0.0424384065682274,0.0800015524931289,0.093139038379035
"73",0.787853754642397,0.983146496061227,0.943536084137612,0.769230769230769,0.844642857142857,0.981897516176105,0.999953638621947,0.889265314254169,0.831512880787719,0.827412181974232,0.460752981236122,0.842564859398002,0.981719349598963,0.741651620282743,0.579293557431878
"74",0.0821555697569753,0.0475453529749492,0.00323460994136168,0.157894736842105,0.153,0.133969187736511,0.438047177898535,0.118786462120933,0.175909721620963,0.16835590302989,0.0495313451992525,0.124784697186725,0.241623054064631,0.228022549563443,0.0814884386686447
"75",0.0601638535577323,0.00430254121872969,0.0112526766609378,0.0347222222222222,0.116089743589744,0.00185978412628174,6.36019935209201e-05,0.0637281785899732,0.0347833497849617,0.0584930164087387,0.0304692796414121,0.0525140813963691,0.0136812646597386,0.0816891333676436,0.0486900026540786
"76",0.63055112595471,0.656537786756384,0.943566515800809,0.25,0.437227272727273,0.85357329249382,0.991590885805011,0.521918556900655,0.619674921965283,0.563368790979081,0.684616636888565,0.728344687473142,0.906069178666772,0.535410889561947,0.666038902483444
"77",0.742161066673805,0.975879367547652,0.958079898889586,0.769230769230769,0.853521505376344,0.980108980089426,0.999558456830341,0.932135421121178,0.842090685519394,0.905400178217008,0.871139272576677,0.933320779754202,0.983072560945471,0.795575652719001,0.84521023772846
"78",0.126752872092646,0.21102576148478,0.0114483899297606,0.0347222222222222,0.0962564102564103,0.0136651992797852,0.00274448833516024,0.0637281785899732,0.0347833497849617,0.078237265738244,0.0883216701390082,0.0851461799980545,0.0912697835617223,0.0816891333676436,0.122129379285172
"79",0.64782811823858,0.635337507748002,0.962023591036403,0.857142857142857,0.401199494949495,0.153665840625763,0.0167368118418711,0.640825532135119,0.693795779297778,0.687140778317093,0.697958842248372,0.734721397927241,0.376761834666902,0.646610783267898,0.666038902483444
"80",0.0543897878374591,4.74747029422422e-05,0.000195538885530546,0.0347222222222222,0.0742857142857143,0.00835740566253662,6.28148647360526e-05,0.0637281785899732,0.0752912098106455,0.0584930164087387,0.0232928850860321,0.0646265072456303,0.0431553182162513,0.100597103651482,0.0536529866290671
"81",0.0826080806765455,0.00025514218167448,0.00065117082012679,0.157894736842105,0.231666666666667,0.313088357448578,0.0317622352520875,0.118786462120933,0.177496346779943,0.16835590302989,0.0732426220574969,0.112474244384927,0.352615755588432,0.227054411664882,0.093139038379035
"82",0.892748577933421,0.999942527663333,0.99868951644322,0.969387755102041,0.946025641025641,0.992627522908151,0.999900570500155,0.899997732185224,0.969770501674777,0.930365884809182,0.959938069556436,0.941705064387959,0.997077132508948,0.930192335160231,0.914884542390931
"83",0.526209093910109,0.569914385503509,0.7388402178115,0.230769230769231,0.312333333333333,0.0259690284729004,0.0110216505113146,0.640825532135119,0.243907336860587,0.384608458271161,0.379612240165482,0.487891514323445,0.30116043637705,0.394304998926587,0.437538458489839
"84",0.558787582264583,0.440743932642103,0.856010506519352,0.230769230769231,0.422666666666667,0.0710192322731018,0.0273589120519475,0.731395335724094,0.678956518706171,0.611395987630605,0.390860847068973,0.484129634274069,0.02581813119188,0.413377997415573,0.437538458489839
"85",0.11069023942674,0.0626820863035023,0.022750837557401,0.157894736842105,0.161775641025641,0.00144535303115845,0.000491762526518515,0.0637281785899732,0.123956093820787,0.109295540901578,0.236952748864808,0.0957705845098309,0.062483149602025,0.197260054724276,0.196366231258211
"86",0.0826455205837376,0.0328287857408441,0.00675930553235693,0.0347222222222222,0.148409188034188,0.0467180013656616,0.0268184149888657,0.0637281785899732,0.072465567917824,0.078237265738244,0.0518159694230081,0.0752280862210032,0.436131212338299,0.0978548606294259,0.0814884386686447
"87",0.0856609879235436,0.00369116205871643,0.00148049227690394,0.0347222222222222,0.0589230769230769,0.0290986299514771,0.00057505414940212,0.0637281785899732,0.0775535423858018,0.0584930164087387,0.0495313451992525,0.0492811268349245,0.0167944173175783,0.0800015524931289,0.0814884386686447
"88",0.148781218571778,0.180808131527407,0.118659680667775,0.157894736842105,0.35440873015873,0.306681036949158,0.0929386376463695,0.487861864794985,0.250006055077025,0.16835590302989,0.0802212728736802,0.453626117166626,0.524984703215006,0.312575827749322,0.0814884386686447
"89",0.941684937969167,1,0.999942294781043,0.969387755102041,0.948970223325062,0.999170273251366,0.999860189996029,0.932135421121178,0.969770501674777,0.971849574977732,0.962998430899297,0.971543779316481,0.99261794285948,0.93652868749735,0.920492057166722
"90",0.167547273892994,0.0463647441946207,0.0735865204569304,0.0347222222222222,0.187399267399267,0.00415486097335815,0.00595303620544538,0.114107021039924,0.170591295207411,0.0584930164087387,0.0934749000307365,0.115690897760929,0.00734556170993733,0.164901221734404,0.142871872386172
"91",0.855321546013613,0.996287562288024,0.990039708453241,0.969387755102041,0.931858974358974,0.999505719635636,0.999997999355043,0.932135421121178,0.969770501674777,0.971849574977732,0.959204026281624,0.949720559213897,0.988882021441807,0.93652868749735,0.909400287137259
"92",0.855631712296511,1,0.999230507012299,0.857142857142857,0.745747863247863,0.865162685513496,0.770831491819346,0.75920293658906,0.921714681371038,0.769264138193989,0.885531295082459,0.658881695173858,0.992019821272721,0.780150026327941,0.837118365719781
"93",0.929837821650944,0.999972238396092,0.997319077477935,0.969387755102041,0.977307692307692,0.999045653443318,0.999995145805523,0.932135421121178,0.969770501674777,0.971849574977732,0.971396740047418,0.963553597875405,0.990321757765618,0.93652868749735,0.929616205327738
"94",0.728890200480994,0.957269338316694,0.990821710910517,0.969387755102041,0.621333333333333,0.938606012612581,0.993627308732246,0.852137823413542,0.93379628050089,0.874199478333831,0.571367549312704,0.918605696526341,0.999024460060602,0.852464426025595,0.588406309268987
"95",0.0570585699876852,6.87542963932544e-08,2.41493818277902e-05,0.0347222222222222,0.00476190476190476,0.00179028511047363,0.000452004473715902,0.0637281785899732,0.0775535423858018,0.0584930164087387,0.0273596231467384,0.0551492870893097,0.00367863238592739,0.0800015524931289,0.0486900026540786
"96",0.0982091194783008,0.00653420870246517,0.00869633032008311,0.0347222222222222,0.122611248966088,0.00687301158905029,5.04648753469963e-05,0.0637281785899732,0.0521973678456598,0.0584930164087387,0.0529092459382976,0.0370591240236348,0.0183746697393703,0.098560834829606,0.0772255031073053
"97",0.523774144283482,0.627871056996829,0.479783507786411,0.230769230769231,0.373333333333333,0.064095675945282,0.000217832757348681,0.614201566087804,0.51558108696102,0.480321083276451,0.355715874995051,0.476943103079171,0.135711941608206,0.251769947123808,0.437538458489839
"98",0.778477529543129,0.49793894603681,0.974956063663162,0.969387755102041,0.684354838709677,0.833971351385117,0.995025567151614,0.832697455449003,0.648655173476286,0.71766843377534,0.831552741721821,0.748576779942382,0.961560590511235,0.76001014139659,0.760030581125947
"99",0.0538907094490271,1.1152848208208e-05,0.000141108781944138,0.0347222222222222,0.0233333333333333,0.00256961584091187,8.27859753365513e-05,0.0637281785899732,0.0347833497849617,0.0584930164087387,0.0225600165061868,0.0338806828767159,0.0157173162624737,0.0800015524931289,0.0486900026540786
"100",0.76135607824788,0.916834591389492,0.992535052559096,0.969387755102041,0.947307692307692,0.990192146040499,0.999077419037762,0.826264330207405,0.855511074508613,0.922051406713029,0.887056749944538,0.839686311783379,0.995723134799455,0.856525626912175,0.793184120686147
"101",0.100474632410265,0.00368351724992768,0.00198364338242321,0.0347222222222222,0.246666666666667,0.0368078351020813,0.00223947861781506,0.118786462120933,0.176908407524665,0.0584930164087387,0.258802931932861,0.160430871856339,0.038567859380103,0.174519557513453,0.25547419451702
"102",0.0885803694005163,0.00546152611035823,0.00235114275416529,0.0347222222222222,0.0922564102564103,0.0036618709564209,0.000991997453140347,0.0637281785899732,0.0866503431549095,0.0584930164087387,0.051856610002974,0.0797810187086566,0.0181891379564779,0.0804078987925993,0.0814884386686447
"103",0.825625563603604,0.999475476528234,0.99393123117305,0.969387755102041,0.937710622710623,0.996969827916473,0.999543184831357,0.89366584045598,0.95532748309441,0.947246355911662,0.895182837988449,0.971463740543054,0.99883985907342,0.889731062614399,0.857868977070727
"104",0.0890871114129562,0.0118813577815638,0.00607787010334335,0.0347222222222222,0.0152142857142857,0.00484681129455566,0.000417006978619712,0.0637281785899732,0.0775535423858018,0.0584930164087387,0.087921975407985,0.0669034813407326,0.0142805121119386,0.0800015524931289,0.0943830050100972
"105",0.134114435944673,0.0139914302238521,0.0265370018848329,0.0347222222222222,0.25725641025641,0.021828830242157,0.00337219082352747,0.0637281785899732,0.0855922325652688,0.078237265738244,0.161356101039176,0.0836500297702115,0.0145122228991028,0.153929770060012,0.185320633995449
"106",0.629539161084408,0.206262044560111,0.866912118401531,0.857142857142857,0.458265734265734,0.547809958457947,0.07251835207914,0.521918556900655,0.458800415429016,0.444151850140558,0.555082437698205,0.434052023284135,0.470808550871015,0.53340920513965,0.574177199990708
"107",0.0535288882183645,0.000371510760275874,0.000362571372343452,0.0347222222222222,0.095,0.00132894515991211,1.58271703365729e-05,0.0637281785899732,0.0347833497849617,0.0584930164087387,0.0243983318586222,0.0526006705515222,0.0289842382919464,0.0816891333676436,0.0536529866290671
"108",0.863185949071064,0.999967894452338,0.998213250265736,0.969387755102041,0.943287545787546,0.992448564618826,0.998724688879654,0.932135421121178,0.969770501674777,0.96831968220547,0.968696509027279,0.974666032342323,0.99976863755801,0.93652868749735,0.912787624024419
"109",0.901531556199025,0.98095310734629,0.992754162263179,0.969387755102041,0.967307692307692,0.998460486531258,0.999997053772667,0.89366584045598,0.968520906002208,0.953010343189376,0.95523167057549,0.86375995655818,0.989899238324462,0.93652868749735,0.919413969613657
"110",0.733667020312373,0.0127240351471808,0.923958947517641,0.969387755102041,0.601727272727273,0.559553146362305,0.981783433976034,0.852137823413542,0.858125481110494,0.877041722274005,0.555082437698205,0.787551535881625,0.20931982547334,0.789553795984482,0.574177199990708
"111",0.0880409963220903,2.92517395916033e-06,0.00173944184031842,0.157894736842105,0.109563492063492,0.0888848304748535,0.0118605090942786,0.0637281785899732,0.0752912098106455,0.0824140969544261,0.087921975407985,0.0646265072456303,0.0409633004492908,0.098560834829606,0.0943830050100972
"112",0.877622132775762,0.998178190112653,0.984757456017115,0.969387755102041,0.933257575757576,0.99650273565203,0.99780163515267,0.932135421121178,0.905602284254607,0.881217739936822,0.957253424588514,0.963477873849424,0.987343555372689,0.886713249474976,0.919413969613657
"113",0.974451304448079,0.999804493937242,0.987797393186968,0.969387755102041,0.96,0.998340810532682,0.999883563629154,0.932135421121178,0.83505514537721,0.971849574977732,0.969460742041983,0.968365384696291,0.99786999398748,0.82501800100129,0.930568113528096
"114",0.659664747170297,0.000189606637612286,0.943899495381151,0.857142857142857,0.749038461538462,0.939786083996296,0.97427847734684,0.722365681697876,0.845095473541084,0.850191158649188,0.687396401947981,0.700772927003755,0.867877738545613,0.67952677525726,0.613002943817799
"115",0.121355922082466,0.0102730611276671,0.0041125256246099,0.0347222222222222,0.10725641025641,0.0397173166275024,0.0192506957518731,0.118786462120933,0.122559909143941,0.160585724905681,0.0327623325874896,0.0915797834475001,0.477403597298466,0.190229726166524,0.0859729806450867
"116",0.0827290761785022,0.00129238266686513,0.00365478605264037,0.157894736842105,0.03575,0.019248366355896,0.000383585716075194,0.0637281785899732,0.0521973678456598,0.109295540901578,0.0495313451992525,0.0481636493447384,0.152466600765962,0.0990512987879541,0.0814884386686447
"117",0.113758988878134,0.00127368630812075,0.00557204876411958,0.0347222222222222,0.072,0.00637131929397583,3.99006844635038e-05,0.0637281785899732,0.0775535423858018,0.0584930164087387,0.0967146014027992,0.0669034813407326,0.00677181598222735,0.0800015524931289,0.151136071047639
"118",0.65728548009118,0.680657510644168,0.961195657848198,0.857142857142857,0.757672771672772,0.931167930364609,0.997819724577572,0.651226732262314,0.701323850746608,0.687140778317093,0.739344835510995,0.738160314431538,0.99866944277838,0.710530955088831,0.659775006361485
"119",0.0942106750457601,0.0053981261592705,0.00674557767274376,0.0347222222222222,0.0310897435897436,0.00472486019134521,0.000381471210108113,0.0664966995720473,0.0347833497849617,0.0584930164087387,0.0572744955185316,0.0494212570746618,0.0151517687451077,0.0800015524931289,0.0825909712281815
"120",0.686462482292038,0.995835822317849,0.973238146527975,0.769230769230769,0.753852813852814,0.944041576236486,0.529618966197864,0.89366584045598,0.836453283437802,0.832717327280865,0.814073898861775,0.882891783874661,0.780147949337767,0.765115416611637,0.800872947360044
"121",0.134825173553035,0.00993325674736545,0.0232923566106813,0.0347222222222222,0.022,0.00110846757888794,0.000915343848346525,0.0637281785899732,0.0347833497849617,0.0584930164087387,0.143999348129774,0.0494299764236439,0.0108837039228144,0.0800015524931289,0.151136071047639
"122",0.928192588414308,1,0.99999821033881,0.969387755102041,0.893686147186147,0.995970917865634,0.999996152090222,0.89366584045598,0.967414571683639,0.947246355911662,0.954717956617039,0.983246313286731,0.999840875762911,0.89725906871288,0.907996438712821
"123",0.0744624401198144,0.000158135170144444,0.000619709958429004,0.0347222222222222,0.0111111111111111,0.000586271286010742,2.2985681764481e-05,0.0637281785899732,0.0347833497849617,0.0584930164087387,0.0307280274825786,0.0428919935614865,0.0179935126425431,0.0800015524931289,0.0814884386686447
"124",0.0963835533668429,0.00288377834123819,0.00249284137424761,0.0347222222222222,0.0576923076923077,0.0041690468788147,0.0925450641163659,0.0664966995720473,0.123301031371955,0.0584930164087387,0.087921975407985,0.0962457808738389,0.0119005598877296,0.0800015524931289,0.0943830050100972
"125",0.0821164881473608,0.00920060005558648,0.00395679146923681,0.0347222222222222,0.0657142857142857,0.0217688679695129,0.00483958639512054,0.118786462120933,0.122559909143941,0.122828972501982,0.051856610002974,0.0921588005281693,0.133218100195972,0.189382684526712,0.0814884386686447
"126",0.145566441341344,0.241575152624142,0.0857877088555698,0.0347222222222222,0.156684981684982,0.0427794456481934,0.0488497117975778,0.118786462120933,0.179067281773291,0.122828972501982,0.184228594162236,0.108609962614841,0.0901197824609238,0.190229726166524,0.211665573031926
"127",0.767311343728397,0.975716274769298,0.995403646339739,0.969387755102041,0.865116743471582,0.991934159770608,0.999903089908271,0.87890955201724,0.969770501674777,0.96831968220547,0.887097809170906,0.933584255260331,0.999628257686454,0.868604080190861,0.785707854123887
"128",0.0549030110934597,0.0016643071516553,0.000290270151864608,0.0347222222222222,0.182361111111111,0.0203753709793091,0.000308209349972463,0.0637281785899732,0.125145281716678,0.078237265738244,0.278740989337876,0.0495437519072444,0.0403089820893366,0.183576556504733,0.142281283964972
"129",0.732347689985843,0.884767917863743,0.72106723928978,0.25,0.644722222222222,0.62596121430397,0.956586373719644,0.75920293658906,0.659555896256314,0.769264138193989,0.794992999086001,0.79635450844606,0.998268381024432,0.593228185646397,0.793774137377597
"130",0.911827923278274,0.999821185055097,0.998415806645053,0.969387755102041,0.977692307692308,0.997690831311047,0.999627389235455,0.932135421121178,0.968520906002208,0.971849574977732,0.96532161496966,0.967523237766451,0.997498259969637,0.93652868749735,0.919413969613657
"131",0.627526968400985,0.888084478791679,0.948364354541781,0.25,0.542227272727273,0.922801867127419,0.689880092113493,0.521918556900655,0.517990879791458,0.563368790979081,0.684616636888565,0.604971608095784,0.980862389609037,0.464372827288293,0.666038902483444
"132",0.744395404251229,0.997874551090765,0.994679379839268,0.969387755102041,0.703727272727273,0.910256966948509,0.89423735889061,0.744247069149267,0.845667495850903,0.874199478333831,0.830606450675216,0.819026968699886,0.393873579381428,0.824465750938122,0.775651201969719
"133",0.857990342311554,0.999999976761732,0.997111156503136,0.969387755102041,0.97,0.992516685742885,0.999828293255056,0.904017792815866,0.964593581486282,0.930365884809182,0.919168077708689,0.948982543548298,0.997639218631475,0.89180156624519,0.859580573434544
"134",0.626011122059351,0.977813073135366,0.826081615252425,0.857142857142857,0.649465201465202,0.889209665358067,0.992362611786616,0.683745160646767,0.6952422758589,0.563368790979081,0.728952186166439,0.618101269761975,0.962362193731442,0.63684869235881,0.675776018526328
"135",0.0867079061336815,5.11513637242139e-05,0.00108029216735943,0.0347222222222222,0.0225,0.0171852707862854,9.13683887473208e-05,0.0637281785899732,0.0521973678456598,0.0584930164087387,0.051856610002974,0.0524427997416365,0.0251070657247413,0.098560834829606,0.0814884386686447
"136",0.648474643607401,2.22044604925031e-16,0.578530633896535,0.857142857142857,0.375795648795649,0.0433918237686157,0.26772172900324,0.640825532135119,0.395897731203895,0.687140778317093,0.669866827868603,0.699224431212745,0.150421654211522,0.459333347266203,0.669287401600656
"137",0.637921784575199,0.00249160034389743,0.982470042382805,0.769230769230769,0.507060606060606,0.651259630918503,0.601410877716002,0.744247069149267,0.476677543339537,0.664138609677296,0.894454901932114,0.860346129903922,0.345278980428275,0.533077496000603,0.716006493554547
"138",0.701293229361591,0.971224853899818,0.971917847824559,0.857142857142857,0.54766452991453,0.711977928876877,0.0958976347532012,0.640825532135119,0.701323850746608,0.687140778317093,0.914840748247553,0.721757828573723,0.916729907571123,0.743493313108918,0.8112944962766
"139",0.0535625951092142,8.19658443946063e-05,0.000246670352738338,0.0347222222222222,0.0614285714285714,0.00284099578857422,0.000263203382568771,0.0637281785899732,0.0752912098106455,0.0584930164087387,0.0236315239186367,0.0512215559309119,0.0365948660139796,0.100597103651482,0.0486900026540786
"140",0.153096803854287,0.024671458738811,0.0347837274955424,0.0347222222222222,0.145775890775891,0.0311010479927063,0.00767078182999575,0.0664966995720473,0.176908407524665,0.0584930164087387,0.184228594162236,0.0585497322054621,0.0152562159999902,0.172055137951093,0.211665573031926
"141",0.81895249524803,0.999372369536625,0.99629079594544,0.969387755102041,0.778166666666667,0.969638589769602,0.99531882444045,0.846314254673192,0.959034793718127,0.886992565417424,0.798507581199346,0.923037691133705,0.99232436961036,0.887473457568224,0.803052972083643
"142",0.158626513596747,2.22044604925031e-16,0.0168044661460366,0.0347222222222222,0.179761904761905,0.00761693716049194,0.00266251106740423,0.118786462120933,0.123301031371955,0.0584930164087387,0.29940061732821,0.0594186960689614,0.0076767602091646,0.141165039815837,0.305084018925591
"143",0.0934338796341846,0.00480486049966223,0.00540850371655231,0.0347222222222222,0.0732142857142857,0.00411170721054077,0.000438296126069993,0.0664966995720473,0.0775535423858018,0.0584930164087387,0.0925479798887068,0.0846823475509132,0.0142805121119386,0.0816891333676436,0.107308009172494
"144",0.943216529400091,0.999996861517202,0.998833059120822,0.969387755102041,0.957692307692308,0.990608438849449,0.999783381610397,0.899997732185224,0.969770501674777,0.930365884809182,0.959333533408906,0.941705064387959,0.996887048320499,0.929595319468594,0.923559570449942
"145",0.631944509723996,0.926172910674197,0.887203839141151,0.857142857142857,0.630538461538462,0.776842653751373,0.211831108152407,0.521918556900655,0.704045890835808,0.563368790979081,0.543118007379427,0.614798895024944,0.58360450181848,0.637712092120552,0.574177199990708
"146",0.742223385107809,0.811023799182435,0.99465310815719,0.969387755102041,0.835198717948718,0.989992534741759,0.999119641902687,0.826264330207405,0.915914704093183,0.922051406713029,0.781388630512733,0.818668536259065,0.987725078796498,0.853712027967024,0.715725091654539
"147",0.893363677388323,0.99427379549549,0.994037458724978,0.969387755102041,0.800557692307692,0.920491315424442,0.995771266787957,0.852137823413542,0.917508304981034,0.889582279344218,0.781043948998,0.873430470719327,0.982559723568663,0.8787391684957,0.745729927064734
"148",0.626769356530463,0.699218641295341,0.712499231168559,0.25,0.625894688644689,0.704555958509445,0.802864155306479,0.521918556900655,0.720680576429575,0.563368790979081,0.643212934972691,0.599080252027878,0.986156225603185,0.567499906007594,0.609524131630367
"149",0.706694437691519,7.14365598272275e-05,0.994314881763588,0.857142857142857,0.505227272727273,0.575466960668564,0.777680656602555,0.640825532135119,0.693795779297778,0.687140778317093,0.879797147660643,0.796904390031452,0.699978077444628,0.683610742830268,0.806742375389726
"150",0.0826631345975101,0.00825546242495951,0.00487137339883004,0.0347222222222222,0.1025,0.0121150612831116,0.00319373323411158,0.0637281785899732,0.0866503431549095,0.0584930164087387,0.0520100974172607,0.0600194112592927,0.0126563253113959,0.0800015524931289,0.0814884386686447
"151",0.796386966001078,0.975920775511079,0.986031394769182,0.969387755102041,0.843608058608059,0.994337313342839,0.999723249856333,0.87890955201724,0.88641044813372,0.96831968220547,0.869333346484272,0.917926777248353,0.99332727379681,0.779851482575558,0.785707854123887
"152",0.650564039447206,0.825219277505675,0.957206231817718,0.769230769230769,0.684928571428571,0.81017978489399,0.994858614249722,0.87398446334915,0.842090685519394,0.894442948666105,0.547616735292808,0.869426271018232,0.553212525471909,0.636789449702942,0.599003155133797
"153",0.088562659356043,0.0457950685302524,0.0013448200758311,0.0347222222222222,0.113333333333333,0.00351488590240479,0.00399402009144424,0.0637281785899732,0.0752912098106455,0.0584930164087387,0.115479585859787,0.0766192612577179,0.0639656008242876,0.100597103651482,0.122159139426171
"154",0.0896010749784549,0.834743238633996,0.00330385533663079,0.0347222222222222,0.214345238095238,0.187956392765045,0.00105558412871265,0.0637281785899732,0.177496346779943,0.0584930164087387,0.117451250741065,0.121369943250508,0.0795919144946124,0.100597103651482,0.120597834540764
"155",0.778648792249278,0.974001750953875,0.963343787180436,0.969387755102041,0.906666666666667,0.990706469863653,0.874927159786165,0.798605331623574,0.920833246839713,0.885292443189259,0.878937046866609,0.860856821428868,0.993779616536445,0.86601769670009,0.859580573434544
"156",0.642915605669362,0.959378688335159,0.967994436609153,0.857142857142857,0.753,0.917219750583172,0.999602368315886,0.640825532135119,0.899039385040001,0.687140778317093,0.709439544817508,0.622768957577995,0.978827435846065,0.613214505329039,0.646266872916465
"157",0.0518708516205309,0.00928604110595003,0.00155421682052878,0.0347222222222222,0.141409188034188,0.21668004989624,0.0103781675387821,0.0637281785899732,0.10666020939833,0.078237265738244,0.0236315239186367,0.0801453201904622,0.458666199302846,0.120015573642868,0.0486900026540786
"158",0.14610490079924,0.00131980653149036,0.00569492116122931,0.0347222222222222,0.0528571428571429,0.0204575061798096,0.00330056045226337,0.0637281785899732,0.0521973678456598,0.0584930164087387,0.160684146370162,0.0796591230244529,0.0157732126573879,0.098560834829606,0.1455990051498
"159",0.591877969731068,0.0196941791843073,0.511003916331026,0.25,0.313101953601954,0.131610572338104,0.000693755928189439,0.324784818240336,0.227903714165431,0.55277674855066,0.419672221721075,0.127889338285807,0.000117927062839735,0.336646634352762,0.574177199990708
"160",0.584770810971098,0.988694978157606,0.924019271191834,0.230769230769231,0.373371794871795,0.0581261515617371,0.620988398547343,0.521918556900655,0.457331318505101,0.268553638289753,0.650732349312584,0.566866810667241,0.00101159994616777,0.360587198390005,0.616060038370692
"161",0.756942831895013,0.92229244727099,0.995818056714872,0.969387755102041,0.828543956043956,0.939588788896799,0.964158795269438,0.87398446334915,0.921063715925319,0.96831968220547,0.76986902004177,0.877174772242814,0.875051068889167,0.837464072837478,0.703680908278001
"162",0.668861512134942,0.947383445297509,0.966965515178882,0.769230769230769,0.725210622710623,0.368760287761688,0.844928260289274,0.809295477471432,0.78045524424721,0.832717327280865,0.403072277008314,0.737137885005178,0.283955810350968,0.562582796226327,0.492306641265839
"163",0.927306795342847,0.999828389284362,0.993904171565037,0.769230769230769,0.884615384615385,0.990401269868016,0.999733684624148,0.932135421121178,0.842090685519394,0.905400178217008,0.87603986438205,0.954682065282149,0.990593059573944,0.796470013095988,0.84521023772846
"164",0.812810430734141,2.22044604925031e-16,0.810815466486377,0.857142857142857,0.805,0.992293318733573,0.996522498530494,0.837471400250986,0.901614068900847,0.850191158649188,0.931670263618242,0.928845308066907,0.999325010899001,0.858492893969894,0.857902815132555
"165",0.646970184495346,0.906830225061143,0.972979662929588,0.857142857142857,0.60237012987013,0.831986755132675,0.848521465607888,0.640825532135119,0.701323850746608,0.687140778317093,0.58226551074406,0.705786805463526,0.963808286849648,0.706979965100136,0.574177199990708
"166",0.0827875766915375,2.05677794530558e-06,0.000636341186535776,0.0347222222222222,0.11075,0.0116289854049683,0.000224824560620493,0.0664966995720473,0.0855922325652688,0.078237265738244,0.0311344068399897,0.0647366901668738,0.0346734068677783,0.151702669382906,0.090680103295545
"167",0.860785250763575,0.998484738432045,0.997303254251628,0.969387755102041,0.968333333333333,0.998171068262309,0.999789969886055,0.932135421121178,0.969770501674777,0.96831968220547,0.958021241940145,0.959579776099973,0.999099652143466,0.93652868749735,0.919413969613657
"168",0.144126218425196,0.001916355772365,0.0225065129558708,0.0347222222222222,0.0555897435897436,0.00495493412017822,0.00145907548888896,0.0637281785899732,0.0347833497849617,0.0584930164087387,0.156977480749971,0.0510716877324215,0.0118319797712964,0.0816891333676436,0.170370857974538
"169",0.627526968400985,0.24915750085307,0.753494281141008,0.857142857142857,0.44540675990676,0.24759715795517,0.0272891534182701,0.521918556900655,0.258148746207519,0.563368790979081,0.500856986242352,0.466219046656011,0.434016218140612,0.332804105658148,0.574177199990708
"170",0.130123785277144,0.47308117785928,0.0508796972650435,0.0347222222222222,0.104166666666667,0.0345936417579651,0.00323678907527147,0.0637281785899732,0.154169623201806,0.0584930164087387,0.141430540879042,0.0826657615902211,0.0240825469180555,0.0973696807063304,0.143787188054908
"171",0.128533016914117,0.00140973218030875,0.0115362363927394,0.0347222222222222,0.0676923076923077,0.0080990195274353,0.00807874130090909,0.0637281785899732,0.0866503431549095,0.0584930164087387,0.0495313451992525,0.0820069428697377,0.00885573436432319,0.0804078987925993,0.0814884386686447
"172",0.081010089842327,2.22044604925031e-16,0.0244120190731705,0.0347222222222222,0.18925641025641,0.0719416737556458,0.00542604347270024,0.0637281785899732,0.179236466554749,0.078237265738244,0.272058060640218,0.179751161607039,0.0735256872286844,0.151702669382906,0.149566645750977
"173",0.0737612458319751,0.000478678946806594,0.000780752188670301,0.0347222222222222,0.147200854700855,0.0489873290061951,0.0013245145387544,0.0637281785899732,0.0752912098106455,0.0584930164087387,0.0307280274825786,0.0446360812949351,0.0371853277429263,0.0990512987879541,0.0814884386686447
"174",0.0525414666260874,0.00496221722897205,0.00322361080273294,0.157894736842105,0.0861666666666667,0.00729620456695557,0.000214236132556447,0.0637281785899732,0.10666020939833,0.0824140969544261,0.0236315239186367,0.0449446269884469,0.042118926762806,0.119435063924813,0.0486900026540786
"175",0.829287902759419,0.985043558910957,0.990132314381786,0.969387755102041,0.913333333333333,0.99507127283141,0.999126751363298,0.899997732185224,0.969770501674777,0.930365884809182,0.871319439233735,0.894520810554346,0.990714798032189,0.930192335160231,0.838995472879515
"176",0.59929150968749,0.464621920202302,0.688453961882994,0.25,0.599808302808303,0.736424148082733,0.762802470612025,0.440126167235292,0.610326904162688,0.55277674855066,0.431485489573208,0.460217631474887,0.531084344557668,0.537878099735997,0.574177199990708
"177",0.0825669501763558,0.00025533939577321,0.000735990546150861,0.0347222222222222,0.0975,0.00806862115859985,0.000171866305739197,0.0637281785899732,0.0752912098106455,0.0584930164087387,0.051856610002974,0.0524427997416365,0.0399892988331625,0.098560834829606,0.0814884386686447
"178",0.12691680051344,0.00719136971721519,0.0494443156976356,0.0347222222222222,0.10025641025641,0.00398188829421997,0.000644140632585868,0.0637281785899732,0.0347833497849617,0.0584930164087387,0.0607541591224454,0.0493821506771282,0.00916637595374403,0.0800015524931289,0.0907752934495972
"179",0.0908016143260267,2.00924413500191e-05,0.0193903021475531,0.157894736842105,0.169583333333333,0.01179039478302,0.00113629183878067,0.0637281785899732,0.125145281716678,0.109295540901578,0.0919834346117233,0.127429477826229,0.026151117389021,0.186168895047698,0.115998189111505
"180",0.772541707654735,0.938316911423049,0.977297167964661,0.969387755102041,0.586333333333333,0.951012618839741,0.984050536124044,0.846314254673192,0.88381695546664,0.874199478333831,0.665925865885296,0.693584155267253,0.976828590261036,0.810084841268658,0.725565958349461
"181",0.123269422319461,0.0923430976300873,0.00349388686764722,0.285714285714286,0.202513986013986,0.0642557144165039,0.0128626370581222,0.118786462120933,0.123301031371955,0.0974246875810139,0.179249092389332,0.127930448886569,0.482824414032942,0.220101587038007,0.219071221650596
"182",0.916467515907179,0.999706630384593,0.994842850312928,0.969387755102041,0.937692307692308,0.998966988874599,0.999999774268138,0.932135421121178,0.969770501674777,0.971849574977732,0.97528999554441,0.974666032342323,0.996669962609623,0.93652868749735,0.930568113528096
"183",0.852548068792302,0.992003441624917,0.986873392837739,0.969387755102041,1,0.997550854459405,0.999927287824791,0.932135421121178,0.969770501674777,0.971849574977732,0.936412650661696,0.938218243519943,0.994981351462284,0.936200479620127,0.896593680438097
"184",0.0562286337371355,0.012261589725791,0.00214712422624221,0.0347222222222222,0.0416849816849817,0.00462150573730469,0.00265489047950272,0.0637281785899732,0.0717481013255703,0.0584930164087387,0.0273596231467384,0.0512187358479341,0.0290008987816033,0.100597103651482,0.0486900026540786
"185",0.0446540718730884,0.000373962461882455,0.000193042777210498,0.0347222222222222,0.115,0.0221034288406372,0.000346152213760432,0.151210655391546,0.179067281773291,0.122828972501982,0.0149856933706316,0.160783203306733,0.112617676270957,0.219157532464647,0.0536529866290671
"186",0.785096633254801,0.873147595643152,0.994698659932446,0.969387755102041,0.857865384615385,0.734507501125336,0.909700241832653,0.899997732185224,0.866343074718189,0.922051406713029,0.838002571829732,0.76750793942862,0.104013960390104,0.853712027967024,0.807822094218448
"187",0.941346289925811,0.999999944568033,0.997946673877149,0.969387755102041,0.989090909090909,0.997996577993035,0.999992649424274,0.932135421121178,0.969770501674777,0.971849574977732,0.95857240689268,0.974666032342323,0.998501883875214,0.935982132657284,0.926675267358786
"188",0.784001320083105,0.972173484144372,0.988107165338431,0.969387755102041,0.835833333333333,0.997772114817053,0.999855422957529,0.899997732185224,0.891539372613489,0.922051406713029,0.876348807769169,0.816085344192758,0.998819952311696,0.853712027967024,0.820935133941178
"189",0.672872071489408,0.000198646787908857,0.751972755123101,0.857142857142857,0.736419413919414,0.970711339265108,0.989724483741314,0.651226732262314,0.685829010666503,0.687140778317093,0.722777603800239,0.720777837240633,0.993712736788159,0.656932340764452,0.669792056318098
"190",0.132875824418996,0.00463436017199755,0.00237541773618665,0.285714285714286,0.217,0.0361648797988892,0.020441881401424,0.118786462120933,0.123301031371955,0.0732228835294206,0.0967503298187935,0.127923974907493,0.0406872649298438,0.220101587038007,0.139294742887656
"191",0.887638353493354,0.999738213052418,0.998692017383133,0.969387755102041,0.844358974358974,0.997047072742134,0.999936127792009,0.899997732185224,0.969770501674777,0.930365884809182,0.955712464762412,0.920454322537921,0.995808956922425,0.930192335160231,0.904366572916862
"192",0.0516074785108879,0.336019202412464,0.000872119199568569,0.0347222222222222,0.534166666666667,0.485423624515533,0.913803777662313,0.118786462120933,0.266221797782009,0.160585724905681,0.249547385153291,0.253017608354759,0.832074306032513,0.328317134066018,0.142281283964972
"193",0.910467359246271,0.99994037835167,0.998279774408245,0.969387755102041,0.998970223325062,0.998899901635014,0.999996795317749,0.932135421121178,0.969770501674777,0.971849574977732,0.97528999554441,0.963553597875405,0.991153173816777,0.93652868749735,0.930568113528096
"194",0.392697494501866,0.550744739764568,0.119398482090441,0.285714285714286,0.295640552995392,0.045914351940155,0.229608802838843,0.118786462120933,0.163355737159142,0.0732228835294206,0.425243322030356,0.19139459782754,0.0277063804933959,0.220101587038007,0.327253800685293
"195",0.055131180246638,0.011267238748152,0.0073244873858213,0.0347222222222222,0.0975897435897436,0.0226085186004639,0.0045912397806972,0.0637281785899732,0.0347833497849617,0.0584930164087387,0.0263289200577279,0.0725730821038499,0.0173369236570461,0.0804078987925993,0.0486900026540786
"196",0.568228634505483,0.928273915398185,0.779295886118487,0.230769230769231,0.627979797979798,0.96047730743885,0.99822537895637,0.75920293658906,0.661839222211602,0.480321083276451,0.680887572402756,0.701767637643769,0.996771993810331,0.495590935744933,0.689493846670397
"197",0.156105467400166,0.00579834199901288,0.0137285519094962,0.0347222222222222,0.15375,0.00762844085693359,0.000490648735616319,0.0664966995720473,0.0775535423858018,0.0584930164087387,0.097864921794949,0.0560090102685671,0.0124417701809906,0.0800015524931289,0.134997555344092
"198",0.738386405977145,0.971636797010306,0.982683036203915,0.969387755102041,0.688727272727273,0.954036675393581,0.982261205115075,0.826264330207405,0.855511074508613,0.922051406713029,0.723336438662803,0.822853630649362,0.977130248213112,0.853255623420872,0.721393873099573
"199",0.826137711300273,2.22044604925031e-16,0.978368921367353,0.969387755102041,0.967354838709677,0.997419371968135,0.999885759018349,0.904017792815866,0.969770501674777,0.930365884809182,0.922686659452698,0.948982543548298,0.996866801038398,0.930192335160231,0.859580573434544
"200",0.0875221109871866,0.00044905436527753,0.00329135288652515,0.157894736842105,0.0654166666666667,0.00471329689025879,0.000226487272558226,0.0637281785899732,0.0521973678456598,0.0824140969544261,0.0925479798887068,0.0648688096105051,0.0259902448286157,0.100597103651482,0.107308009172494
"201",0.246587852971983,0.000104829388892932,0.00353737807255867,0.285714285714286,0.24,0.0797082781791687,0.0296291102196334,0.118786462120933,0.163355737159142,0.0732228835294206,0.197205928643662,0.116133795563595,0.0626832580306491,0.220101587038007,0.204445023656941
"202",0.888194953229322,1,0.998172676612969,0.857142857142857,0.824,0.978799253702164,0.999975866013401,0.75920293658906,0.815187707325669,0.769264138193989,0.860970413399888,0.908265502490579,0.998287193364494,0.768388367137501,0.810017061110064
"203",0.837110791160874,0.982094805845577,0.979557791373864,0.969387755102041,0.947692307692308,0.991021159105003,0.999823721725503,0.889265314254169,0.967414571683639,0.953010343189376,0.773213528529452,0.938526830489558,0.994864565759679,0.915427857075711,0.761162180548516
"204",0.0529026842211838,0.00170101469871585,0.000800106420241515,0.0347222222222222,0.257518315018315,0.708246648311615,0.716250726746542,0.118786462120933,0.175909721620963,0.122828972501982,0.0225600165061868,0.0809486164289473,0.213270827797269,0.231064889246811,0.0486900026540786
"205",0.0540054033323727,0.000722519943594792,0.000708003115640628,0.0347222222222222,0.085,0.00691825151443481,0.0339618274534497,0.0637281785899732,0.0866503431549095,0.0584930164087387,0.0236315239186367,0.0797810187086566,0.0111706296109,0.0804078987925993,0.0486900026540786
"206",0.671729985117682,0.307646606521455,0.961558791716988,0.857142857142857,0.554086080586081,0.617724061012268,0.53505314712752,0.651226732262314,0.649320162501189,0.687140778317093,0.643404715313313,0.492559694075604,0.63466012278727,0.705837600418977,0.636648521196582
"207",0.76945594523408,0.982447155988982,0.986646906043182,0.969387755102041,0.923186147186147,0.998933083610609,0.996575444823428,0.932135421121178,0.958519840487672,0.96831968220547,0.91096082152623,0.934879374225336,0.99876290891161,0.925900036229672,0.869665492193102
"208",0.0865977890116887,0.140867198918737,0.00899867465541618,0.0347222222222222,0.228075854700855,0.0618792772293091,0.0166148848152108,0.0637281785899732,0.072465567917824,0.078237265738244,0.0518159694230081,0.0720536470682122,0.0701888518383058,0.0978548606294259,0.0814884386686447
"209",0.637437639255111,0.820329209729835,0.933231443453729,0.857142857142857,0.398666666666667,0.279701828956604,0.139395863011918,0.640825532135119,0.835813875770861,0.687140778317093,0.554878217133572,0.395008887700171,0.0166339107143153,0.660601060421224,0.574177199990708
"210",0.767897784739233,0.996672604487062,0.993291876550619,0.969387755102041,0.894986263736264,0.996776098851115,0.99972569139858,0.89366584045598,0.93379628050089,0.947246355911662,0.896638271224155,0.932910540122009,0.999373883201748,0.87233413194575,0.844934039198919
"211",0.934878920610072,0.999999204668344,0.999136628340491,0.969387755102041,0.839523809523809,0.923995949327946,0.978574978293656,0.932135421121178,0.96197276739957,0.93203779998909,0.813916015922115,0.893843372219786,0.792097799325308,0.913610608452706,0.788820797568061
"212",0.663100160191421,0.904201209529928,0.9605714372611,0.857142857142857,0.631893939393939,0.793443948030472,0.943467597901653,0.651226732262314,0.835813875770861,0.687140778317093,0.591631283688872,0.608078795343554,0.992968160324623,0.706979965100136,0.577752769048498
"213",0.924496640141746,0.999713032505127,0.995456230972015,0.969387755102041,0.957307692307692,0.996348134474829,0.999989258212024,0.932135421121178,0.969770501674777,0.971849574977732,0.962438268697413,0.963553597875405,0.99265394389329,0.935982132657284,0.927663855387239
"214",0.0833714490947049,0.00560977602273988,0.00138060840104997,0.0347222222222222,0.0489230769230769,0.00212395191192627,0.000107375622932842,0.0637281785899732,0.0347833497849617,0.0584930164087387,0.0495313451992525,0.08620470921121,0.0198819714762193,0.0804078987925993,0.0814884386686447
"215",0.0839667390463455,0.000946977021480475,0.00193691547631551,0.0347222222222222,0.0211294261294261,0.00652742385864258,0.00018678921594931,0.0637281785899732,0.0521973678456598,0.0584930164087387,0.0495313451992525,0.0440783849779413,0.0250398990162637,0.0990512987879541,0.0814884386686447
"216",0.124626831556056,0.471917944801893,0.0748246524875306,0.0347222222222222,0.174333333333333,0.00632172822952271,0.00180537102855707,0.0664966995720473,0.0847424891989668,0.0584930164087387,0.226913599908889,0.0800322653016552,0.0487695760327037,0.163486091491213,0.176936992523637
"217",0.75120497058025,0.935641918901194,0.988158183507098,0.969387755102041,0.841615384615385,0.856110200285912,0.998281518502034,0.744247069149267,0.866773415670668,0.874199478333831,0.790272385268646,0.764401935621264,0.952588220247672,0.765510595793606,0.70109452456423
"218",0.0852616195931294,0.240612082126656,0.00550205830570197,0.157894736842105,0.123333333333333,0.00485992431640625,0.00558835209203006,0.0637281785899732,0.0521973678456598,0.109295540901578,0.0831340431638606,0.104100483897914,0.036631100551147,0.100597103651482,0.115998189111505
"219",0.0714838578104354,0.00111251192471224,0.000954980882406331,0.0347222222222222,0.0727564102564103,0.00535362958908081,0.000358542840887337,0.0664966995720473,0.0866503431549095,0.0584930164087387,0.0322004700452765,0.081976969187704,0.0119285314301689,0.141165039815837,0.0814884386686447
"220",0.148781218571778,0.0031944571185915,0.170013986999993,0.157894736842105,0.457027777777778,0.418620228767395,0.653894106266569,0.487861864794985,0.252056584146096,0.16835590302989,0.0804515915106029,0.453626117166626,0.740412312578115,0.312575827749322,0.0814884386686447
"221",0.179996675862089,0.617656197475374,0.120364306678096,0.285714285714286,0.118428571428571,0.00688713788986206,0.00612536110143895,0.118786462120933,0.123301031371955,0.078237265738244,0.295663794018376,0.0836661834296227,0.0123646708055246,0.197630914813425,0.292831831118161
"222",0.627526968400985,0.631203495907032,0.712055883474809,0.25,0.560419580419581,0.502839088439941,0.0791636163191665,0.521918556900655,0.548974722499085,0.563368790979081,0.666861731635589,0.531599323895337,0.644876991372678,0.502009655547159,0.642912894322406
"223",0.197723502580249,0.00651692060191858,0.0015475968922692,0.285714285714286,0.17875,0.474600195884705,0.00635658959758505,0.118786462120933,0.358264735299235,0.0974246875810139,0.149409122637007,0.300215086065751,0.129817613229856,0.420539753296973,0.219071221650596
"224",0.899534394718178,0.999976931756019,0.992368373605636,0.969387755102041,0.949354838709677,0.999296439695172,0.99986035248747,0.932135421121178,0.937466172270628,0.971849574977732,0.97528999554441,0.959519931239008,0.991300321528785,0.890460769405099,0.930568113528096
"225",0.617812365133634,0.642615774929639,0.656831820778524,0.25,0.60542735042735,0.910208970308304,0.941701028569009,0.440126167235292,0.665130908565155,0.55277674855066,0.682167799108219,0.603073989670871,0.574882996838869,0.54351816101088,0.67897545456554
"226",0.81955369314998,0.661978561552161,0.792163696499038,0.769230769230769,0.648429487179487,0.652245849370956,0.0808343463346783,0.846314254673192,0.725408219303819,0.690736387302311,0.460752981236122,0.68951038158356,0.981839566884962,0.672941220736804,0.579293557431878
"227",0.645514720160425,0.846276619819439,0.94515229530197,0.857142857142857,0.664507187257187,0.446600615978241,0.653486702568136,0.640825532135119,0.76524903568107,0.687140778317093,0.729924581849491,0.720717431062531,0.555640649244956,0.710530955088831,0.659775006361485
"228",0.923158366322534,0.99999945502256,0.997109749624587,0.969387755102041,0.964358974358974,0.999078899039887,0.99999685651986,0.932135421121178,0.969770501674777,0.971849574977732,0.97528999554441,0.974666032342323,0.998723955571294,0.93652868749735,0.930568113528096
"229",0.795735408449589,0.972922558759812,0.990421248842599,0.969387755102041,0.939615384615385,0.999233928450849,0.999953245139503,0.89366584045598,0.967414571683639,0.947246355911662,0.942174402682035,0.922762352026391,0.998781972298336,0.901636862994318,0.889839003610556
"230",0.0686357650346609,0.129879281991146,0.0103105578745969,0.0347222222222222,0.109589743589744,0.011528491973877,0.000199264806955851,0.0637281785899732,0.271403620036325,0.0584930164087387,0.0788924103380197,0.089331434284399,0.0555240941805191,0.163486091491213,0.0954918970252882
"231",0.756166016319325,0.968144498796775,0.962423567588379,0.769230769230769,0.843809523809524,0.864687830209732,0.98862503650625,0.889265314254169,0.831512880787719,0.849000225138825,0.472574447260056,0.909603103056748,0.993036343388936,0.741651620282743,0.579293557431878
"232",0.0517949209039919,0.000504878079347067,0.000730203187481848,0.157894736842105,0.0144285714285714,0.0116157531738281,0.000598065705511675,0.0637281785899732,0.126624645727072,0.0824140969544261,0.0236315239186367,0.0588945360916082,0.0101657894387258,0.098560834829606,0.0486900026540786
"233",0.0973014463877711,0.0377189174999129,0.0084510041815883,0.0347222222222222,0.037,0.00566887855529785,0.00287394828029126,0.0637281785899732,0.0826204487130719,0.0584930164087387,0.0881722836569479,0.0669034813407326,0.0147481578652025,0.0800015524931289,0.0943830050100972
"234",0.483097702388258,0.0438283305097599,0.412675671613509,0.230769230769231,0.404166666666667,0.503427386283875,0.115288373187141,0.440126167235292,0.168978167802525,0.260201317882664,0.287409918186753,0.457305338709779,0.714374599655475,0.341897055593102,0.462852553553149
"235",0.891458539287054,0.999999268890473,0.999239454917534,0.969387755102041,0.957692307692308,0.995358206797391,0.999980061275797,0.932135421121178,0.969770501674777,0.971849574977732,0.961177574377249,0.967523237766451,0.996664568175269,0.935982132657284,0.923559570449942
"236",0.655092628336542,0.68003679306894,0.940571420617464,0.857142857142857,0.6866336996337,0.677232682704926,0.903170982102736,0.651226732262314,0.649320162501189,0.687140778317093,0.591831045904472,0.405459958308634,0.620612018296562,0.705837600418977,0.577752769048498
"237",0.639934864173029,0.971389120053731,0.977634252519603,0.857142857142857,0.743226495726496,0.992154020816088,0.991746120663566,0.640825532135119,0.709656054205345,0.687140778317093,0.787293683302723,0.77003406676343,0.995095023913256,0.613214505329039,0.688700080071995
"238",0.901252778482136,0.980481610766788,0.966335919600797,0.769230769230769,0.892424242424242,0.991108778864145,0.996001764525937,0.89366584045598,0.831512880787719,0.849000225138825,0.848761615853606,0.817523042803449,0.987772388916831,0.75652249464149,0.831349745293529
"239",0.944467340403605,0.999999999999879,0.989783107886985,0.969387755102041,0.97,0.99844627303537,0.99994590986138,0.932135421121178,0.969770501674777,0.971849574977732,0.97528999554441,0.968365384696291,0.997431183905021,0.921723097569525,0.930568113528096
"240",0.0529020492934286,0.000105840160740201,0.000222800022386781,0.0347222222222222,0.0614285714285714,0.0024457573890686,0.000605276857894184,0.0637281785899732,0.0752912098106455,0.0584930164087387,0.0236315239186367,0.0620501069645584,0.0365944186770225,0.100597103651482,0.0486900026540786
"241",0.0520597008607224,0.00361159590265274,0.00127124878155123,0.0347222222222222,0.020970695970696,0.0019453763961792,0.000626343384211021,0.0637281785899732,0.0347833497849617,0.0584930164087387,0.0236315239186367,0.0416383710582395,0.0174349375165315,0.0804078987925993,0.0486900026540786
"242",0.0792445681590906,2.22044604925031e-16,0.456371774407008,0.157894736842105,0.290333333333333,0.36030375957489,0.027610072769389,0.0637281785899732,0.271403620036325,0.109295540901578,0.0755090266546191,0.106636103001239,0.908084906786447,0.197260054724276,0.0954918970252882
"243",0.789437487001832,2.22044604925031e-16,0.953884996366517,0.969387755102041,0.769358974358974,0.981821659952402,0.990844874405988,0.899997732185224,0.891539372613489,0.922051406713029,0.922686659452698,0.899483940128414,0.998141701010286,0.826515148394411,0.859580573434544
"244",0.77846419070574,0.999730531644388,0.990628768631563,0.969387755102041,0.852,0.920184426009655,0.996877479437627,0.899997732185224,0.927727312022512,0.922051406713029,0.87122669938813,0.842397574178637,0.9932798372434,0.856525626912175,0.838995472879515
"245",0.0861309947526753,0.0122714348134864,0.00671104136835732,0.0347222222222222,0.219242521367521,0.0514588356018066,0.0017123247169717,0.0637281785899732,0.072465567917824,0.078237265738244,0.0518159694230081,0.0568569026296348,0.0776875797816045,0.0978548606294259,0.0814884386686447
"246",0.636568593328083,0.982872825796921,0.896791998810838,0.25,0.357977272727273,0.287877380847931,0.86514360127911,0.640825532135119,0.701323850746608,0.687140778317093,0.666861731635589,0.479097967857602,0.829128484697038,0.710530955088831,0.642912894322406
"247",0.793068316618159,0.999751616069233,0.997409518473876,0.969387755102041,0.812,0.969358634203672,0.99635339237023,0.826264330207405,0.855511074508613,0.922051406713029,0.937621536419177,0.872636095279512,0.994181668807097,0.875769986817454,0.865555879287551
"248",0.0836503979251096,0.00044996025807759,0.000913608757641193,0.0347222222222222,0.034,0.011871874332428,0.00911113050640852,0.0637281785899732,0.0347833497849617,0.078237265738244,0.051856610002974,0.0526006705515222,0.0235540068100946,0.0804078987925993,0.0814884386686447
"249",0.772766869280376,0.850375147556812,0.991860794149884,0.969387755102041,0.866043956043956,0.994212237652391,0.953453747976378,0.81621717307571,0.95532748309441,0.947246355911662,0.830752249185432,0.729626922253866,0.998981727545707,0.877218814325465,0.803180632595283
"250",0.0824835436028685,0.0843096671001843,0.00479166545089159,0.0347222222222222,0.0583040293040293,0.0041654109954834,0.00799020033276604,0.0637281785899732,0.0347833497849617,0.078237265738244,0.051856610002974,0.115560912873104,0.147734858617007,0.0804078987925993,0.0814884386686447
"251",0.5338760795966,0.116194437321395,0.763049384104294,0.230769230769231,0.374972222222222,0.00610113143920898,0.000552236153069152,0.640825532135119,0.458354414977318,0.384608458271161,0.390860847068973,0.359831447107838,0.00364083889486837,0.394304998926587,0.437538458489839
"252",0.052912567695534,1.38037520529638e-05,0.000196506810522128,0.0347222222222222,0.0133333333333333,0.000343799591064453,1.8909060766283e-06,0.0637281785899732,0.0347833497849617,0.0584930164087387,0.0236315239186367,0.0360918353244673,0.0142048950517739,0.0800015524931289,0.0486900026540786
"253",0.126354009803217,0.0807831478415884,0.0181823858221311,0.0347222222222222,0.112,0.0164698958396912,0.000174425610680869,0.0637281785899732,0.0775535423858018,0.0584930164087387,0.124829706850843,0.076999457389064,0.00755875667652082,0.0816891333676436,0.126937232854381
"254",0.082321855592518,0.00183797052207542,0.0170189159982611,0.157894736842105,0.109861111111111,0.0384036302566528,0.0188677675360807,0.0637281785899732,0.126624645727072,0.0824140969544261,0.0597418970677044,0.0719185740971923,0.0108744451666544,0.098560834829606,0.0860638389083268
"255",0.882099612092641,0.997502424948243,0.99718422961,0.969387755102041,0.979615384615385,0.999225373321678,0.999993952385074,0.89366584045598,0.968520906002208,0.953010343189376,0.957253424588514,0.963592555724515,0.990753831819588,0.93652868749735,0.919413969613657
"256",0.0847173874319432,0.00114964310969729,0.00126865401007148,0.0347222222222222,0.05625,0.00443851947784424,2.5476140938001e-06,0.0637281785899732,0.0521973678456598,0.0584930164087387,0.0441293767063286,0.0410952804772308,0.0353190163441488,0.098560834829606,0.0814884386686447
"257",0.0828077869391685,0.000390940696402332,0.00155596077689719,0.0347222222222222,0.128942307692308,0.0197020173072815,0.0200284447340199,0.0637281785899732,0.0347833497849617,0.0584930164087387,0.0806738952863314,0.0513889509068783,0.0130600798692713,0.0816891333676436,0.105913614088189
"258",0.959832468725765,0.999997171234945,0.999154685554487,0.969387755102041,0.942307692307692,0.999043106334284,0.999996686779058,0.932135421121178,0.969770501674777,0.971849574977732,0.97528999554441,0.971543779316481,0.993746136515367,0.93652868749735,0.930568113528096
"259",0.836871644441572,0.996309616021436,0.998150491269443,0.969387755102041,0.901025641025641,0.978124279528856,0.998622030560962,0.929200792253499,0.953580847230423,0.96831968220547,0.959938069556436,0.944678384381664,0.998500388959498,0.886443134902974,0.914884542390931
"260",0.0973930764204032,0.00179759625054948,0.00164453611036231,0.0347222222222222,0.09875,0.00546753406524658,1.14435331277419e-05,0.0664966995720473,0.0347833497849617,0.0584930164087387,0.0598117392946438,0.0562399498127793,0.0279077433174338,0.0800015524931289,0.103366988716788
"261",0.755734522207003,0.959254962871638,0.975129054487499,0.969387755102041,0.695,0.984651767648757,0.985955330327166,0.744247069149267,0.887431315854201,0.874199478333831,0.865622377923625,0.81326992582241,0.908199586810787,0.856525626912175,0.783232545265652
"262",0.0542757316380013,0.000849368720288176,0.00128641868478341,0.0347222222222222,0.0235897435897436,0.000863969326019287,7.81165710319278e-06,0.0637281785899732,0.0347833497849617,0.0584930164087387,0.0236315239186367,0.0360918353244673,0.0177683540815796,0.0800015524931289,0.0486900026540786
"263",0.851696177503653,0.965621586679723,0.994174493389525,0.969387755102041,0.897307692307692,0.982686368748546,0.998490811287099,0.899997732185224,0.969770501674777,0.930365884809182,0.897021936361986,0.924226686683562,0.990540545073309,0.930192335160231,0.848776247422463
"264",0.0523804119631537,2.27048758032881e-05,0.000322770783657337,0.0347222222222222,0.03375,0.00392049551010132,1.34552532149593e-07,0.0637281785899732,0.0521973678456598,0.0584930164087387,0.0225600165061868,0.0339834601964448,0.0176974757071413,0.098560834829606,0.0486900026540786
"265",0.540320247114214,0.986212488368108,0.861660737966221,0.230769230769231,0.461816239316239,0.642576456069946,0.728473008047187,0.651226732262314,0.309318061858036,0.384608458271161,0.398678053163655,0.697830763282558,0.808110057107005,0.394304998926587,0.462852553553149
"266",0.07578548969726,0.000243542840197567,0.00127837509542941,0.0347222222222222,0.12425641025641,0.0725216865539551,0.000734633994179875,0.0637281785899732,0.161895455183396,0.0584930164087387,0.0322004700452765,0.0490684518755271,0.0279150780742848,0.0990512987879541,0.0814884386686447
"267",0.767645003816151,0.485130813346991,0.968793958815562,0.969387755102041,0.794904761904762,0.934423714876175,0.990719447758941,0.832697455449003,0.866343074718189,0.922051406713029,0.844583754092329,0.857963927017472,0.936709299184499,0.853712027967024,0.768338979571338
"268",0.509902414950629,0.0264610570343386,0.328546546468076,0.230769230769231,0.422449494949495,0.213333785533905,0.134251837552391,0.521918556900655,0.265369617100354,0.268553638289753,0.355715874995051,0.43606678557368,0.0134773456923825,0.33690370588406,0.437538458489839
"269",0.0531349237586491,0.00770473873965994,0.00153905048076024,0.0347222222222222,0.02,0.0014457106590271,0.000173547205465268,0.0637281785899732,0.0347833497849617,0.0584930164087387,0.0237035580579061,0.0360918353244673,0.0146398499161191,0.0800015524931289,0.0486900026540786
"270",0.138987439290613,6.0831133407518e-05,0.00967679456810202,0.0347222222222222,0.207619047619048,0.0122367739677429,0.0012728335751314,0.0637281785899732,0.0752912098106455,0.0584930164087387,0.256199275519131,0.100694171535509,0.0336615979682907,0.100597103651482,0.194353982119024
"271",0.975614523871889,1,0.998963490684383,0.969387755102041,0.945892857142857,0.996673250803724,0.999984175825458,0.89366584045598,0.851906071613239,0.953010343189376,0.935209493007759,0.957157845535326,0.997989975721848,0.825263086533591,0.889839003610556
"272",0.0532127086603587,0.000848465574837622,0.000973476570824535,0.0347222222222222,0.0045,0.00113630294799805,6.51990631625382e-05,0.0637281785899732,0.0347833497849617,0.0584930164087387,0.0233639116798831,0.0494299764236439,0.0196713060078113,0.0816891333676436,0.0536529866290671
"273",0.894709785306805,0.995659394055122,0.995548318867376,0.969387755102041,0.932307692307692,0.991669691167772,0.999774462050381,0.899997732185224,0.969770501674777,0.930365884809182,0.922657414434051,0.934122813688581,0.994696531087808,0.930192335160231,0.864922636010326
"274",0.46901160305341,0.0573082424101883,0.306736511863184,0.230769230769231,0.219772588522589,0.00455302000045776,6.8623997617389e-05,0.324784818240336,0.158375406316907,0.260201317882664,0.251424731660979,0.102896608726276,0.00364380036677895,0.229020503307403,0.437538458489839
"275",0.785457200159949,0.988994733653349,0.995283983184032,0.969387755102041,0.919615384615385,0.988980616442859,0.999263442053726,0.899997732185224,0.891539372613489,0.922051406713029,0.929628685056757,0.911953932034957,0.963664360098853,0.856525626912175,0.866623961830661
"276",0.087051138204944,0.000430982162036804,0.00425811345382988,0.0347222222222222,0.117692307692308,0.0039326548576355,0.000209384460480568,0.0637281785899732,0.0826204487130719,0.0584930164087387,0.0570843415024424,0.0493821506771282,0.0158271616983665,0.0804078987925993,0.0860638389083268
"277",0.136165068725401,0.0309869574161511,0.0374067026012981,0.0347222222222222,0.0678571428571429,0.00453788042068481,5.27154304589258e-05,0.0637281785899732,0.0775535423858018,0.0584930164087387,0.112088664917862,0.0581958154293824,0.00795505213750533,0.0800015524931289,0.128314776787424
"278",0.644422890814765,0.245354505435163,0.623293378733051,0.25,0.385225885225885,0.113881349563599,0.346507646951084,0.614201566087804,0.55368886672737,0.769264138193989,0.719298935148885,0.751735502497994,0.0337389025806833,0.464817908546059,0.675776018526328
"279",0.0834696682738008,0.0107035093782685,0.00644332973808293,0.0347222222222222,0.140825854700855,0.0263429880142212,0.0107193910386204,0.0637281785899732,0.072465567917824,0.0584930164087387,0.0518159694230081,0.0609578560312371,0.0527702210249581,0.0973696807063304,0.0814884386686447
"280",0.928298193107723,0.999639475004684,0.997730117316951,0.969387755102041,0.986666666666667,0.99938616756117,0.999992661444786,0.89366584045598,0.93379628050089,0.953010343189376,0.91994330302751,0.943951692084997,0.993704364928869,0.889731062614399,0.874648471935688
"281",0.9508236058646,0.999914652679398,0.998901389855601,0.969387755102041,0.89,0.999476682452951,0.999998805378518,0.932135421121178,0.969770501674777,0.971849574977732,0.961641158707714,0.959579682267886,0.988117234803752,0.93652868749735,0.909400287137259
"282",0.0723084487077859,0.553374377764062,0.00945972318382918,0.0347222222222222,0.177673076923077,0.00437080860137939,0.000558769258565113,0.0637281785899732,0.0847424891989668,0.0584930164087387,0.0755090266546191,0.061346198036941,0.0548757217862023,0.163486091491213,0.0954918970252882
"283",0.753017142180264,0.954684134500791,0.99482843330642,0.969387755102041,0.733698717948718,0.826082035899162,0.997307358357075,0.744247069149267,0.845667495850903,0.874199478333831,0.607623925197603,0.756193664818626,0.996899180076672,0.776421341802124,0.602765868548236
"284",0.75523962664584,0.862890074275797,0.862071984732729,0.857142857142857,0.875747863247863,0.988771613687277,0.958891690859782,0.837471400250986,0.893554203036446,0.778496646385294,0.931670263618242,0.928984886767188,0.999659535942172,0.828811665545869,0.857902815132555
"285",0.642372077048068,0.569708005886456,0.98182319301553,0.769230769230769,0.545833333333333,0.278464555740356,0.444847218253991,0.826264330207405,0.496030518821968,0.770958734695253,0.574906625000788,0.782723241281543,0.687906051929104,0.612898357970186,0.599003155133797
"286",0.63806638848255,0.329776819340432,0.887379518880411,0.25,0.308477272727273,0.12918609380722,0.081625501685676,0.640825532135119,0.701323850746608,0.687140778317093,0.666861731635589,0.578924406168884,0.386556796989621,0.710530955088831,0.642912894322406
"287",0.0544207164753175,0.000735799691849372,0.00073934832086274,0.0347222222222222,0.07,0.00318628549575806,0.00809825990497999,0.0637281785899732,0.0775535423858018,0.0584930164087387,0.0236315239186367,0.072125551920982,0.0111706296109,0.0804078987925993,0.0486900026540786
"288",0.91528383604775,0.999495784962692,0.992570047999125,0.969387755102041,0.977688172043011,0.993304742500186,0.999083389287267,0.932135421121178,0.969770501674777,0.96714531024362,0.919168077708689,0.940651482242841,0.99092293812355,0.93652868749735,0.859580573434544
"289",0.771184980216042,0.0223607083870022,0.998581121191056,0.969387755102041,0.797034965034965,0.4970663189888,0.957343514352976,0.832697455449003,0.862156785279406,0.923906625000192,0.821292416856504,0.837317652974661,0.0182451814194391,0.813927565054971,0.781245699754154
"290",0.644030552469269,0.572051204430976,0.820363686892344,0.857142857142857,0.681038461538461,0.865065887570381,0.642636728780274,0.640825532135119,0.607740895376083,0.576302196823813,0.676919110596365,0.553497351750929,0.500358628572411,0.705837600418977,0.613002943817799
"291",0.122335403506677,0.686354523910679,0.0267088795853401,0.0347222222222222,0.24651948051948,0.0366033315658569,0.00128021284201388,0.0664966995720473,0.355761157484437,0.0584930164087387,0.275182099548177,0.106625883457221,0.0711161188315513,0.317165454997917,0.226709815910408
"292",0.977001283457293,0.999872456929674,0.999196349897899,0.969387755102041,0.986854838709677,0.999537301395321,0.999998551876632,0.932135421121178,0.969770501674777,0.971849574977732,0.97528999554441,0.971543779316481,0.993760450782604,0.93652868749735,0.930568113528096
"293",0.10331427145165,0.00104903505000956,0.000814675421024503,0.0347222222222222,0.0875,0.0807373523712158,0.000564955527410896,0.118786462120933,0.176908407524665,0.0584930164087387,0.242737947403909,0.105475680676582,0.0248398892230383,0.171271906336837,0.226709815910408
"294",0.942530202302371,0.999179782561874,0.991242537111108,0.969387755102041,0.972424242424242,0.999162065738346,0.99994229484557,0.932135421121178,0.968520906002208,0.971849574977732,0.95523167057549,0.955048872287002,0.990755411490569,0.93652868749735,0.919413969613657
"295",0.0567819101271727,0.00042195952737019,0.000267583183100045,0.0347222222222222,0.0598611111111111,0.00186538696289062,2.62794919401398e-05,0.0637281785899732,0.0347833497849617,0.0584930164087387,0.0261235980065442,0.0405608778444252,0.0210354879772215,0.0800015524931289,0.0486900026540786
"296",0.537099712534849,0.444561160893266,0.847137312466454,0.230769230769231,0.551809523809524,0.782310888171196,0.96087926489487,0.651226732262314,0.429418866426984,0.384608458271161,0.398678053163655,0.722507847975537,0.794717415176319,0.394304998926587,0.462852553553149
"297",0.237857381311678,0.448749024435403,0.0435502381455979,0.285714285714286,0.289347319347319,0.0090104341506958,0.00470704361369129,0.118786462120933,0.163355737159142,0.0732228835294206,0.215526309261837,0.116133795563595,0.0273035692802327,0.220101587038007,0.244883571134329
"298",0.667950559293748,0.384917021502469,0.928753595804789,0.857142857142857,0.755363247863248,0.887210182845592,0.0519800240754581,0.837471400250986,0.901614068900847,0.850191158649188,0.885531295082459,0.844248799227201,0.998968410820321,0.837070073777944,0.837118365719781
"299",0.91557322327185,0.933420584462949,0.998121056146778,0.969387755102041,0.938736263736264,0.99934051168384,0.99999793766048,0.932135421121178,0.969770501674777,0.96831968220547,0.968117450809637,0.963553597875405,0.998798541880001,0.93652868749735,0.912787624024419
"300",0.917407518476639,0.999996499146491,0.997961402521656,0.969387755102041,0.722442307692308,0.972689893096685,0.999970955325389,0.846314254673192,0.917508304981034,0.886992565417424,0.87583670608553,0.897147572250038,0.997579107350345,0.879324875479401,0.845045300510313
"301",0.0515821120289861,0.000426841891748673,0.000208516320693125,0.0347222222222222,0.2125,0.214609920978546,0.00939655593085434,0.151210655391546,0.252056584146096,0.122828972501982,0.0243983318586222,0.155844791575331,0.314963606105838,0.260846158404413,0.0536529866290671
"302",0.0531903737285375,4.81373476413941e-05,0.000512260647546533,0.157894736842105,0.133789682539683,0.00589120388031006,0.000197778574116496,0.0637281785899732,0.0521973678456598,0.0824140969544261,0.0225600165061868,0.0474065181235927,0.0204839871733558,0.100597103651482,0.0486900026540786
"303",0.0848635629741478,0.00729060909323514,0.0068921786997869,0.0347222222222222,0.181492521367521,0.00892472267150879,0.00333059914454951,0.0637281785899732,0.072465567917824,0.0584930164087387,0.0518159694230081,0.0480248593354132,0.06043649072242,0.0973696807063304,0.0814884386686447
"304",0.940352929520944,0.999902886192923,0.990852739398682,0.969387755102041,0.943846153846154,0.997387696523219,0.999945771764192,0.932135421121178,0.915495044609995,0.971849574977732,0.949755597878125,0.963477873849424,0.996859401140993,0.887726003036379,0.919413969613657
"305",0.0520925335296761,0.00340660275498738,0.00127041114649486,0.0347222222222222,0.110666666666667,0.0159976482391357,8.50272021002468e-05,0.0637281785899732,0.0551822177023505,0.0584930164087387,0.0236315239186367,0.0417636640952994,0.0418483761995126,0.0990512987879541,0.0486900026540786
"306",0.626769356530463,0.632626195532753,0.518472884108408,0.25,0.483687423687424,0.775806322693825,0.0432833682456837,0.521918556900655,0.471909709130333,0.563368790979081,0.603450500860567,0.590973365236042,0.984216416146588,0.365806749866394,0.609524131630367
"307",0.130040819300129,0.00918099058270322,0.0253374568224955,0.0347222222222222,0.0515064102564103,0.0168819427490234,0.00281698826127905,0.0637281785899732,0.0347833497849617,0.0584930164087387,0.156977480749971,0.0587799205699244,0.0105020079277695,0.0816891333676436,0.170370857974538
"308",0.772328547565129,0.998921028790931,0.997886367200538,0.969387755102041,0.831393939393939,0.991440070793033,0.999920963822597,0.826264330207405,0.855511074508613,0.922051406713029,0.85675185464868,0.892135318874386,0.998426510985213,0.855396531798316,0.778188566215896
"309",0.8928478034238,0.999634832581068,0.997842611062163,0.969387755102041,0.989615384615385,0.997123904991895,0.999984016869709,0.929200792253499,0.969770501674777,0.971849574977732,0.901401121557913,0.948120960707543,0.99129883415168,0.93652868749735,0.848776247422463
"310",0.0837746582771871,0.0011872060804527,0.00281705309868139,0.0347222222222222,0.00444444444444444,0.000741779804229736,0.000247773519238369,0.0637281785899732,0.0347833497849617,0.0584930164087387,0.0495313451992525,0.0288864913059949,0.0161188555972998,0.0800015524931289,0.0814884386686447
"311",0.64105392176358,0.836368773347184,0.944718360328172,0.857142857142857,0.6725,0.911516241729259,0.944103357011211,0.640825532135119,0.835813875770861,0.687140778317093,0.787223844858345,0.731089189682409,0.994347504391398,0.710530955088831,0.67897545456554
"312",0.631049135470449,0.845943156498963,0.956022638178485,0.857142857142857,0.458759324009324,0.33928769826889,0.785252094382528,0.521918556900655,0.684845565823872,0.563368790979081,0.706126801410379,0.773719527503692,0.394617438175221,0.592305897364878,0.679166827718926
"313",0.066854668772381,0.0171626498362201,0.00160596296926418,0.0347222222222222,0.0174425574425574,0.00327193737030029,0.00111582499985558,0.118786462120933,0.123301031371955,0.0584930164087387,0.0855362753262818,0.0565313834751523,0.014052733464387,0.141165039815837,0.127476890133755
"314",0.0825395715527392,0.000707732260003699,0.00251550554973411,0.0347222222222222,0.0211111111111111,0.000865757465362549,7.91282266583055e-06,0.0637281785899732,0.0347833497849617,0.0584930164087387,0.0495313451992525,0.0298502205413527,0.0167686991758962,0.0800015524931289,0.0814884386686447
"315",0.510436788123968,2.22044604925031e-16,0.206553144588495,0.230769230769231,0.453977272727273,0.298137068748474,0.358277368687017,0.521918556900655,0.265369617100354,0.268553638289753,0.883522976818205,0.43606678557368,0.705041210443557,0.33690370588406,0.716006493554547
"316",0.0926083673310713,4.71770513098566e-05,0.00113936796086632,0.0347222222222222,0.04,0.00162613391876221,0.00054267192320212,0.0664966995720473,0.0775535423858018,0.0584930164087387,0.087921975407985,0.0820536376593221,0.0136099932048412,0.0800015524931289,0.0943830050100972
"317",0.0832221371075465,0.00463693561497321,0.00445783171921154,0.0347222222222222,0.0207142857142857,0.000691771507263184,0.000222109345698878,0.0637281785899732,0.0347833497849617,0.0584930164087387,0.051856610002974,0.0410952804772308,0.0166726777479853,0.0800015524931289,0.0814884386686447
"318",0.0860686203426794,0.000304300465677185,0.00106849840020118,0.0347222222222222,0.0489423076923077,0.00176560878753662,0.0015228834095991,0.0637281785899732,0.0775535423858018,0.0584930164087387,0.0495313451992525,0.0517928518657147,0.0107820084572593,0.0800015524931289,0.0814884386686447
"319",0.763761426317643,0.961723634875037,0.994355044096876,0.969387755102041,0.877115384615385,0.997566669015214,0.992100908968036,0.826264330207405,0.915914704093183,0.922051406713029,0.844252069824794,0.832880668784622,0.980651458815817,0.853712027967024,0.744549749045482
"320",0.0824835436028685,0.00466125497155022,0.00201809220934266,0.157894736842105,0.062275641025641,0.00572919845581055,0.000215843133476611,0.0637281785899732,0.0551822177023505,0.0824140969544261,0.0495313451992525,0.074155097358773,0.0331563993040472,0.0990512987879541,0.0814884386686447
"321",0.809164072795352,0.945644593867908,0.980059146443785,0.969387755102041,0.762476190476191,0.936460547149181,0.981581714431797,0.846314254673192,0.93379628050089,0.886992565417424,0.659308443643207,0.715602011230369,0.98993899467705,0.8787391684957,0.704734663131869
"322",0.108583905348844,0.491974605634022,0.0365865217525846,0.0347222222222222,0.134333333333333,0.00184136629104614,0.00045787761535843,0.0637281785899732,0.0847424891989668,0.0584930164087387,0.162158229315525,0.104724022240675,0.0493139722941911,0.163486091491213,0.154690439174509
"323",0.629040311531999,0.847195945354163,0.938602708678181,0.857142857142857,0.532509324009324,0.382983148097992,0.528772438948341,0.521918556900655,0.684845565823872,0.563368790979081,0.699291766563411,0.508647962300052,0.274538390076652,0.642942544046885,0.656481027475928
"324",0.0847874431829965,0.00165310548893838,0.00279234436181307,0.0347222222222222,0.0935897435897436,0.00422567129135132,0.00189956502849421,0.0637281785899732,0.0347833497849617,0.0584930164087387,0.0466894190755533,0.0372305004055262,0.0103996186130988,0.0804078987925993,0.0814962588997396
"325",0.62714824049139,2.41506877584187e-06,0.912510364909011,0.25,0.389949494949495,0.462593495845795,0.805187209649833,0.521918556900655,0.659233001701597,0.563368790979081,0.551224732638888,0.738729136481319,0.931686165103777,0.460096687240768,0.598978059710188
"326",0.117315178467963,0.139307379222495,0.00813819079307324,0.0347222222222222,0.0433333333333333,0.00624251365661621,0.00588397220484302,0.118786462120933,0.129795058266796,0.0584930164087387,0.189666923666422,0.0496368640105255,0.0331667814230012,0.141165039815837,0.204445023656941
"327",0.692040154591084,0.998489573340151,0.985443200007354,0.769230769230769,0.799166666666667,0.598248064517975,0.980433160859179,0.899997732185224,0.577419223086416,0.770958734695253,0.963165874521311,0.826146823085876,0.330224180418988,0.612898357970186,0.879476404469334
"328",0.0515821120289861,1.06700519623059e-05,0.00128962650303281,0.0347222222222222,0.1625,0.0459645986557007,0.00308880386200924,0.151210655391546,0.179067281773291,0.122828972501982,0.0243983318586222,0.160783203306733,0.0381403080831534,0.219157532464647,0.0536529866290671
"329",0.0826455205837376,0.00872067142486658,0.00422970144977552,0.0347222222222222,0.0227142857142857,0.000524818897247314,2.42966764281883e-05,0.0637281785899732,0.0347833497849617,0.0584930164087387,0.051856610002974,0.045663453846165,0.0163050786623676,0.0800015524931289,0.0814884386686447
"330",0.0824002137166887,0.000771634392099481,0.00237383165478905,0.157894736842105,0.05,0.00521713495254517,9.29887654989567e-05,0.0637281785899732,0.0521973678456598,0.0824140969544261,0.0495313451992525,0.0629404393948564,0.0155409981633659,0.098560834829606,0.0814884386686447
"331",0.688368920442229,0.506332031036805,0.803950321378509,0.769230769230769,0.742142857142857,0.88884612172842,0.00249861590257476,0.787370270098336,0.719960459369484,0.826648746456594,0.643197740860504,0.687505761892256,0.791453946930239,0.601935642124732,0.750917642727453
"332",0.624615895390591,0.140971058206988,0.787604881895817,0.25,0.512094017094017,0.522307008504868,0.6236660833327,0.534103873034909,0.459859369742417,0.731417681546697,0.597640405168093,0.296682431272932,0.578974619621503,0.568677830077047,0.646266872916465
"333",0.0819944672019229,0.014379813785541,0.00384382780289656,0.0347222222222222,0.1175,0.0225921273231506,0.00303286460130169,0.151210655391546,0.179067281773291,0.122828972501982,0.051856610002974,0.128832764973939,0.252807231179071,0.219157532464647,0.0814884386686447
"334",0.629796036418048,0.0542309285803945,0.596492357427668,0.857142857142857,0.632094017094017,0.533963531255722,0.354218946844095,0.521918556900655,0.631480383224752,0.563368790979081,0.654224947547919,0.423864283943079,0.867683833515324,0.637712092120552,0.609524131630367
"335",0.0855623448304897,0.00952199261061754,0.00404563354369738,0.0347222222222222,0.127867521367521,0.00624710321426392,0.114139274085601,0.0637281785899732,0.0347833497849617,0.078237265738244,0.0512459380610099,0.0852546980403038,0.0278081985441147,0.0804078987925993,0.0894801187230455
"336",0.51299495028176,0.218404600750255,0.590397320596014,0.230769230769231,0.460388888888889,0.406796455383301,0.95033245830929,0.640825532135119,0.280745934647359,0.384608458271161,0.363249343672847,0.579492562953906,0.6131536136635,0.394304998926587,0.462852553553149
"337",0.0934562182514486,0.000588889170844163,0.00128539302620772,0.0347222222222222,0.0633333333333333,0.0252223610877991,0.00590139964120289,0.0664966995720473,0.0775535423858018,0.0584930164087387,0.087921975407985,0.0820536376593221,0.0133162171297625,0.0800015524931289,0.0943830050100972
"338",0.662622283723909,0.521329798410298,0.945424575957318,0.857142857142857,0.643863247863248,0.256308555603027,0.91010043969784,0.651226732262314,0.701323850746608,0.687140778317093,0.729924581849491,0.511744902408606,0.400140975256535,0.710530955088831,0.659775006361485
"339",0.0517662864516738,0.00208361583530282,0.000710788239857158,0.0347222222222222,0.078470695970696,0.0304852724075317,0.00148159381708576,0.0637281785899732,0.0866503431549095,0.0584930164087387,0.0225600165061868,0.0544332324979022,0.0152309893474165,0.0816891333676436,0.0486900026540786
"340",0.556047287914115,0.945317580237791,0.886054342545615,0.230769230769231,0.405214285714286,0.277106881141663,0.174919395811706,0.651226732262314,0.280745934647359,0.384608458271161,0.452061749354351,0.630839825262218,0.434291918271353,0.394304998926587,0.524587146405615
"341",0.779679973858757,0.999952791095471,0.995382749514717,0.857142857142857,0.797833333333333,0.995413443539292,0.999987320265547,0.837471400250986,0.878439088962938,0.850191158649188,0.900884365268184,0.835369561232885,0.996652334117369,0.858492893969894,0.818892918262919
"342",0.839915560595138,0.999832639070524,0.99229394254287,0.769230769230769,0.89375,0.747959285974503,0.994056197990158,0.889265314254169,0.831512880787719,0.849000225138825,0.760232431132855,0.923912141220266,0.995044573332773,0.741651620282743,0.739599971194065
"343",0.0831408014794368,0.0288989153542328,0.00386334935550886,0.0347222222222222,0.104833333333333,0.00616812705993652,7.52821877475314e-05,0.0637281785899732,0.0775535423858018,0.0584930164087387,0.0765913210301865,0.0669034813407326,0.0146149471714523,0.0800015524931289,0.093139038379035
"344",0.619463443651386,0.480708518388188,0.774639998434718,0.25,0.559474969474969,0.608094811439514,0.136473752003738,0.451363477203405,0.610326904162688,0.55277674855066,0.468670952681251,0.501817376981881,0.702939538823378,0.537878099735997,0.577752769048498
"345",0.125518703279234,2.22044604925031e-16,0.0120733710786203,0.157894736842105,0.2565,0.458691418170929,0.979506098827031,0.118786462120933,0.356685914722035,0.216650797009986,0.0534891058217881,0.205587211994574,0.609576760939253,0.376600706071016,0.0894801187230455
