"","LRR_predictions_Brier","GAM_predictions","LDA_predictions","CTREE_predictions_Brier","RF_predictions_Brier","XGB_predictions_Brier","LGBM_predictions_Brier","RE_RF_predictions_Brier","RE_boosting_predictions_Brier","RE_bag_predictions","PLTR_predictions_Brier","lambda.min","lambda.min","lambda.min","lambda.min"
"1",0.107069704814969,0.152844725909153,0.00502144442550224,0.0542635658914729,0.15,0.20642876625061,0.0867704198566712,0.176533712934845,0.0854126157564128,0.0459006082417677,0.325241084219315,0.0930378205795229,0.0181819619611922,0.0505793022663494,0.370277228250333
"2",0.0798490022406956,0.0177920922744653,0.0140138017787626,0.0542635658914729,0.01,0.000681161880493164,0.0132218257557806,0.0882740428696912,0.0633984835473475,0.0459006082417677,0.0695224255123018,0.0715564919924171,0.0181819619611922,0.00633000645421344,0.0365529445240816
"3",0.069755144288727,0.0107890785469532,0.00374179578556337,0.0542635658914729,0.01,0.0649052262306213,0.0259227609383368,0.0930666549717858,0.0633984835473475,0.0459006082417677,0.0999978040120591,0.0715564919924171,0.0181819619611922,0.0258821237259167,0.060563523593039
"4",0.86347623752423,0.976829024152175,0.983899392825915,0.895161290322581,0.76,0.959389168769121,0.893166491774991,0.807652552748656,0.532719253841978,0.761813542728729,0.614947062916349,0.91688631099783,0.828672650782414,0.677757062177932,0.639166141911713
"5",0.723132455298154,0.900184749601065,0.967896121530842,0.895161290322581,0.673333333333333,0.976696141064167,0.825956170959244,0.747457934349754,0.744755290636143,0.700419119917833,0.599683234537999,0.728117141832669,0.68401910426775,0.910255589359348,0.59183574733115
"6",0.0818314337889754,0.0223135255197933,0.00607913447714383,0.0542635658914729,0.03,0.00291794538497925,0.0217408968533354,0.0882740428696912,0.0676250288391583,0.0459006082417677,0.0898071435529743,0.0731397426921767,0.0181819619611922,0.00906548998220626,0.0497941555704255
"7",0.814551821479803,0.975616352354189,0.98774411324026,0.895161290322581,1,0.999789280554978,0.968201610824062,0.897667356684463,0.922028747006766,0.963248699521524,0.913279237250242,0.817852493420144,0.986966736262324,0.989271301311447,0.950957871474634
"8",0.805030997581032,0.977620808496832,0.919872256743792,0.895161290322581,0.74,0.805425733327866,0.902403623116841,0.807652552748656,0.754910768844105,0.799556565387351,0.787061864856501,0.834005213759273,0.886849135982383,0.739733651394624,0.852356865429457
"9",0.728004850702242,0.544205536992098,0.908083779021308,0.895161290322581,0.79,0.923385769128799,0.671871962286009,0.838643544322229,0.805882487864145,0.924426524876689,0.736958364279252,0.767086193186909,0.7998316042047,0.720038500278707,0.747285513996558
"10",0.851575239643835,0.997782861684939,0.993922954212902,0.895161290322581,0.994,0.999740659579402,0.982885801734699,0.897667356684463,0.922028747006766,0.963248699521524,0.941350467285043,0.86415025058356,0.986966736262324,0.994703972224707,0.976035360353172
"11",0.0798490022406956,0.00962475007364103,0.00733456734756909,0.0542635658914729,0.06,0.0182794332504272,0.102185337675793,0.0930666549717858,0.0676250288391583,0.0569040813078803,0.138882698302192,0.0715564919924171,0.0469000157146788,0.0456368929120527,0.111072824411848
"12",0.151012041340811,0.167234366171196,0.0150102377186268,0.0542635658914729,0.16,0.070153534412384,0.0161302836099904,0.222973296341568,0.0854126157564128,0.0459006082417677,0.171641159329005,0.12692623704379,0.0181819619611922,0.00906548998220626,0.147315025859826
"13",0.753568719866077,0.71933443417568,0.91730477865007,0.895161290322581,0.9,0.983167054131627,0.953453256334226,0.853672715510045,0.877999556949665,0.938883371948582,0.882457129997212,0.75482538028994,0.962586234860839,0.958741205758686,0.936133372397322
"14",0.0698244282421209,0.00377683032293422,0.00452532370600213,0.0542635658914729,0.02,0.000133156776428223,0.0360551018127393,0.0882740428696912,0.0633984835473475,0.0459006082417677,0.0535990630876006,0.0716192101969417,0.0181819619611922,0.00288010377653763,0.0208041730994619
"15",0.623424552023568,0.156973652447418,0.733162627312577,0.621212121212121,0.33,0.0361042618751526,0.0714036263099051,0.575722605028009,0.510771556382548,0.534634839167296,0.425252130818229,0.649431312384022,0.282991327419077,0.116055205806824,0.310475665440272
"16",0.805948549593551,0.96257515010159,0.987303188898109,0.895161290322581,0.853333333333333,0.954684410244226,0.902456292543411,0.876341229586938,0.757660184034733,0.700419119917833,0.874910231809176,0.758117955188224,0.872043041127542,0.81642469606998,0.915183440677236
"17",0.0709768382788896,0.0285126866577825,0.00423132183567834,0.0542635658914729,0.2475,0.126261234283447,0.357088379709151,0.0882740428696912,0.389946463234658,0.287980736148302,0.114491689206037,0.0726614094194126,0.267529815753022,0.381157080003019,0.0845635114709755
"18",0.959390771100549,0.999925623926694,0.995953812994056,0.895161290322581,0.91,0.94965286180377,0.931648645408628,0.897667356684463,0.764882554771274,0.938883371948582,0.81164955422353,0.952818349842193,0.962586234860839,0.870992434341724,0.852259199446734
"19",0.114978884656244,0.108692016196442,0.00427434629581642,0.0542635658914729,0.15,0.00739103555679321,0.0602216375397103,0.168240182413894,0.0676250288391583,0.0459006082417677,0.120696369102132,0.107968078443479,0.0181819619611922,0.00994353785694234,0.0962625711050402
"20",0.623424552023568,0.121129410885575,0.586264910562245,0.621212121212121,0.84,0.926784977316856,0.919220791275159,0.589858109227877,0.508356463155879,0.588952981800693,0.688694724854965,0.649431312384022,0.858562057020736,0.859816844706797,0.730026738771416
"21",0.864262260150493,0.630706903024334,0.985344659686154,0.895161290322581,0.94,0.988588887266815,0.942744481071489,0.838643544322229,0.80101842828422,0.799556565387351,0.829962539169837,0.862066388520536,0.923272479055257,0.948579799005243,0.888566546324087
"22",0.852484146705835,0.971362885590351,0.976083888319011,0.895161290322581,0.994,0.998646393418312,0.961073417607857,0.897667356684463,0.922028747006766,0.963248699521524,0.941350467285043,0.871191473641313,0.986966736262324,0.994703972224707,0.976035360353172
"23",0.814097213333599,0.998328690145642,0.985425102940911,0.895161290322581,0.964,0.744352221488953,0.951765130172634,0.897667356684463,0.866613827320015,0.938883371948582,0.831251020065337,0.800126937077872,0.962586234860839,0.901038038607444,0.881038030182817
"24",0.105938867158223,0.0116509139600515,0.0272264279215316,0.0542635658914729,0.17,0.0492041707038879,0.0564823071229519,0.0882740428696912,0.119807902944404,0.177866799013123,0.114491689206037,0.100375744142646,0.144005515532774,0.0411145182430111,0.0892820462533058
"25",0.0798490022406956,0.0937853181873908,0.0185029155641826,0.0542635658914729,0.13,0.152809262275696,0.248615786562168,0.0882740428696912,0.373647999831819,0.287980736148302,0.163303930881041,0.0715564919924171,0.267529815753022,0.243492792021428,0.137194415243532
"26",0.116072635786017,0.161276482664619,0.00617466712640137,0.0542635658914729,0.3075,0.541367530822754,0.357088379709151,0.222973296341568,0.451463433090362,0.287980736148302,0.213541619906217,0.112285730626634,0.267529815753022,0.579911935731966,0.233449654326313
"27",0.0698590940828582,0.00457297291500116,0.00672125032167461,0.0542635658914729,0.1,0.00237303972244263,0.0348189595101043,0.0930666549717858,0.0676250288391583,0.0459006082417677,0.0999978040120591,0.0716505883198828,0.0181819619611922,0.0272249929898747,0.060563523593039
"28",0.105812578611841,0.0462282157294247,0.0178593350048936,0.0542635658914729,0.19,0.03154456615448,0.0824946402959107,0.0930666549717858,0.0676250288391583,0.0569040813078803,0.102869506241139,0.100269278684448,0.0469000157146788,0.040862852910698,0.0640365674688636
"29",0.919307399438972,0.996824084218036,0.984130902912183,0.895161290322581,0.74,0.980280093848705,0.945810885875152,0.838643544322229,0.80101842828422,0.799556565387351,0.76205410446619,0.932598504271279,0.886017870443519,0.822320691090441,0.823781572473531
"30",0.0798490022406956,0.0188248278843055,0.00775463618929613,0.0542635658914729,0.02,0.0088086724281311,0.0316848064718815,0.0930666549717858,0.0633984835473475,0.0459006082417677,0.127843405461954,0.0715564919924171,0.0181819619611922,0.0192770888449135,0.103236921103504
"31",0.158587620322916,0.0682087007287143,0.142907464279602,0.0542635658914729,0.14,0.0781232714653015,0.0883355834090272,0.107019648520553,0.184398852643642,0.0459006082417677,0.12158017367994,0.10597314830038,0.0256244500001704,0.22529599142584,0.0630510199871794
"32",0.673478344638326,0.995693248421416,0.907846866462426,0.621212121212121,0.9,0.999598825204885,0.982751004436552,0.750282794969337,0.916233231215792,0.903980072780189,0.847431974276552,0.692308383946856,0.962586234860839,0.965347842965806,0.909085606334379
"33",0.846731797697562,0.995538190005573,0.994302879320183,0.895161290322581,0.99,0.990603589452803,0.881754215410772,0.807652552748656,0.80101842828422,0.799556565387351,0.829962539169837,0.873125355748892,0.946996850847535,0.948579799005243,0.894319929595676
"34",0.0798490022406956,0.192008967618127,0.0110398015044106,0.0542635658914729,0.353928571428571,0.954773940145969,0.433341764026317,0.0882740428696912,0.389946463234658,0.336546414770082,0.128767050033713,0.0715564919924171,0.492521201386287,0.593246155901899,0.103236921103504
"35",0.627674281026669,0.229606462423694,0.560902547530442,0.621212121212121,0.59,0.846155241131783,0.373689175382308,0.575722605028009,0.60905713004139,0.588952981800693,0.460602272403975,0.653074819606029,0.59116080669121,0.709565961296841,0.392168246794596
"36",0.167142997835465,0.000691479659793839,0.00972564001966033,0.0542635658914729,0.04,0.00132066011428833,0.00978770924280938,0.15268657610151,0.133037529962371,0.0459006082417677,0.12158017367994,0.156021371733925,0.0181819619611922,0.0460418253154048,0.0704528388901325
"37",0.933677496478721,0.998916898727446,0.97689008024221,0.895161290322581,1,0.999468512891326,0.984564009869729,0.897667356684463,0.866613827320015,0.963248699521524,0.913279237250242,0.938559603988395,0.986966736262324,0.974776183973237,0.960933925843484
"38",0.192780454342157,0.168790328058968,0.343810700322403,0.0542635658914729,0.13,0.00386643409729004,0.0845699186285281,0.151708850981617,0.195012469795613,0.0459006082417677,0.154531348701667,0.140503754484355,0.0181819619611922,0.0756385068454326,0.0897865023229856
"39",0.0798490022406956,0.0454878466074966,0.00458836707069017,0.0542635658914729,0.23,0.810085713863373,0.61629787584582,0.0930666549717858,0.119807902944404,0.213428973865108,0.128767050033713,0.0715564919924171,0.308927494640663,0.255392496369897,0.103236921103504
"40",0.277281656383179,0.596235989445279,0.0551771511230189,0.230769230769231,0.193333333333333,0.360005080699921,0.552584188696516,0.12708027789138,0.451463433090362,0.308515964010741,0.301006391753649,0.314581018049092,0.352684327590106,0.40400105535714,0.352355018616214
"41",0.956595898066079,0.999631927614275,0.998193996081705,0.895161290322581,0.97,0.992339829448611,0.982223781128455,0.897667356684463,0.922028747006766,0.963248699521524,0.913279237250242,0.980081882057768,0.986966736262324,0.989091968100196,0.965161818163857
"42",0.441571088099599,0.440339964248599,0.804163083517532,0.230769230769231,0.322333333333333,0.330284416675568,0.290647882987895,0.0882740428696912,0.373647999831819,0.308515964010741,0.264120575222811,0.0715564919924171,0.352684327590106,0.408745217674053,0.103236921103504
"43",0.853401235012184,0.941653373112254,0.961338086908324,0.895161290322581,0.92,0.977078452706337,0.881754215410772,0.807652552748656,0.80101842828422,0.799556565387351,0.829962539169837,0.889552452639289,0.946996850847535,0.948579799005243,0.897097248830526
"44",0.0798490022406956,0.00102589592681087,0.00532339489195588,0.230769230769231,0.02,0.00194269418716431,0.0360551018127393,0.0882740428696912,0.0633984835473475,0.0503954577358589,0.0608033758805284,0.0715564919924171,0.0268820883633759,0.00288010377653763,0.0257948994099925
"45",0.0818314337889754,0.00242854896694406,0.00740618453696234,0.0542635658914729,0.03,0.00375545024871826,0.0161302836099904,0.0882740428696912,0.0676250288391583,0.0459006082417677,0.0695224255123018,0.0731397426921767,0.0181819619611922,0.00227820206572929,0.0365529445240816
"46",0.0856383353167359,0.0190585214151277,0.014793123317034,0.0542635658914729,0.01,0.00292718410491943,0.0161302836099904,0.168240182413894,0.0676250288391583,0.0459006082417677,0.153449855225236,0.0761706656006639,0.0181819619611922,0.00906548998220626,0.121751253211818
"47",0.744715760464981,0.988991544170927,0.85261896246265,0.621212121212121,0.93,0.988960908725858,0.976053716569631,0.750282794969337,0.893265560522048,0.903980072780189,0.921735946559341,0.721672685422778,0.962586234860839,0.961327139755563,0.961042554399086
"48",0.785287139966555,0.928325827090799,0.965223339188269,0.895161290322581,0.84,0.945676550269127,0.905627741554557,0.853672715510045,0.772686908133203,0.924911464473253,0.576139925898445,0.750830695418704,0.961519873423083,0.860181467982455,0.558333168695902
"49",0.96317333774381,0.997424717241418,0.997824254309225,0.895161290322581,0.97,0.991042915731668,0.97282971916253,0.897667356684463,0.922028747006766,0.963248699521524,0.913279237250242,0.95603586911009,0.986966736262324,0.992960542488676,0.950957871474634
"50",0.623424552023568,0.154197584238987,0.789592156329064,0.621212121212121,0.85,0.783165514469147,0.710911965528572,0.589858109227877,0.659627500595929,0.588952981800693,0.688694724854965,0.649431312384022,0.858562057020736,0.857982397091102,0.730026738771416
"51",0.069755144288727,0.00491171409591373,0.00309940960056918,0.0542635658914729,0.04,0.000827133655548096,0.00978770924280938,0.0882740428696912,0.0633984835473475,0.0459006082417677,0.0613525179765626,0.0715564919924171,0.0181819619611922,0.00376117291056405,0.0295439031838959
"52",0.833606308049847,0.930023889307754,0.967432666580109,0.895161290322581,0.94,0.983387008309364,0.963521428498097,0.896969199052771,0.922028747006766,0.963248699521524,0.932918213386737,0.841993835328362,0.986966736262324,0.977576033673877,0.96400667933275
"53",0.0798490022406956,0.062246205791349,0.00410527526905137,0.230769230769231,0.31,0.499082148075104,0.61629787584582,0.0930666549717858,0.119807902944404,0.230368075770927,0.128767050033713,0.0715564919924171,0.400061898664002,0.277966531116533,0.103236921103504
"54",0.769988008813515,0.796233005878566,0.978811956437211,0.895161290322581,0.673333333333333,0.920419573783875,0.479719737288307,0.824965845805834,0.627463914197932,0.652130503677552,0.650945340435014,0.698378473828274,0.37537685072754,0.733660765461836,0.660570870213468
"55",0.935888673241723,0.997642993175435,0.992246592125677,0.895161290322581,0.95,0.980638453736901,0.982745291470419,0.897667356684463,0.922028747006766,0.963248699521524,0.913279237250242,0.938887938397036,0.986966736262324,0.98760434165678,0.954954388073524
"56",0.851748995208129,0.970005594775148,0.95246228788293,0.895161290322581,0.97,0.998629639972933,0.983948254662541,0.897667356684463,0.922028747006766,0.963248699521524,0.923978968925402,0.876796316871417,0.986966736262324,0.99713555144475,0.968129260916923
"57",0.900527420482279,0.92875384630434,0.976887430986333,0.895161290322581,0.97,0.993172592949122,0.961073417607857,0.897667356684463,0.922028747006766,0.963248699521524,0.923978968925402,0.922486114603292,0.986966736262324,0.980066000682905,0.969913857699609
"58",0.912958478145854,0.995760873273316,0.983477585852418,0.895161290322581,1,0.99916820670478,0.982885801734699,0.897667356684463,0.922028747006766,0.963248699521524,0.941350467285043,0.923766441427131,0.986966736262324,0.994703972224707,0.976721061125638
"59",0.0826368876843268,0.0208400722163291,0.0118890243032607,0.0542635658914729,0.205,0.0448447465896606,0.11518568322917,0.107019648520553,0.119807902944404,0.177866799013123,0.128767050033713,0.0737820322553783,0.144005515532774,0.15542155204334,0.103236921103504
"60",0.681407038936767,0.919286802880054,0.966728693327859,0.621212121212121,0.79,0.795188963413239,0.914756571961981,0.739232010141244,0.73946902898348,0.883023050920031,0.641994935054287,0.699100408548558,0.961519873423083,0.902112454618193,0.680214343113715
"61",0.81775997827742,0.720686608932813,0.93635729285909,0.895161290322581,0.81,0.604267627000809,0.805658203442868,0.807652552748656,0.645355962053905,0.799556565387351,0.736958364279252,0.87315148739206,0.832780224743048,0.628620864980988,0.774317039114269
"62",0.905192675260417,0.953735952531693,0.938786923656521,0.895161290322581,0.96,0.999465114960913,0.971882398639737,0.897667356684463,0.922028747006766,0.963248699521524,0.923978968925402,0.936543147171685,0.986966736262324,0.997140161344025,0.972410439493787
"63",0.0798490022406956,0.00600106453911618,0.0166087285557831,0.0542635658914729,0.015,0.0076141357421875,0.00978770924280938,0.0882740428696912,0.0633984835473475,0.0459006082417677,0.0695224255123018,0.0715564919924171,0.0181819619611922,0.00301952040262496,0.0365529445240816
"64",0.158586367707463,0.0230524872751808,0.00663132955873744,0.0542635658914729,0.21,0.0635029077529907,0.115693784111184,0.231856190513004,0.149125954776537,0.150115859758573,0.225202942129646,0.13519847561504,0.237651005937607,0.105868547561656,0.190578576289396
"65",0.786430735467034,0.933543167238466,0.915608465315524,0.895161290322581,0.803333333333333,0.976482406258583,0.921725900224782,0.807652552748656,0.80101842828422,0.799556565387351,0.788442659926097,0.811071122901509,0.92087047832591,0.920559784510625,0.848575838020135
"66",0.58856905560482,0.294796571737516,0.504919104972415,0.621212121212121,0.582857142857143,0.486165702342987,0.270448817922174,0.577572415861484,0.426103276922887,0.588952981800693,0.59440656901815,0.649431312384022,0.376324231720034,0.137739282323859,0.611031582736975
"67",0.889976389080899,0.999999996971284,0.993317304913574,0.895161290322581,0.974,0.993016242980957,0.9836855973425,0.897667356684463,0.922028747006766,0.963248699521524,0.941350467285043,0.910690207351196,0.986966736262324,0.992564833926005,0.978035476392189
"68",0.623424552023568,0.334640703884675,0.905701387089126,0.621212121212121,0.32,0.293756604194641,0.107736407694375,0.589858109227877,0.729646803677185,0.588952981800693,0.59440656901815,0.649431312384022,0.487081008693536,0.652708566046381,0.611031582736975
"69",0.979783710095584,1,0.999999354306808,0.895161290322581,0.98,0.988807982765138,0.971856521455599,0.897667356684463,0.922028747006766,0.963248699521524,0.923978968925402,0.97794491207402,0.986966736262324,0.985320418365841,0.967198980514828
"70",0.441571088099599,0.513344498966576,0.795740055833534,0.230769230769231,0.487333333333333,0.142090976238251,0.357088379709151,0.0882740428696912,0.373647999831819,0.308515964010741,0.264120575222811,0.0715564919924171,0.352684327590106,0.408745217674053,0.103236921103504
"71",0.623424552023568,0.204202673532288,0.808732811494769,0.621212121212121,0.37,0.200160801410675,0.118907809950204,0.589858109227877,0.621569799069886,0.588952981800693,0.592095901324479,0.649431312384022,0.487081008693536,0.745681160015369,0.577396343929185
"72",0.0798490022406956,0.312576871048842,0.00837393804194347,0.0542635658914729,0.17,0.0330395698547363,0.11795822561498,0.0888857838963102,0.102073138823154,0.150115859758573,0.127843405461954,0.0715564919924171,0.157200494999809,0.0857653931367977,0.103236921103504
"73",0.0954579682945512,0.00843871400449494,0.0210353333952051,0.0542635658914729,0.12,0.0064927339553833,0.0590780207740229,0.0882740428696912,0.112714213056327,0.177866799013123,0.114491689206037,0.0869438933684381,0.144005515532774,0.0843282800826756,0.0868938027288372
"74",0.846199047625198,0.91700654889513,0.987342385861596,0.895161290322581,0.83,0.95485557988286,0.919641759176474,0.838643544322229,0.645355962053905,0.799556565387351,0.736958364279252,0.862066388520536,0.832780224743048,0.84437972803285,0.763756311602061
"75",0.0798490022406956,0.017254876211886,0.0278739469958571,0.0542635658914729,0.03,0.00326693058013916,0.0161302836099904,0.0882740428696912,0.0633984835473475,0.0459006082417677,0.0695852331991801,0.0715564919924171,0.0181819619611922,0.00512796186188685,0.0285092463733403
"76",0.824074513983618,0.772733675449714,0.905207273381452,0.895161290322581,0.84,0.967928148806095,0.89779844069543,0.838643544322229,0.82553750728479,0.943610035356083,0.759565624038283,0.877299029498894,0.910506103472896,0.898500353640444,0.830973093675653
"77",0.635867185810459,0.745315875489038,0.855367121638073,0.621212121212121,0.73,0.732212871313095,0.700832864134626,0.628586354481661,0.837921291128214,0.88230201122623,0.657166643810894,0.660096256217066,0.892666080152635,0.736962794502911,0.653637941035009
"78",0.0798490022406956,0.0359761249794371,0.0082787937409996,0.230769230769231,0.293928571428571,0.163360714912415,0.357088379709151,0.0882740428696912,0.373647999831819,0.308515964010741,0.114491689206037,0.0715564919924171,0.352684327590106,0.551715447280797,0.0845635114709755
"79",0.0738981984700176,0.348745956653666,0.0406999932670298,0.0542635658914729,0.1,0.0027320384979248,0.0508523418719262,0.0930666549717858,0.0633984835473475,0.0459006082417677,0.113657083387369,0.0715564919924171,0.0181819619611922,0.0353800659465905,0.0845635114709755
"80",0.61256483550896,0.286779881777642,0.551453722840164,0.621212121212121,0.71,0.770087242126465,0.787201722070279,0.739232010141244,0.674131401888241,0.883023050920031,0.610705354721583,0.669297201545931,0.961519873423083,0.527019293139096,0.630560948188781
"81",0.623424552023568,0.922988096143987,0.854107124151469,0.621212121212121,0.61,0.97528993152082,0.813524429875535,0.589858109227877,0.52560010463369,0.588952981800693,0.592095901324479,0.649431312384022,0.63178921055104,0.548823540661651,0.577396343929185
"82",0.786430735467034,0.751871145220055,0.962367074763837,0.895161290322581,0.91,0.963724598288536,0.940783972855509,0.807652552748656,0.80101842828422,0.799556565387351,0.787061864856501,0.811071122901509,0.946996850847535,0.971904782958868,0.848575838020135
"83",0.0698244282421209,0.00312984812715909,0.00283838494097338,0.0542635658914729,0.09,0.00690543651580811,0.152705241864038,0.0930666549717858,0.0676250288391583,0.0459006082417677,0.140031870280183,0.0716192101969417,0.0181819619611922,0.036089809022349,0.125617874877822
"84",0.108581054367336,0.0968334624615946,0.0574628722270932,0.0542635658914729,0.16,0.0163206458091736,0.0545721735484621,0.107019648520553,0.195012469795613,0.0459006082417677,0.108002794092934,0.0912271539164081,0.0181819619611922,0.061446606943053,0.0498050775423177
"85",0.118022737418988,0.043053219634134,0.0648873773042173,0.0542635658914729,0.165,0.102103233337402,0.0331594093825397,0.107019648520553,0.184398852643642,0.0459006082417677,0.12158017367994,0.0874843126211507,0.0181819619611922,0.061446606943053,0.0613171993806813
"86",0.118022737418988,0.11144027531849,0.0482534521214635,0.0542635658914729,0.281428571428571,0.136197090148926,0.164447683421656,0.107019648520553,0.205228156869754,0.150115859758573,0.12158017367994,0.0874843126211507,0.237651005937607,0.326019422987358,0.0613171993806813
"87",0.110188957537347,0.0305227855210352,0.132747216528804,0.0542635658914729,0.02,0.000370383262634277,0.0359645290796418,0.0882740428696912,0.0676250288391583,0.0459006082417677,0.0608033758805284,0.0879226938404546,0.0181819619611922,0.00729837814765193,0.0265526952076903
"88",0.0806366570514284,0.00159174279070696,0.00481281023983431,0.0542635658914729,0.05,0.000350117683410645,0.0132218257557806,0.0882740428696912,0.0676250288391583,0.0459006082417677,0.0608033758805284,0.0721859608033592,0.0181819619611922,0.00288010377653763,0.0257948994099925
"89",0.786430735467034,0.162803197050572,0.826955353387035,0.895161290322581,0.86,0.459224164485931,0.870143076653884,0.807652552748656,0.80101842828422,0.799556565387351,0.787061864856501,0.811071122901509,0.92087047832591,0.900562748229351,0.848575838020135
"90",0.120420248572963,0.00295998327536987,0.00450802993120445,0.0542635658914729,0.29,0.397247791290283,0.133570201985219,0.0930666549717858,0.102073138823154,0.150115859758573,0.115885401832457,0.100247997637194,0.157200494999809,0.152009263811199,0.0785662147920316
"91",0.829193359309435,0.980537668644429,0.972118189743904,0.895161290322581,0.99,0.999400950502604,0.97282971916253,0.897667356684463,0.922028747006766,0.963248699521524,0.941350467285043,0.838254928886655,0.986966736262324,0.991406900020961,0.974604360770533
"92",0.623487187636265,0.519457127182224,0.796156102916582,0.621212121212121,0.79,0.962307006120682,0.813524429875535,0.589858109227877,0.637672802668187,0.588952981800693,0.592095901324479,0.649485021072306,0.63178921055104,0.789966972175469,0.577396343929185
"93",0.723399467013834,0.43193908083801,0.818362602160144,0.895161290322581,0.69,0.734398365020752,0.848092309733978,0.747457934349754,0.541161608535764,0.700419119917833,0.633549890062346,0.728350589588168,0.68401910426775,0.881921759542004,0.675079244390346
"94",0.723132455298154,0.96465312333069,0.977742530952037,0.895161290322581,0.893333333333333,0.991295102983713,0.892823040662955,0.747457934349754,0.639735928271969,0.700419119917833,0.695409575031313,0.728117141832669,0.858562057020736,0.900163820010754,0.741585107877128
"95",0.441571088099599,0.254885866273285,0.81534630232272,0.230769230769231,0.180833333333333,0.0132187008857727,0.0259227609383368,0.0930666549717858,0.0633984835473475,0.0503954577358589,0.235727138811702,0.0715564919924171,0.0268820883633759,0.0272249929898747,0.0743677636125304
"96",0.0943960417537109,0.205331372910195,0.0101183062310177,0.0542635658914729,0.17,0.195882260799408,0.0817433297501376,0.176533712934845,0.0854126157564128,0.0459006082417677,0.325241084219315,0.0831003241293879,0.0181819619611922,0.0272070630605006,0.370277228250333
"97",0.110581968201586,0.164612080748537,0.020404867289971,0.0542635658914729,0.09,0.0477094054222107,0.22527363249418,0.0930666549717858,0.0912427543261772,0.150115859758573,0.131398019647021,0.0882068850963591,0.157200494999809,0.149557601943131,0.106022193583228
"98",0.623424552023568,0.618269776220785,0.612990645291314,0.621212121212121,0.39,0.0854093432426453,0.317695912283234,0.575722605028009,0.491597399892732,0.588952981800693,0.592095901324479,0.649431312384022,0.536092053266229,0.206873641741265,0.577396343929185
"99",0.897394913322647,0.980942533386303,0.984121387141143,0.895161290322581,0.99,0.999085934716277,0.976344972018778,0.897667356684463,0.922028747006766,0.963248699521524,0.913279237250242,0.911654043186769,0.986966736262324,0.99713555144475,0.954954388073524
"100",0.87685364536086,1,0.994679914038146,0.895161290322581,0.645,0.747509688138962,0.881754215410772,0.807652552748656,0.645355962053905,0.799556565387351,0.804150944447917,0.999057431904373,0.832780224743048,0.620873710853057,0.951919754215326
"101",0.705211019589436,0.647338187712285,0.810891957392067,0.895161290322581,0.65,0.924978457391262,0.67844686375452,0.736326072700424,0.552180140532523,0.652130503677552,0.682030442341699,0.700857360096703,0.425040340850198,0.880301228920186,0.758255918686007
"102",0.0780751440778243,0.0354409348242423,0.00976522940967986,0.0542635658914729,0.12,0.0199249982833862,0.0348189595101043,0.176533712934845,0.0676250288391583,0.0459006082417677,0.267591889083618,0.0790412362585202,0.0181819619611922,0.0243279100292744,0.247712465741392
"103",0.0798490022406956,0.0336127231583864,0.00495062554899827,0.0542635658914729,0.14,0.156418859958649,0.11541908406812,0.0930666549717858,0.100091962280403,0.0459006082417677,0.112695991805368,0.0715564919924171,0.0256244500001704,0.0336708910038385,0.0743677636125304
"104",0.623424552023568,0.999663741305135,0.872162355341425,0.621212121212121,0.61,0.76024504005909,0.234699211537875,0.589858109227877,0.629493315260814,0.588952981800693,0.626204341164929,0.649431312384022,0.593155030990229,0.70134583795024,0.661902392652789
"105",0.943792493163423,0.968870319819699,0.974372286865435,0.621212121212121,0.73,0.867193162441254,0.865199881717195,0.800864957623956,0.670846024256115,0.883023050920031,0.610705354721583,0.942359813644337,0.961519873423083,0.715523670359489,0.630560948188781
"106",0.866618313415745,0.903265980341661,0.946822631775693,0.895161290322581,0.98,0.997272107983008,0.968201610824062,0.897667356684463,0.887058195411792,0.963248699521524,0.913279237250242,0.888071508862022,0.986966736262324,0.985749493812652,0.954954388073524
"107",0.968903309370326,0.999313903702086,0.990092944933001,0.895161290322581,0.994,0.999097462161444,0.961073417607857,0.897667356684463,0.922028747006766,0.963248699521524,0.941350467285043,0.985364133838817,0.986966736262324,0.994703972224707,0.981558050564033
"108",0.644471282021755,0.999937573156227,0.882615861518802,0.621212121212121,0.83,0.991939948871732,0.937906207824793,0.739232010141244,0.820673193233351,0.903980072780189,0.787598894895278,0.667467065050786,0.962586234860839,0.907844003967468,0.819875623956514
"109",0.0798490022406956,0.00978288081817647,0.01036204705875,0.0542635658914729,0.01,0.000973820686340332,0.0267837611685484,0.0882740428696912,0.0633984835473475,0.0459006082417677,0.0613525179765626,0.0715564919924171,0.0181819619611922,0.0108423542936712,0.0295439031838959
"110",0.179294999286741,0.0328760164914246,0.0243984280889792,0.0542635658914729,0.17,0.0381625890731812,0.0590780207740229,0.12708027789138,0.149125954776537,0.123447439516224,0.240110166494454,0.174074320009413,0.104998869145409,0.172405123751145,0.253441409219058
"111",0.120448511585812,0.046430117435118,0.0169603144372761,0.0542635658914729,0.298928571428571,0.844449430704117,0.529966460944878,0.0888857838963102,0.373647999831819,0.336546414770082,0.132343448668614,0.100269278684448,0.492521201386287,0.593246155901899,0.108873487956475
"112",0.914653764252696,0.999999980072819,0.916615493105643,0.895161290322581,0.984,0.993980861734599,0.9836855973425,0.897667356684463,0.922028747006766,0.963248699521524,0.941350467285043,0.963239585271918,0.986966736262324,0.992564833926005,0.981558050564033
"113",0.0798490022406956,0.00942462526463381,0.0102617616342594,0.0542635658914729,0,0.00778681039810181,0.0170521431801176,0.0930666549717858,0.0633984835473475,0.0459006082417677,0.112695991805368,0.0715564919924171,0.0181819619611922,0.0258821237259167,0.0743677636125304
"114",0.0798490022406956,0.00703758229588669,0.00533004330867424,0.0542635658914729,0.04,0.0366542339324951,0.0217408968533354,0.0882740428696912,0.0633984835473475,0.0459006082417677,0.0898071435529743,0.0715564919924171,0.0181819619611922,0.00906548998220626,0.0497941555704255
"115",0.0784408151633334,0.00107964733337841,0.00226905854757908,0.0542635658914729,0.02,0.00593692064285278,0.0217408968533354,0.168240182413894,0.0676250288391583,0.0459006082417677,0.120696369102132,0.0793681404826496,0.0181819619611922,0.00477983178873472,0.0912120659829749
"116",0.857817849846139,0.00060918407784789,0.938928350210995,0.895161290322581,0.88,0.99570087948814,0.931777185325534,0.807652552748656,0.80101842828422,0.799556565387351,0.829962539169837,0.892620306533446,0.922685470718695,0.960923416607114,0.897097248830526
"117",0.118022737418988,0.130812694739764,0.0659614077891276,0.0542635658914729,0.17,0.0213649868965149,0.185283636513182,0.112704195255882,0.184398852643642,0.0459006082417677,0.213548850707806,0.0874843126211507,0.0181819619611922,0.0363609376584452,0.165421976482891
"118",0.674240629037741,0.99333807287587,0.925157161839492,0.621212121212121,0.87,0.987029399722815,0.961610967491167,0.750282794969337,0.869394969130342,0.903980072780189,0.879149231194457,0.692961297540655,0.962586234860839,0.987199088105317,0.932484523569779
"119",0.707976727714155,0.534099601980612,0.943007258771528,0.895161290322581,0.87,0.947236515581608,0.533871118431835,0.785572561085146,0.848237480248586,0.924426524876689,0.599683234537999,0.703324528051889,0.892666080152635,0.978367336705812,0.584634211941985
"120",0.623424552023568,0.266383140250129,0.826430023564333,0.621212121212121,0.45,0.618645817041397,0.378416408122222,0.575722605028009,0.592495079877964,0.534634839167296,0.460602272403975,0.649431312384022,0.324456852498386,0.397174799001448,0.392168246794596
"121",0.109354623532271,0.00152754498930869,0.0219553495091926,0.0542635658914729,0.03,0.000398337841033936,0.0217408968533354,0.0882740428696912,0.0676250288391583,0.0459006082417677,0.147552411508105,0.0873191829228672,0.0181819619611922,0.00548721311382776,0.102592334016772
"122",0.623424552023568,0.924509917442077,0.846695733391556,0.621212121212121,0.81,0.994810479227453,0.685235135600871,0.589858109227877,0.621569799069886,0.588952981800693,0.626204341164929,0.649431312384022,0.833007075472028,0.9343271449418,0.661902392652789
"123",0.0798490022406956,0.00389353339966024,0.00820629629246347,0.0542635658914729,0.01,0.000931084156036377,0.0132218257557806,0.0882740428696912,0.0633984835473475,0.0459006082417677,0.0695224255123018,0.0715564919924171,0.0181819619611922,0.00633000645421344,0.0365529445240816
"124",0.58856905560482,0.124173909113813,0.507214582183068,0.621212121212121,0.297857142857143,0.777407601475716,0.501805948517895,0.575722605028009,0.413228774957031,0.534634839167296,0.392931965753037,0.649431312384022,0.416274977301343,0.32514818991558,0.265411420348451
"125",0.809892734955924,0.88889217026411,0.985436438556603,0.895161290322581,0.823333333333333,0.864655643701553,0.908298955427071,0.853672715510045,0.814016594926321,0.924911464473253,0.743983313692947,0.790194595798946,0.961519873423083,0.779826775997367,0.751699183124087
"126",0.112858990271471,0.00378784531836323,0.0483695246715038,0.0542635658914729,0.02,0.00412458181381226,0.0161302836099904,0.107019648520553,0.0676250288391583,0.0459006082417677,0.0898071435529743,0.0898523149680373,0.0181819619611922,0.00575210355420088,0.0512199267563956
"127",0.974856871064251,1,0.99999638661922,0.895161290322581,0.93,0.995635158848017,0.967270121059405,0.897667356684463,0.798143314903973,0.938883371948582,0.831251020065337,0.952818349842193,0.962586234860839,0.890094627427962,0.877886276176379
"128",0.0798490022406956,0.00273992543379056,0.00414543116825434,0.0542635658914729,0,0.00208169221878052,0.0225651666668872,0.0888857838963102,0.0633984835473475,0.0459006082417677,0.112695991805368,0.0715564919924171,0.0181819619611922,0.00486677388185147,0.0743677636125304
"129",0.0798490022406956,0.000768832121294133,0.00546215659169356,0.0542635658914729,0.02,0.00416195392608643,0.0161302836099904,0.0882740428696912,0.0633984835473475,0.0459006082417677,0.0608033758805284,0.0715564919924171,0.0181819619611922,0.00433062733737193,0.0257948994099925
"130",0.0898665806061758,0.0417978131162021,0.0111829505156485,0.0542635658914729,0.04,0.015556812286377,0.0217408968533354,0.168240182413894,0.0676250288391583,0.0459006082417677,0.171641159329005,0.0795234206899297,0.0181819619611922,0.00728065036373625,0.147315025859826
"131",0.623424552023568,0.480789652449907,0.739611961669094,0.621212121212121,0.53,0.196924269199371,0.611191597046838,0.577572415861484,0.629493315260814,0.588952981800693,0.592095901324479,0.649431312384022,0.63178921055104,0.275734877548537,0.577396343929185
"132",0.0798490022406956,0.0268820942656787,0.0136655268026394,0.0542635658914729,0.245,0.148892939090729,0.248615786562168,0.0882740428696912,0.373647999831819,0.287980736148302,0.128767050033713,0.0715564919924171,0.267529815753022,0.243492792021428,0.103236921103504
"133",0.069755144288727,0.0491288352637601,0.00206771699228066,0.0542635658914729,0.16,0.0558066964149475,0.0798207512635859,0.0930666549717858,0.0912427543261772,0.150115859758573,0.113657083387369,0.0715564919924171,0.157200494999809,0.142351920224129,0.0845635114709755
"134",0.748435893271297,0.975977110564531,0.864156364016309,0.621212121212121,0.76,0.970524160191417,0.967624639858464,0.802070635491714,0.916233231215792,0.903980072780189,0.847431974276552,0.756731592744658,0.962586234860839,0.958079885051709,0.909085606334379
"135",0.0838585981241089,0.00977048051072668,0.00702711523342026,0.0542635658914729,0.08,0.228686571121216,0.0259227609383368,0.112704195255882,0.0676250288391583,0.0459006082417677,0.112695991805368,0.0747552036484621,0.0181819619611922,0.0258821237259167,0.0743677636125304
"136",0.069755144288727,0.00849132715602796,0.0121032769094009,0.0542635658914729,0.04,0.00137054920196533,0.0360551018127393,0.0882740428696912,0.0633984835473475,0.0459006082417677,0.0535990630876006,0.0715564919924171,0.0181819619611922,0.00548721311382776,0.0208041730994619
"137",0.069755144288727,0.00405607717911156,0.00253726661444641,0.0542635658914729,0.12,0.00713467597961426,0.209504324178935,0.0930666549717858,0.100091962280403,0.0569040813078803,0.0999978040120591,0.0715564919924171,0.0653157456612105,0.0529149171330357,0.060563523593039
"138",0.713624609697911,0.975246090291743,0.967988557554689,0.895161290322581,0.74,0.978207640349865,0.813524429875535,0.747457934349754,0.655494364655732,0.700419119917833,0.599683234537999,0.696885554610329,0.63178921055104,0.789966972175469,0.584634211941985
"139",0.623424552023568,0.999738489795747,0.948524135599217,0.621212121212121,0.663333333333333,0.942007157951593,0.792901118756194,0.589858109227877,0.729646803677185,0.588952981800693,0.690462521301878,0.649431312384022,0.858562057020736,0.900578840626781,0.730026738771416
"140",0.109302662094179,0.000530403000281257,0.00896940780415023,0.0542635658914729,0.01,0.000733792781829834,0.0268518571381171,0.0882740428696912,0.106486605541725,0.0459006082417677,0.0787594494428225,0.087281588144506,0.0256244500001704,0.00567161384293146,0.0363078591095042
"141",0.623424552023568,0.978813018987289,0.839898261641856,0.621212121212121,0.46,0.840246945619583,0.837592149350211,0.589858109227877,0.52560010463369,0.588952981800693,0.626204341164929,0.649431312384022,0.63178921055104,0.551642506418765,0.661902392652789
"142",0.828938854351958,0.850987063300632,0.955797316293213,0.895161290322581,1,0.996784426737577,0.976344972018778,0.897667356684463,0.922028747006766,0.963248699521524,0.913279237250242,0.852686829503366,0.986966736262324,0.99227277203847,0.953657952221856
"143",0.685120095943238,0.368135472331197,0.87095019283757,0.895161290322581,0.4,0.524397909641266,0.501805948517895,0.736326072700424,0.419851784429948,0.47728509619428,0.596396011142961,0.698825534171674,0.295605866093469,0.40225238742587,0.618074430490849
"144",0.0698244282421209,0.000731251779515257,0.00162039948123529,0.0542635658914729,0.01,0.00126045942306519,0.0170521431801176,0.0930666549717858,0.0633984835473475,0.0459006082417677,0.0999978040120591,0.0716192101969417,0.0181819619611922,0.0192770888449135,0.060563523593039
"145",0.123419259396737,0.00033124250969648,0.00842318243020632,0.0542635658914729,0,0.000536262989044189,0.0442679417863524,0.0882740428696912,0.0676250288391583,0.0459006082417677,0.0608033758805284,0.102504526184287,0.0181819619611922,0.0057622498785959,0.0273321287438668
"146",0.135280793109358,0.0204119519644534,0.0397011364068691,0.0542635658914729,0.255,0.0899301767349243,0.0442679417863524,0.168240182413894,0.119807902944404,0.123447439516224,0.17551919733743,0.111400467981139,0.104998869145409,0.0476545731837856,0.125511437096846
"147",0.796685247812921,0.936671227814621,0.971887391656746,0.895161290322581,0.76,0.657092452049255,0.833753764218182,0.807652552748656,0.716069671051733,0.761813542728729,0.61267716326388,0.811071122901509,0.765121927000636,0.745143978240694,0.563110261923928
"148",0.0798490022406956,0.0214672782871037,0.00666975345866525,0.0542635658914729,0.04,0.0211005806922913,0.0508523418719262,0.0930666549717858,0.0633984835473475,0.0459006082417677,0.127843405461954,0.0715564919924171,0.0181819619611922,0.0304363135295357,0.103236921103504
"149",0.0798490022406956,0.066402083918486,0.0124461627349428,0.0542635658914729,0.13,0.186816036701202,0.0667232023708024,0.0930666549717858,0.12653899739434,0.0569040813078803,0.0999978040120591,0.0715564919924171,0.0469000157146788,0.0750609365392158,0.060563523593039
"150",0.0798490022406956,0.0333486724775922,0.0152639160864897,0.0542635658914729,0.03,0.00731432437896729,0.0217408968533354,0.0882740428696912,0.0633984835473475,0.0459006082417677,0.0613525179765626,0.0715564919924171,0.0181819619611922,0.00477983178873472,0.0295439031838959
"151",0.113019369804322,0.0559825846963361,0.0546918206380852,0.0542635658914729,0.0675,0.0265434384346008,0.0217408968533354,0.107019648520553,0.0676250288391583,0.0459006082417677,0.0898071435529743,0.0899681388279489,0.0181819619611922,0.0107251944484593,0.0512199267563956
"152",0.118161673199361,0.619873755155017,0.0745341736735282,0.0542635658914729,0.25,0.0484545230865479,0.29754094450574,0.112704195255882,0.205228156869754,0.123447439516224,0.213548850707806,0.0875785244344664,0.104998869145409,0.295835877089262,0.165421976482891
"153",0.623424552023568,0.613317968769292,0.783898123263425,0.621212121212121,0.8,0.974959850311279,0.919220791275159,0.589858109227877,0.621569799069886,0.588952981800693,0.688694724854965,0.649431312384022,0.858562057020736,0.9343271449418,0.730026738771416
"154",0.132006395297035,0.0792443296697113,0.0442810907979026,0.0542635658914729,0.16,0.0645383596420288,0.15028995597867,0.176533712934845,0.106486605541725,0.0459006082417677,0.301195640571342,0.108948978092574,0.0256244500001704,0.0354031860074469,0.303380472608417
"155",0.069755144288727,0.201130989963008,0.0119679127980444,0.0542635658914729,0.05,0.0367118716239929,0.0508523418719262,0.0930666549717858,0.0633984835473475,0.0459006082417677,0.113657083387369,0.0715564919924171,0.0181819619611922,0.0364282720583432,0.0845635114709755
"156",0.625114259591329,0.489538700119698,0.953937441181511,0.621212121212121,0.39,0.0101017355918884,0.218307609782816,0.575722605028009,0.428706268068654,0.534634839167296,0.425252130818229,0.650880114185981,0.288126923243001,0.399882121224174,0.310475665440272
"157",0.623424552023568,0.913617930317719,0.897139522313893,0.621212121212121,0.674,0.936966277658939,0.623712026967327,0.575722605028009,0.729646803677185,0.588952981800693,0.66117332829064,0.649431312384022,0.858562057020736,0.661620159522941,0.684520581868729
"158",0.0798490022406956,0.426382329546216,0.0760771141425328,0.0542635658914729,0.18,0.0356029868125916,0.0360551018127393,0.0882740428696912,0.112714213056327,0.123447439516224,0.128767050033713,0.0715564919924171,0.104998869145409,0.0154009380592059,0.103236921103504
"159",0.74546122620115,0.162778258002937,0.872466678710006,0.895161290322581,0.81,0.722035259008408,0.264257472698383,0.807652552748656,0.744755290636143,0.700419119917833,0.787061864856501,0.758117955188224,0.564726425535325,0.672545845874786,0.840775463378393
"160",0.0802025736977594,0.0618369222938828,0.0205392543864436,0.0542635658914729,0.15,0.0086931586265564,0.210675057881244,0.0888857838963102,0.119807902944404,0.177866799013123,0.128767050033713,0.0718391236115487,0.144005515532774,0.0484856815929414,0.103236921103504
"161",0.701291605922099,0.867144226442219,0.919652086331705,0.621212121212121,0.66,0.976548174396157,0.479719737288307,0.696067184103937,0.637672802668187,0.588952981800693,0.734782884408737,0.649431312384022,0.68401910426775,0.72841809677769,0.805827453823912
"162",0.888009313372206,0.975722799806901,0.880267153705913,0.895161290322581,0.979,0.996827816357836,0.942024845001368,0.897667356684463,0.922028747006766,0.963248699521524,0.941350467285043,0.922123019618261,0.986966736262324,0.992564833926005,0.979277249526792
"163",0.849408703582708,0.6186667026991,0.824064135124237,0.895161290322581,0.68,0.603119432926178,0.781929978868341,0.807652552748656,0.598389422973369,0.761813542728729,0.614947062916349,0.904086292837948,0.765121927000636,0.661828628974361,0.632280836515767
"164",0.822371160347757,0.997610337511958,0.971265048142361,0.895161290322581,0.95,0.911799930036068,0.840513291977647,0.838643544322229,0.866613827320015,0.954274661456238,0.787061864856501,0.840308116105122,0.960751945923369,0.924267678983945,0.852356865429457
"165",0.0798490022406956,0.0163914865046193,0.0129774272043124,0.0542635658914729,0.01,0.00845199823379517,0.0316848064718815,0.0930666549717858,0.0633984835473475,0.0459006082417677,0.162178668709764,0.0715564919924171,0.0181819619611922,0.0403034550980103,0.137194415243532
"166",0.0800452547347143,0.00285876566475404,0.00582661402664225,0.0542635658914729,0.03,9.51290130615234e-05,0.0132218257557806,0.0882740428696912,0.0676250288391583,0.0459006082417677,0.0608033758805284,0.071713382628113,0.0181819619611922,0.00288010377653763,0.0257948994099925
"167",0.086984936809813,0.0239989932745582,0.0238914785947907,0.0542635658914729,0.16,0.0160340070724487,0.106127637398396,0.176533712934845,0.0676250288391583,0.0459006082417677,0.325454108050499,0.07723994879201,0.0181819619611922,0.0453420944031982,0.312625091945399
"168",0.771263737998008,0.85491421418745,0.956245165378894,0.895161290322581,0.89,0.994067339692265,0.970673972469907,0.807652552748656,0.80101842828422,0.799556565387351,0.861075856240151,0.789687442545069,0.922685470718695,0.924053038877358,0.921169338298767
"169",0.623424552023568,0.201503758022841,0.841944506831884,0.621212121212121,0.2,0.0777913928031921,0.191388556433595,0.575722605028009,0.592495079877964,0.534634839167296,0.460602272403975,0.649431312384022,0.369493296215556,0.197561555590254,0.392168246794596
"170",0.103696415975588,0.0859932972392676,0.0215382640917231,0.0542635658914729,0.271428571428571,0.11585134267807,0.112629014623835,0.107019648520553,0.205228156869754,0.213428973865108,0.216559328270686,0.0875219863457797,0.308927494640663,0.341150601689404,0.185598118221323
"171",0.0799470735008508,0.00556892123771371,0.00476170762729327,0.0542635658914729,0.01,0.00127440690994263,0.0590780207740229,0.0882740428696912,0.100091962280403,0.0459006082417677,0.0608033758805284,0.0716348976729184,0.0256244500001704,0.015997093052524,0.0257948994099925
"172",0.892082218899785,0.994630081326491,0.987471783448891,0.895161290322581,0.91,0.987464727833867,0.970038726191041,0.897667356684463,0.922028747006766,0.963248699521524,0.932918213386737,0.924725172602717,0.986966736262324,0.994891651334696,0.970570696660769
"173",0.120448511585812,0.00189557338458703,0.0100742477117064,0.0542635658914729,0.01,0.00202637910842896,0.0255684045890928,0.0882740428696912,0.0633984835473475,0.0459006082417677,0.0898071435529743,0.100269278684448,0.0181819619611922,0.00433062733737193,0.052684258961224
"174",0.58856905560482,0.491440311531727,0.790427531104831,0.621212121212121,0.592857142857143,0.698247015476227,0.730493130713787,0.589858109227877,0.426103276922887,0.588952981800693,0.59440656901815,0.649431312384022,0.423390015159069,0.56793852867252,0.611031582736975
"175",0.623424552023568,0.14877047514424,0.649922102253873,0.621212121212121,0.265,0.0655972957611084,0.397227321866295,0.575722605028009,0.704933838398593,0.588952981800693,0.425252130818229,0.649431312384022,0.585063046599,0.444928360356843,0.310475665440272
"176",0.0798490022406956,0.00327668732898107,0.0136202703162178,0.0542635658914729,0,0.00164806842803955,0.0161302836099904,0.0882740428696912,0.0633984835473475,0.0459006082417677,0.0535990630876006,0.0715564919924171,0.0181819619611922,0.00227820206572929,0.0208041730994619
"177",0.716181566729602,0.717595717249821,0.936069014826369,0.895161290322581,0.7,0.954095356166363,0.825826304197328,0.853672715510045,0.820673193233351,0.924911464473253,0.641994935054287,0.710654859190978,0.961519873423083,0.826172195130749,0.686646929784774
"178",0.807981543192891,0.933812122170637,0.970550743882241,0.895161290322581,0.96,0.992698987945914,0.962559484189411,0.897667356684463,0.922028747006766,0.963248699521524,0.923978968925402,0.828486997141089,0.986966736262324,0.996829559726742,0.966242492831838
"179",0.92907879592989,0.9995097565109,0.991559918541582,0.895161290322581,0.97,0.995213267859071,0.961073417607857,0.897667356684463,0.842407586038566,0.963248699521524,0.914034645231833,0.968178382315792,0.986966736262324,0.959050850829352,0.967756774739131
"180",0.637902117234313,0.966555483766683,0.958890565672458,0.621212121212121,0.67,0.91417171061039,0.714329116425132,0.577572415861484,0.637672802668187,0.588952981800693,0.592095901324479,0.649431312384022,0.63178921055104,0.621119326058326,0.577396343929185
"181",0.0798490022406956,0.00128539166247676,0.00145216577142078,0.0542635658914729,0.23,0.00639909505844116,0.0932266845095405,0.0882740428696912,0.102073138823154,0.150115859758573,0.0695224255123018,0.0715564919924171,0.157200494999809,0.0688594979735203,0.0365529445240816
"182",0.0798490022406956,0.00459742208403145,0.00641394423157816,0.0542635658914729,0,0.000838637351989746,0.0303449986628068,0.0882740428696912,0.0633984835473475,0.0459006082417677,0.112695991805368,0.0715564919924171,0.0181819619611922,0.00288010377653763,0.0743677636125304
"183",0.121583734266638,0.00282996853024656,0.0296609662986135,0.0542635658914729,0.03,0.00115013122558594,0.0152840951433575,0.0930666549717858,0.0676250288391583,0.0459006082417677,0.115885401832457,0.101123817902439,0.0181819619611922,0.0215860032468272,0.0785662147920316
"184",0.623424552023568,0.581530147031301,0.784682361337159,0.621212121212121,0.41,0.0337676405906677,0.386084957216976,0.577572415861484,0.629493315260814,0.588952981800693,0.628135389670214,0.649431312384022,0.63178921055104,0.480137059283107,0.661902392652789
"185",0.158658837872139,0.0558708696654321,0.187028688282046,0.0542635658914729,0.2,0.0281341075897217,0.0331594093825397,0.107019648520553,0.195012469795613,0.0459006082417677,0.154531348701667,0.106017858915635,0.0181819619611922,0.0766824213222672,0.0850437967325311
"186",0.109380612376343,0.0267840945541237,0.0490101837590125,0.0542635658914729,0.045,0.00624698400497437,0.050365636429945,0.0930666549717858,0.0676250288391583,0.0459006082417677,0.147552411508105,0.0873379858030239,0.0181819619611922,0.0506118335469645,0.102592334016772
"187",0.111636001953921,0.0684938219717832,0.0601559155660721,0.0542635658914729,0.11,0.643343329429626,0.149997996516678,0.0882740428696912,0.119807902944404,0.177866799013123,0.128767050033713,0.0889687886110954,0.144005515532774,0.162685015666581,0.106022193583228
"188",0.0954810085635504,2.22044604925031e-16,0.000473381864903695,0.0542635658914729,0.41,0.118466556072235,0.234793817632608,0.0888857838963102,0.157389095920184,0.150115859758573,0.102869506241139,0.0869626231356759,0.237651005937607,0.259084486536768,0.0622774469716232
"189",0.0821728742611787,0.00231867114867985,0.00724251874390641,0.0542635658914729,0.05,0.0743282437324524,0.0442679417863524,0.0882740428696912,0.106486605541725,0.0459006082417677,0.0608033758805284,0.0734120840886504,0.0256244500001704,0.0149601041008501,0.0257948994099925
"190",0.103646830239693,0.00968633959358053,0.0301913361436451,0.230769230769231,0.15,0.00575172901153564,0.0336305821674631,0.107019648520553,0.184398852643642,0.0503954577358589,0.108002794092934,0.0874843126211507,0.0268820883633759,0.0417789514388268,0.0498050775423177
"191",0.853401235012184,0.379450983797239,0.965048707541845,0.895161290322581,0.95,0.984311724081635,0.881754215410772,0.807652552748656,0.80101842828422,0.799556565387351,0.829962539169837,0.889552452639289,0.946996850847535,0.948579799005243,0.897097248830526
"192",0.255844538536274,0.0256361252655092,0.022048963459991,0.0542635658914729,0.09,0.213604807853699,0.11518568322917,0.12708027789138,0.149125954776537,0.177866799013123,0.240110166494454,0.282551494477498,0.144005515532774,0.433785214100592,0.276595807835833
"193",0.623424552023568,0.170255248464586,0.797248592247682,0.621212121212121,0.485,0.779340371489525,0.317962580194408,0.575722605028009,0.592495079877964,0.534634839167296,0.425252130818229,0.649431312384022,0.473604530833487,0.602114313347865,0.310475665440272
"194",0.0798490022406956,0.000791128744998115,0.0030151605000841,0.0542635658914729,0.08,0.00349003076553345,0.0268518571381171,0.0882740428696912,0.112714213056327,0.123447439516224,0.0608033758805284,0.0715564919924171,0.104998869145409,0.00812204316842254,0.0257948994099925
"195",0.109095032896416,0.0127556819896841,0.0471814487248687,0.0542635658914729,0.1175,0.00337505340576172,0.0590780207740229,0.0882740428696912,0.106486605541725,0.0459006082417677,0.0626278305252361,0.0871313553770078,0.0256244500001704,0.00954952011706268,0.0265526952076903
"196",0.831491154840629,0.982158277783098,0.966318717401204,0.895161290322581,0.97,0.99936447723303,0.982885801734699,0.897667356684463,0.922028747006766,0.963248699521524,0.923978968925402,0.847584817392788,0.986966736262324,0.995778241458271,0.966242492831838
"197",0.74546122620115,0.866937569550863,0.9512767082657,0.895161290322581,0.873333333333333,0.964152418076992,0.920796432334653,0.807652552748656,0.744755290636143,0.700419119917833,0.829962539169837,0.758117955188224,0.872043041127542,0.843007287724515,0.879423696067894
"198",0.178987480657679,0.639279783130234,0.0195820280941975,0.0542635658914729,0.17,0.0369836688041687,0.0867704198566712,0.233208442989676,0.0854126157564128,0.0459006082417677,0.29659944889575,0.165292222470625,0.0181819619611922,0.0505793022663494,0.320568451698873
"199",0.116818350404919,0.00139241129152097,0.0136056612849098,0.0542635658914729,0.04,0.00160956382751465,0.0360551018127393,0.168240182413894,0.0676250288391583,0.0459006082417677,0.152210058269584,0.0927091353656315,0.0181819619611922,0.00649610338505078,0.110487272490943
"200",0.069755144288727,0.251544886545857,0.00485308089081818,0.0542635658914729,0.5375,0.484739243984222,0.701839379952318,0.0930666549717858,0.389946463234658,0.336546414770082,0.114491689206037,0.0715564919924171,0.492521201386287,0.642497500461699,0.0845635114709755
"201",0.894746401081493,0.999138404307643,0.983226534541793,0.895161290322581,1,0.999299264862202,0.983948254662541,0.897667356684463,0.922028747006766,0.963248699521524,0.941350467285043,0.922515814362423,0.986966736262324,0.99713555144475,0.978665198755343
"202",0.0741359249514743,0.248474091213269,0.04290248154763,0.0542635658914729,0.08,0.0124679207801819,0.0654694180874705,0.0888857838963102,0.106486605541725,0.0459006082417677,0.0999978040120591,0.0717605116803739,0.0256244500001704,0.0149601041008501,0.060563523593039
"203",0.745606479609594,0.859000137172462,0.912788929504808,0.621212121212121,0.78,0.901632845401764,0.943268656923886,0.739232010141244,0.814016594926321,0.883023050920031,0.819830351930314,0.747640054416949,0.961519873423083,0.895224218856347,0.819909707775846
"204",0.174354012468791,0.0232208981172296,0.141970087251582,0.0542635658914729,0.12,0.0570427775382996,0.0544377116843833,0.107019648520553,0.184398852643642,0.0459006082417677,0.12158017367994,0.121750201038332,0.0181819619611922,0.128549797574775,0.0648304805471662
"205",0.623424552023568,0.94889762201635,0.726396904112027,0.621212121212121,0.643333333333333,0.995608228258789,0.875755731490591,0.589858109227877,0.743052023404211,0.588952981800693,0.592095901324479,0.649431312384022,0.63178921055104,0.784598417617139,0.577396343929185
"206",0.712532843715846,0.874718601185724,0.983123135378034,0.895161290322581,0.613333333333333,0.933469332754612,0.373689175382308,0.736326072700424,0.611183844359437,0.700419119917833,0.468439671475504,0.695887959237697,0.68401910426775,0.839935290572329,0.399277957046097
"207",0.257883944546666,0.0160386944374569,0.00639307098652445,0.0542635658914729,0.12,0.00294035673141479,0.0267837611685484,0.222973296341568,0.0854126157564128,0.0459006082417677,0.135626867457305,0.208124112291731,0.0181819619611922,0.0120434344852219,0.111175318261894
"208",0.0717370761529095,0.0772239826388584,0.00584405393027053,0.0542635658914729,0.3275,0.858906701207161,0.448532703316364,0.0930666549717858,0.389946463234658,0.287980736148302,0.114491689206037,0.0733479198767847,0.267529815753022,0.642497500461699,0.0845635114709755
"209",0.069755144288727,0.00315255608875511,0.00386598828448404,0.0542635658914729,0,0.00178611278533936,0.0442679417863524,0.0882740428696912,0.0633984835473475,0.0459006082417677,0.0535990630876006,0.0715564919924171,0.0181819619611922,0.00967774745445982,0.0208041730994619
"210",0.623424552023568,0.057373044850613,0.739168798549492,0.621212121212121,0.35,0.114733934402466,0.305628250770584,0.575722605028009,0.592495079877964,0.588952981800693,0.460602272403975,0.649431312384022,0.68401910426775,0.476917598501225,0.392168246794596
"211",0.74250002412001,0.937971974088282,0.951558771983129,0.895161290322581,0.99,0.99320062994957,0.972423834406317,0.860787060133563,0.877999556949665,0.938883371948582,0.831251020065337,0.734294884433205,0.962586234860839,0.97214025866098,0.877886276176379
"212",0.614146678115001,0.16354949723542,0.805872377483627,0.621212121212121,0.68,0.0991011261940002,0.621972135474554,0.739232010141244,0.674131401888241,0.883023050920031,0.576139925898445,0.670601316031181,0.961519873423083,0.31192033391017,0.543622498413938
"213",0.118189477346477,0.255749315730271,0.0357845630779733,0.0542635658914729,0.251428571428571,0.294760406017303,0.167591329562864,0.107745944797658,0.195012469795613,0.0569040813078803,0.23860659068804,0.0875973778000113,0.0469000157146788,0.262307833019085,0.221191335004965
"214",0.747165136096848,0.967106957609662,0.966155851604164,0.895161290322581,0.89,0.974361224099994,0.957971857914094,0.860787060133563,0.922028747006766,0.938883371948582,0.831251020065337,0.738507889062804,0.962586234860839,0.958103293070376,0.877886276176379
"215",0.0961190582359711,0.0532845959256213,0.0196246413926043,0.0542635658914729,0.1,0.0121640563011169,0.0314906328832172,0.147624914613043,0.196314608155501,0.0459006082417677,0.174962202634945,0.0715564919924171,0.0181819619611922,0.0267919168235038,0.163753781140355
"216",0.850363552550742,0.813894696357666,0.988559040705386,0.895161290322581,0.773333333333333,0.860867619514465,0.919641759176474,0.838643544322229,0.80101842828422,0.799556565387351,0.76205410446619,0.842370071878286,0.946996850847535,0.95339633907967,0.796374211436061
"217",0.718537921269323,0.811151608100128,0.892767779333936,0.621212121212121,0.695,0.897278606891632,0.759560705849255,0.628586354481661,0.776538840529934,0.588952981800693,0.781733359394478,0.697372481101473,0.63178921055104,0.853963804644028,0.828468417956774
"218",0.914653764252696,0.999293355667759,0.961549777878779,0.895161290322581,0.95,0.999456729972735,0.991989661775009,0.897667356684463,0.922028747006766,0.963248699521524,0.923978968925402,0.942349978651126,0.986966736262324,0.985297036640293,0.972410439493787
"219",0.894220965218237,0.996434175165619,0.980673286226029,0.895161290322581,0.97,0.98982228897512,0.976066596967022,0.897667356684463,0.922028747006766,0.963248699521524,0.941804755114443,0.92609303096889,0.986966736262324,0.994891651334696,0.979277249526792
"220",0.0798490022406956,0.00125054141471135,0.00408599840762225,0.0542635658914729,0,0.00428479909896851,0.0267837611685484,0.0882740428696912,0.0633984835473475,0.0459006082417677,0.0608033758805284,0.0715564919924171,0.0181819619611922,0.00967774745445982,0.0257948994099925
"221",0.109630574690847,0.0687911871521882,0.0347920522794857,0.0542635658914729,0.12,0.024577260017395,0.0332038250834119,0.140457860418272,0.196314608155501,0.0459006082417677,0.140283997935605,0.0715878447558523,0.0181819619611922,0.0138713111466571,0.0999804315053712
"222",0.0798490022406956,0.0724357672447011,0.0151762065303288,0.0542635658914729,0.08,0.0558066964149475,0.149997996516678,0.0882740428696912,0.112714213056327,0.177866799013123,0.128767050033713,0.0715564919924171,0.144005515532774,0.075828353857112,0.103236921103504
"223",0.723132455298154,0.936734226135325,0.949791951465195,0.895161290322581,0.802833333333333,0.89438208937645,0.825956170959244,0.747457934349754,0.744755290636143,0.700419119917833,0.697156007866486,0.728117141832669,0.833007075472028,0.910255589359348,0.741585107877128
"224",0.284555131739361,0.656237506773774,0.175484022503236,0.0542635658914729,0.14,0.187109410762787,0.112629014623835,0.222973296341568,0.216722095424738,0.150115859758573,0.398882373131299,0.186604343272693,0.237651005937607,0.367405543644647,0.490990856393227
"225",0.623424552023568,0.195076856147997,0.59588237543526,0.621212121212121,0.5,0.706897348165512,0.338051638605911,0.577572415861484,0.621569799069886,0.588952981800693,0.626204341164929,0.649431312384022,0.536092053266229,0.503329502626497,0.661902392652789
"226",0.623424552023568,0.975626462172105,0.65701254113601,0.621212121212121,0.48,0.801374793052673,0.464444161114601,0.589858109227877,0.743052023404211,0.588952981800693,0.628135389670214,0.649431312384022,0.536092053266229,0.881740743276797,0.661902392652789
"227",0.58856905560482,0.688371728802172,0.691912914367207,0.621212121212121,0.572857142857143,0.884532228112221,0.641696935214841,0.589858109227877,0.426103276922887,0.588952981800693,0.59440656901815,0.649431312384022,0.628529678296059,0.595862069289592,0.611031582736975
"228",0.623424552023568,0.835969175968187,0.634101245073592,0.621212121212121,0.47,0.353413283824921,0.382728544916884,0.589858109227877,0.729646803677185,0.588952981800693,0.628135389670214,0.649431312384022,0.536092053266229,0.60008452765799,0.661902392652789
"229",0.120505054786743,0.00323542512139667,0.0165786570688899,0.0542635658914729,0.01,0.00146758556365967,0.0220535211849972,0.0882740428696912,0.100091962280403,0.0459006082417677,0.0608033758805284,0.100311852821713,0.0256244500001704,0.00377363539319327,0.0273321287438668
"230",0.0799863327920876,0.127061553685839,0.0186893989246399,0.0542635658914729,0.21,0.136730968952179,0.15028995597867,0.0930666549717858,0.106486605541725,0.0459006082417677,0.112695991805368,0.0716662821383596,0.0256244500001704,0.0316641674279619,0.0743677636125304
"231",0.850361807296167,0.565726622882523,0.924808201170811,0.895161290322581,0.73,0.0103514790534973,0.776581141807196,0.807652552748656,0.616982614242783,0.799556565387351,0.588152547696272,0.904657564711786,0.768866676016708,0.473463122570747,0.545455365080991
"232",0.773789259482151,0.931201889112774,0.964159176185147,0.895161290322581,0.91,0.945790767669678,0.972000619930349,0.897667356684463,0.922028747006766,0.938883371948582,0.932918213386737,0.782397118994722,0.966538703287263,0.984364453577835,0.962960668044488
"233",0.105812578611841,0.000109762813970115,0.00294515431123715,0.0542635658914729,0,5.40018081665039e-05,0.00978770924280938,0.0882740428696912,0.0633984835473475,0.0459006082417677,0.0613525179765626,0.100269278684448,0.0181819619611922,0.00376117291056405,0.0312973742429729
"234",0.0961190582359711,0.0724408642826886,0.0257188128088727,0.0542635658914729,0.36,0.0220218896865845,0.0892082020048048,0.140457860418272,0.314323550474474,0.177866799013123,0.176157512991678,0.0715564919924171,0.144005515532774,0.0554783477210807,0.163753781140355
"235",0.8578660356337,0.980605419843415,0.979958596653901,0.895161290322581,0.95,0.994420008733869,0.986204939542885,0.897667356684463,0.842407586038566,0.963248699521524,0.914681339401801,0.871515112028627,0.986966736262324,0.964253941084904,0.959449504093753
"236",0.069755144288727,0.00663770761738718,0.0033082486482626,0.230769230769231,0.08,0.00599581003189087,0.149997996516678,0.0882740428696912,0.112714213056327,0.192674829933399,0.114491689206037,0.0715564919924171,0.200610772814659,0.075828353857112,0.0845635114709755
"237",0.951056749686508,0.930202951878177,0.982060475398773,0.621212121212121,0.8575,0.973500102758408,0.983916114013032,0.809975270799,0.916233231215792,0.903980072780189,0.879149231194457,0.942359813644337,0.962586234860839,0.97760250242035,0.932484523569779
"238",0.58856905560482,0.253222616282076,0.710776461532098,0.621212121212121,0.486190476190476,0.211607336997986,0.786122975736258,0.589858109227877,0.549548613574226,0.588952981800693,0.59440656901815,0.649431312384022,0.628529678296059,0.472777355233213,0.611031582736975
"239",0.868708221302949,0.992250665842963,0.97905654215005,0.895161290322581,0.99,0.994949232786894,0.976961273858251,0.897667356684463,0.922028747006766,0.963248699521524,0.923978968925402,0.848428947716093,0.986966736262324,0.986743552724886,0.967198980514828
"240",0.441571088099599,0.514925639722287,0.79410236014708,0.230769230769231,0.477333333333333,0.107810616493225,0.357088379709151,0.0882740428696912,0.373647999831819,0.308515964010741,0.264120575222811,0.0715564919924171,0.352684327590106,0.408745217674053,0.103236921103504
"241",0.854883604656848,0.999007312861378,0.961237888292942,0.895161290322581,0.924,0.982179401442409,0.9836855973425,0.897667356684463,0.922028747006766,0.963248699521524,0.923978968925402,0.873085579446288,0.986966736262324,0.979469362305831,0.967198980514828
"242",0.97503663900103,0.985233485425032,0.961967184918546,0.895161290322581,1,0.997513553127646,0.961073417607857,0.897667356684463,0.922028747006766,0.963248699521524,0.941350467285043,0.97194299848493,0.986966736262324,0.994703972224707,0.975329971844871
"243",0.623424552023568,0.725013735250658,0.835521730387511,0.621212121212121,0.37,0.172428250312805,0.378416408122222,0.575722605028009,0.600636223487764,0.534634839167296,0.628135389670214,0.649431312384022,0.324456852498386,0.444572217797693,0.661902392652789
"244",0.746097597527863,0.635655352092524,0.744026672556962,0.895161290322581,0.98,0.997381903231144,0.943094413599008,0.897667356684463,0.842407586038566,0.938883371948582,0.902083602614667,0.781512198816043,0.966538703287263,0.934783112073687,0.937901578753586
"245",0.843575991300958,0.954221940436426,0.956067188959157,0.895161290322581,0.9,0.981783693656325,0.980077592895316,0.897667356684463,0.922028747006766,0.963248699521524,0.913279237250242,0.857458791042047,0.986966736262324,0.988216986656931,0.952326067001883
"246",0.809332788178697,0.982409573232952,0.93872412020592,0.895161290322581,0.97,0.994495596271008,0.98126327605612,0.897667356684463,0.922028747006766,0.938883371948582,0.923978968925402,0.813140211966127,0.966538703287263,0.968663351400392,0.964248151740531
"247",0.991567324543028,1,0.999999999945451,0.230769230769231,0.470166666666667,0.0416399240493774,0.0932266845095405,0.222973296341568,0.114479816325095,0.163071793353624,0.433132186868216,0.404826216930828,0.217673467938411,0.0842759555351942,0.0912120659829749
"248",0.069755144288727,0.0270178247954328,0.0101448650207363,0.0542635658914729,0.04,0.00194233655929565,0.0217408968533354,0.0882740428696912,0.0633984835473475,0.0459006082417677,0.0613525179765626,0.0715564919924171,0.0181819619611922,0.00476640186874742,0.0295439031838959
"249",0.648130739630632,0.896309106887066,0.814066922054069,0.621212121212121,0.8175,0.976896921172738,0.945524640780004,0.740690024349089,0.837921291128214,0.903980072780189,0.879149231194457,0.670601316031181,0.962586234860839,0.951401552715919,0.932484523569779
"250",0.0799470735008508,0.0269104258221156,0.00508088220457925,0.0542635658914729,0.08,0.00191915035247803,0.0607087305499111,0.0882740428696912,0.0633984835473475,0.0569040813078803,0.0695224255123018,0.0716348976729184,0.0469000157146788,0.0257418292198235,0.0365529445240816
"251",0.712588605143922,0.911858698867501,0.900397813559427,0.895161290322581,0.73,0.985732122324407,0.928529610980777,0.785572561085146,0.7877883651615,0.924426524876689,0.633549890062346,0.707442749426568,0.892666080152635,0.907478190612609,0.668523828446452
"252",0.766570523292906,0.359513731587808,0.951444181921177,0.895161290322581,0.733333333333333,0.921636149287224,0.824923612982246,0.806472672719856,0.676754407714783,0.799556565387351,0.683119509710069,0.785782293662728,0.946996850847535,0.788924088610876,0.633447817906623
"253",0.767616827538638,0.696498122013013,0.973130241412745,0.895161290322581,0.743333333333333,0.810373350977898,0.769503339867546,0.833203197031732,0.655494364655732,0.700419119917833,0.740877653042705,0.695887959237697,0.68401910426775,0.806946985076901,0.81043744941279
"254",0.986796143857854,0.999937544576351,0.996550379376933,0.895161290322581,0.94,0.957419935613871,0.990376475310516,0.897667356684463,0.900477520663676,0.963248699521524,0.913279237250242,0.982192831221704,0.986966736262324,0.9665970656876,0.953657952221856
"255",0.158480842643933,0.206035616116689,0.160726780695673,0.0542635658914729,0.16,0.0556951761245728,0.0697189102660361,0.107745944797658,0.184398852643642,0.0459006082417677,0.244377979916974,0.105906113541396,0.0181819619611922,0.0789114431481093,0.226355681314431
"256",0.789095210240204,0.925985061291388,0.940141532279202,0.895161290322581,1,0.989376742392778,0.987497740501805,0.897667356684463,0.922028747006766,0.938883371948582,0.941350467285043,0.795590252314734,0.966538703287263,0.991318348062496,0.97385797958574
"257",0.0798490022406956,0.0500474041107761,0.00808566307513732,0.0542635658914729,0.2,0.0519381165504456,0.115693784111184,0.0882740428696912,0.119807902944404,0.150115859758573,0.128767050033713,0.0715564919924171,0.237651005937607,0.0742764237504776,0.103236921103504
"258",0.0798490022406956,0.0143938786675026,0.0153202333276594,0.0542635658914729,0.0814285714285714,0.594398975372314,0.0442679417863524,0.0882740428696912,0.100091962280403,0.0459006082417677,0.0608033758805284,0.0715564919924171,0.0256244500001704,0.0149601041008501,0.0257948994099925
"259",0.0712765039756595,0.00206395830684928,0.00268852132306647,0.0542635658914729,0.09,0.00673836469650269,0.0360551018127393,0.0882740428696912,0.119807902944404,0.123447439516224,0.0535990630876006,0.0729321098562753,0.104998869145409,0.0121942227097174,0.0208041730994619
"260",0.103646830239693,0.0875221196371099,0.0241674162596867,0.0542635658914729,0.15,0.408781290054321,0.0795219396862172,0.112704195255882,0.184398852643642,0.0459006082417677,0.191945168700572,0.0874843126211507,0.0181819619611922,0.267699506082053,0.137221739327043
"261",0.623424552023568,0.41672513407559,0.490063926661295,0.621212121212121,0.45,0.357639074325562,0.702904705063119,0.589858109227877,0.613725906276349,0.588952981800693,0.592095901324479,0.649431312384022,0.63178921055104,0.47915794431472,0.577396343929185
"262",0.0798490022406956,0.00387187921709317,0.00948177060457887,0.0542635658914729,0.04,0.000170111656188965,0.00978770924280938,0.0882740428696912,0.0633984835473475,0.0459006082417677,0.0608033758805284,0.0715564919924171,0.0181819619611922,0.00227178494399127,0.0257948994099925
"263",0.0798490022406956,0.0227349739915963,0.0125629206576407,0.0542635658914729,0.08,0.105139374732971,0.15028995597867,0.0930666549717858,0.100091962280403,0.0459006082417677,0.112695991805368,0.0715564919924171,0.0256244500001704,0.0354031860074469,0.0743677636125304
"264",0.0798490022406956,0.0137827948460626,0.00937771044469056,0.0542635658914729,0.04,0.0022350549697876,0.0360551018127393,0.0882740428696912,0.100091962280403,0.0459006082417677,0.0608033758805284,0.0715564919924171,0.0256244500001704,0.00926800554944723,0.0257948994099925
"265",0.0729185786721265,0.0041399877506649,0.00815842550081405,0.0542635658914729,0.035,0.0010218620300293,0.0163635793655535,0.107019648520553,0.106486605541725,0.0459006082417677,0.0535990630876006,0.0744132588402954,0.0256244500001704,0.0033403919264701,0.0208041730994619
"266",0.0833390149045397,0.0670006575203702,0.00968939317265087,0.0542635658914729,0.22,0.0735426545143127,0.248615786562168,0.168240182413894,0.451463433090362,0.287980736148302,0.213541619906217,0.0837316319682945,0.267529815753022,0.265257887728007,0.233449654326313
"267",0.58856905560482,0.878676307545108,0.774601204525453,0.621212121212121,0.492857142857143,0.798060059547424,0.520394249097533,0.589858109227877,0.426103276922887,0.588952981800693,0.59440656901815,0.649431312384022,0.628529678296059,0.489062536276559,0.611031582736975
"268",0.0846201435725743,0.00932294615994295,0.00942647616721271,0.0542635658914729,0.04,0.109153568744659,0.0442679417863524,0.107019648520553,0.106486605541725,0.0459006082417677,0.112695991805368,0.0753611938424291,0.0256244500001704,0.0149601041008501,0.0743677636125304
"269",0.58856905560482,0.0614002344204388,0.380272088492099,0.621212121212121,0.27,0.0478695631027222,0.275007858984986,0.575722605028009,0.334614100615833,0.534634839167296,0.392931965753037,0.649431312384022,0.324456852498386,0.225671820579065,0.265411420348451
"270",0.0891832791983038,0.0499366636025429,0.0019598390384655,0.0542635658914729,0.151428571428571,0.0295504927635193,0.191701460685977,0.169303184320586,0.0854126157564128,0.0569040813078803,0.29659944889575,0.0889026005448675,0.0469000157146788,0.0218095580940821,0.320568451698873
"271",0.069755144288727,0.00313068134828311,0.0118591446980747,0.0542635658914729,0.015,0.00284433364868164,0.0217408968533354,0.0882740428696912,0.0633984835473475,0.0459006082417677,0.0535990630876006,0.0715564919924171,0.0181819619611922,0.00383808735673725,0.0208041730994619
"272",0.989726121365811,0.999999998105344,0.999787653157586,0.895161290322581,0.94,0.992254170589149,0.980077592895316,0.897667356684463,0.922028747006766,0.963248699521524,0.941804755114443,0.997512742544144,0.986966736262324,0.991009505156807,0.984065038392965
"273",0.0697897783127513,0.00811178714147784,0.0129286609426515,0.0542635658914729,0.07,0.00113087892532349,0.0376522382119707,0.0930666549717858,0.0633984835473475,0.0459006082417677,0.0999978040120591,0.0715878447558523,0.0181819619611922,0.0403296579680983,0.060563523593039
"274",0.879798558447976,0.985273950682452,0.984498426899988,0.895161290322581,0.91,0.958544738590717,0.696792355117847,0.807652552748656,0.80101842828422,0.799556565387351,0.808768944490215,0.91688631099783,0.923272479055257,0.948579799005243,0.8658967782856
"275",0.588633663239723,0.221057466543911,0.610679381247224,0.621212121212121,0.145,0.032261848449707,0.110333135624819,0.575722605028009,0.519220542652795,0.534634839167296,0.392931965753037,0.649485021072306,0.369493296215556,0.122142356035751,0.265411420348451
"276",0.74546122620115,0.954369609555716,0.971136224485013,0.895161290322581,0.91,0.994034768082201,0.811364171997447,0.807652552748656,0.744755290636143,0.700419119917833,0.829962539169837,0.758117955188224,0.872043041127542,0.857982397091102,0.879423696067894
"277",0.623424552023568,0.961965782809793,0.923434741401036,0.621212121212121,0.678333333333333,0.975692790001631,0.792901118756194,0.589858109227877,0.729646803677185,0.588952981800693,0.690462521301878,0.649431312384022,0.858562057020736,0.941192271347654,0.730026738771416
"278",0.0798490022406956,0.00552583192344029,0.00574270356214397,0.230769230769231,0.05,0.0254629850387573,0.0148260104446042,0.0888857838963102,0.0633984835473475,0.0503954577358589,0.127843405461954,0.0715564919924171,0.0268820883633759,0.0144781046963663,0.103236921103504
"279",0.642022196322183,0.910600903359485,0.881723506940563,0.621212121212121,0.75,0.81634259223938,0.959755021752313,0.750282794969337,0.894679444151992,0.903980072780189,0.863074880429882,0.665369276821056,0.962586234860839,0.982717847765317,0.906005270546019
"280",0.930019879782334,0.999419955717724,0.99246922178465,0.895161290322581,0.97,0.990141681395471,0.980077592895316,0.897667356684463,0.922028747006766,0.963248699521524,0.913279237250242,0.937323170469753,0.986966736262324,0.988216986656931,0.956216220782193
"281",0.0994375205433262,0.0154016413451505,0.0275511826443252,0.0542635658914729,0.15,0.0122410655021667,0.0528051143414534,0.176533712934845,0.196314608155501,0.0459006082417677,0.155225586218954,0.0737981558174656,0.0181819619611922,0.0267919168235038,0.120230583846111
"282",0.0798490022406956,0.0212837275019874,0.0152922417011446,0.0542635658914729,0.09,0.00746369361877441,0.0307499351724046,0.0930666549717858,0.0633984835473475,0.0459006082417677,0.162178668709764,0.0715564919924171,0.0181819619611922,0.0403034550980103,0.137194415243532
"283",0.723132455298154,0.885326322514228,0.963997219754312,0.895161290322581,0.813333333333333,0.908613562583923,0.799851974039562,0.747457934349754,0.744755290636143,0.700419119917833,0.599683234537999,0.728117141832669,0.764656330894369,0.603032874576602,0.59183574733115
"284",0.0798490022406956,0.00656851542794279,0.00633543301474215,0.230769230769231,0.04,0.00222688913345337,0.0859917390581885,0.0882740428696912,0.0633984835473475,0.0624059747874627,0.0608033758805284,0.0715564919924171,0.0683846988199855,0.0194901453836243,0.0257948994099925
"285",0.096142241109509,0.0927866246079198,0.0248354279776592,0.0542635658914729,0.29,0.25954532623291,0.0884471443958411,0.140457860418272,0.314323550474474,0.123447439516224,0.0856396863334171,0.0715721667896902,0.104998869145409,0.0641503877383855,0.0430973951406276
"286",0.681714274883868,0.889001558295098,0.988705508760585,0.895161290322581,0.616190476190476,0.11266815662384,0.569979251917761,0.747457934349754,0.445278542188337,0.700419119917833,0.567188709353013,0.695887959237697,0.423390015159069,0.529661717174068,0.530385972485397
"287",0.0733707813689951,0.0151965665428256,0.00723622503404758,0.0542635658914729,0.05,0.0324640870094299,0.0590780207740229,0.107019648520553,0.106486605541725,0.0459006082417677,0.0535990630876006,0.0748204995406746,0.0256244500001704,0.0179203243647915,0.0208041730994619
"288",0.89696844612018,0.97604818659413,0.968579392292692,0.895161290322581,0.96,0.998245373019017,0.964568439529438,0.838643544322229,0.922028747006766,0.954274661456238,0.829962539169837,0.931515742962941,0.960751945923369,0.988723779311643,0.905044678373023
"289",0.07391646019024,0.025225072218852,0.0454670740497359,0.0542635658914729,0.03,0.000128626823425293,0.0161302836099904,0.0882740428696912,0.0633984835473475,0.0459006082417677,0.0535990630876006,0.0715721667896902,0.0181819619611922,0.00637271653241248,0.0208041730994619
"290",0.101780872456051,0.0040941189603996,0.00445982320761123,0.0542635658914729,0.02,0.00295823812484741,0.0161302836099904,0.168240182413894,0.0854126157564128,0.0459006082417677,0.152210058269584,0.0889026005448675,0.0181819619611922,0.00615066879414194,0.107598817711162
"291",0.122252788636015,0.793696312008582,0.0297986874883047,0.0542635658914729,0.25,0.375609338283539,0.304474514771468,0.112704195255882,0.216722095424738,0.150115859758573,0.23860659068804,0.0903508376939882,0.157200494999809,0.396672049903111,0.221191335004965
"292",0.58856905560482,0.576377469909439,0.690703230389177,0.621212121212121,0.562857142857143,0.823165252804756,0.833912215256009,0.589858109227877,0.426103276922887,0.588952981800693,0.59440656901815,0.649431312384022,0.628529678296059,0.639888718379605,0.611031582736975
"293",0.101780872456051,0.0744254062745909,0.00671617514839725,0.0542635658914729,0.05,0.00491845607757568,0.0359645290796418,0.168240182413894,0.0854126157564128,0.0459006082417677,0.135626867457305,0.0889026005448675,0.0181819619611922,0.0120434344852219,0.111175318261894
"294",0.662532407281902,0.289835538030244,0.891388145290164,0.621212121212121,0.8575,0.904074013233185,0.947415593598297,0.750282794969337,0.916233231215792,0.903980072780189,0.826784934551679,0.682934243656857,0.962586234860839,0.983976893963359,0.874662899289739
"295",0.908386882741667,0.993714013290965,0.988088422876732,0.895161290322581,0.92,0.991669580340385,0.984175119783334,0.897667356684463,0.877999556949665,0.938883371948582,0.882457129997212,0.89703078173614,0.962586234860839,0.98910421749848,0.936133372397322
"296",0.069755144288727,0.00711310900434135,0.00396992532114294,0.0542635658914729,0.195,0.183892428874969,0.196198724332841,0.0882740428696912,0.373647999831819,0.287980736148302,0.114491689206037,0.0715564919924171,0.267529815753022,0.253636118063758,0.0845635114709755
"297",0.958114490730845,0.992690567189003,0.98631938996216,0.895161290322581,1,0.998980911332183,0.968201610824062,0.897667356684463,0.922028747006766,0.963248699521524,0.913279237250242,0.966179130152514,0.986966736262324,0.988619346785252,0.958639387640425
"298",0.119418479084989,0.0181177183114003,0.0594548659666836,0.0542635658914729,0.2,0.00452595949172974,0.0202587041430078,0.107019648520553,0.195012469795613,0.0459006082417677,0.12158017367994,0.088430565847881,0.0181819619611922,0.0391371621762882,0.0613171993806813
"299",0.623424552023568,0.814371024813635,0.817387476968723,0.621212121212121,0.51,0.796285778284073,0.623712026967327,0.575722605028009,0.535047980248755,0.534634839167296,0.690462521301878,0.649431312384022,0.716143897615292,0.680305212349213,0.730026738771416
"300",0.069755144288727,0.0120488166265626,0.0061351005508231,0.230769230769231,0.04,0.0523309707641602,0.0625184951319247,0.0882740428696912,0.0676250288391583,0.0624059747874627,0.0535990630876006,0.0715564919924171,0.0683846988199855,0.0194901453836243,0.0208041730994619
"301",0.964714475783844,0.99675807733521,0.979409060531613,0.895161290322581,0.99,0.99652976449579,0.984175119783334,0.897667356684463,0.877999556949665,0.938883371948582,0.882457129997212,0.952818349842193,0.962586234860839,0.991318348062496,0.934332506599108
"302",0.0798490022406956,0.0248080360103064,0.025713588495005,0.0542635658914729,0.05,0.00959658622741699,0.0360551018127393,0.0882740428696912,0.0633984835473475,0.0459006082417677,0.0787594494428225,0.0715564919924171,0.0181819619611922,0.00728554678789652,0.0352817481648025
"303",0.109069103596396,0.0162711545928802,0.0476456178419197,0.0542635658914729,0.05,0.0165379047393799,0.0348189595101043,0.0930666549717858,0.0676250288391583,0.0459006082417677,0.115885401832457,0.0871125927359809,0.0181819619611922,0.0258821237259167,0.0764405544625631
"304",0.0961190582359711,0.0558388595405111,0.0256153160876351,0.0542635658914729,0.18,0.00180429220199585,0.0336756070032445,0.140457860418272,0.286411967367544,0.0459006082417677,0.155225586218954,0.0715564919924171,0.0256244500001704,0.0119918535573502,0.120230583846111
"305",0.73576692243836,0.992038253763444,0.974350288192596,0.895161290322581,0.75,0.76811970770359,0.943222209615229,0.747457934349754,0.655494364655732,0.700419119917833,0.633549890062346,0.728443933490227,0.63178921055104,0.629501402579937,0.675079244390346
"306",0.201464500497528,0.0598785027547286,0.00543168462914772,0.0542635658914729,0.21,0.0274430513381958,0.0932266845095405,0.222973296341568,0.127680877442584,0.150115859758573,0.17551919733743,0.165292222470625,0.157200494999809,0.0857653931367977,0.119128646517977
"307",0.791356797503285,0.987625035491914,0.970334173077123,0.895161290322581,0.97,0.998834397294559,0.967408028006932,0.897667356684463,0.922028747006766,0.963248699521524,0.941350467285043,0.80644600951541,0.986966736262324,0.996131906662604,0.974604360770533
"308",0.874505351434187,0.983109761314704,0.981755534092167,0.895161290322581,0.96,0.991030844859779,0.972106129526448,0.838643544322229,0.922028747006766,0.963248699521524,0.787061864856501,0.90898256333698,0.986966736262324,0.99713555144475,0.866705441181132
"309",0.0798686076995127,0.00167892901265373,0.00987430355398032,0.0542635658914729,0.01,0.000357985496520996,0.0217408968533354,0.0882740428696912,0.0633984835473475,0.0459006082417677,0.0608033758805284,0.0715721667896902,0.0181819619611922,0.00323153969873817,0.0257948994099925
"310",0.718537921269323,0.363338095492122,0.958863222437683,0.621212121212121,0.775,0.959460720419884,0.948437947335162,0.640312346088501,0.776538840529934,0.588952981800693,0.825469512745905,0.697372481101473,0.724842615367976,0.908278379654935,0.869640749060125
"311",0.58856905560482,0.108158622557838,0.612932787831308,0.621212121212121,0.252857142857143,0.224662721157074,0.335702939213754,0.589858109227877,0.426103276922887,0.588952981800693,0.559437957462583,0.649431312384022,0.376324231720034,0.398409581172439,0.522974113293517
"312",0.623424552023568,0.868878643767248,0.787078285198709,0.621212121212121,0.75,0.892144925892353,0.702904705063119,0.589858109227877,0.637672802668187,0.588952981800693,0.592095901324479,0.649431312384022,0.798136327720336,0.463721681837508,0.577396343929185
"313",0.724663722907744,0.0762318918734743,0.750788427816764,0.895161290322581,0.77,0.485880255699158,0.241300546767702,0.837615544968579,0.786095263043618,0.924426524876689,0.588152547696272,0.764420238063303,0.7998316042047,0.436939200133537,0.493549444501788
"314",0.0798686076995127,0.0567547633972111,0.0177134710092196,0.0542635658914729,0.1,0.0065382719039917,0.0867288976139664,0.0888857838963102,0.112714213056327,0.123447439516224,0.128767050033713,0.0715721667896902,0.104998869145409,0.0103095578488867,0.103236921103504
"315",0.58856905560482,0.555226006347755,0.786690394344961,0.621212121212121,0.45,0.216127514839172,0.501805948517895,0.575722605028009,0.413228774957031,0.534634839167296,0.392931965753037,0.649431312384022,0.416274977301343,0.224210436261565,0.265411420348451
"316",0.0798882175541564,0.0107087098378749,0.0117617665100565,0.0542635658914729,0,0.000694632530212402,0.0148260104446042,0.0888857838963102,0.0633984835473475,0.0459006082417677,0.127843405461954,0.0715878447558523,0.0181819619611922,0.00433062733737193,0.103236921103504
"317",0.174887204951354,0.271031136663408,0.133964785991113,0.0542635658914729,0.15,0.496929347515106,0.0883355834090272,0.168240182413894,0.216722095424738,0.123447439516224,0.398882373131299,0.116217459057547,0.104998869145409,0.244098715467978,0.490990856393227
"318",0.0798490022406956,0.00149222772971387,0.00203830275464996,0.0542635658914729,0.02,0.00534123182296753,0.0217408968533354,0.0882740428696912,0.0633984835473475,0.0459006082417677,0.0898071435529743,0.0715564919924171,0.0181819619611922,0.00906548998220626,0.0497941555704255
"319",0.0798490022406956,0.00536213779551162,0.0141074510609365,0.0542635658914729,0.115,0.00285035371780396,0.0360551018127393,0.0882740428696912,0.0633984835473475,0.0459006082417677,0.0608033758805284,0.0715564919924171,0.0181819619611922,0.00324065903878933,0.0257948994099925
"320",0.0798490022406956,0.00200501139315105,0.00509287689342568,0.0542635658914729,0.02,0.0225214958190918,0.0217408968533354,0.0882740428696912,0.0633984835473475,0.0459006082417677,0.0695224255123018,0.0715564919924171,0.0181819619611922,0.00288823424516148,0.0365529445240816
"321",0.0798490022406956,0.00808370218122398,0.0155007005691276,0.0542635658914729,0.03,0.00562393665313721,0.0303449986628068,0.0882740428696912,0.0633984835473475,0.0459006082417677,0.12795165602942,0.0715564919924171,0.0181819619611922,0.00433062733737193,0.0817643565630955
"322",0.623424552023568,0.0564321860348234,0.654395998754446,0.621212121212121,0.34,0.271523833274841,0.182885931805734,0.589858109227877,0.508356463155879,0.588952981800693,0.592095901324479,0.649431312384022,0.536092053266229,0.434983561725836,0.577396343929185
"323",0.739066373950739,0.986158424960191,0.913374804517931,0.895161290322581,0.91,0.986588032916188,0.904978434010449,0.860787060133563,0.754350707439211,0.938883371948582,0.850413829549749,0.72025955022526,0.962586234860839,0.890094627427962,0.911513271721104
"324",0.0798490022406956,0.0133790055865881,0.0105038142602848,0.230769230769231,0.07,0.0155335664749146,0.0442679417863524,0.0882740428696912,0.112714213056327,0.134465881993029,0.114491689206037,0.0715564919924171,0.148939319054204,0.0426789041250684,0.0845635114709755
"325",0.786654712240553,0.599864497471322,0.957535561585112,0.895161290322581,0.833333333333333,0.303363025188446,0.805658203442868,0.807652552748656,0.80101842828422,0.799556565387351,0.76205410446619,0.811251807618852,0.92087047832591,0.923090409604641,0.796374211436061
"326",0.109578498262871,0.219850405142593,0.047399298622519,0.0542635658914729,0.29,0.130699813365936,0.127974368921012,0.147624914613043,0.286411967367544,0.0459006082417677,0.173584236155367,0.0715564919924171,0.0256244500001704,0.0179487761971028,0.145527973025752
"327",0.0972935368208187,0.00158297257971704,0.00684084955347121,0.0542635658914729,0.0114285714285714,0.000602602958679199,0.0359645290796418,0.0882740428696912,0.0676250288391583,0.0459006082417677,0.0552200562662124,0.0884348352264815,0.0181819619611922,0.0122448325062109,0.0214185761071108
"328",0.887584069134908,0.958253189916906,0.974647550818514,0.895161290322581,1,0.997302187141031,0.942024845001368,0.897667356684463,0.922028747006766,0.963248699521524,0.941350467285043,0.921851523589531,0.986966736262324,0.995778241458271,0.979277249526792
"329",0.0862671862142375,0.0939103204314839,0.0206038286253847,0.0542635658914729,0.125,0.104225337505341,0.0376522382119707,0.176533712934845,0.0676250288391583,0.0459006082417677,0.355473994305311,0.0766701904766801,0.0181819619611922,0.0506118335469645,0.36175796207168
"330",0.069755144288727,0.0930144644009137,0.00552220956162324,0.0542635658914729,0.21,0.280922055244446,0.248615786562168,0.0882740428696912,0.373647999831819,0.287980736148302,0.114491689206037,0.0715564919924171,0.267529815753022,0.253636118063758,0.0845635114709755
"331",0.740553393743575,0.842002900372039,0.963606078448317,0.895161290322581,0.602857142857143,0.543611824512482,0.689508599794482,0.833203197031732,0.585625358554515,0.700419119917833,0.684266521958567,0.695887959237697,0.423390015159069,0.498604611668166,0.705376378591471
"332",0.0798490022406956,0.00566301037097882,0.00591344568059188,0.230769230769231,0.07,0.0216435790061951,0.0360551018127393,0.0882740428696912,0.112714213056327,0.192674829933399,0.128767050033713,0.0715564919924171,0.200610772814659,0.0433099004824566,0.103236921103504
"333",0.069755144288727,0.00433303799295839,0.00146599453463673,0.0542635658914729,0.0814285714285714,0.0245221853256226,0.0932266845095405,0.0882740428696912,0.0676250288391583,0.0569040813078803,0.0613525179765626,0.0715564919924171,0.0469000157146788,0.015427831238151,0.0295439031838959
"334",0.0938405405798513,0.0979572018316815,0.0139898653689833,0.0542635658914729,0.135,0.0910422205924988,0.107678442521054,0.176533712934845,0.0854126157564128,0.0459006082417677,0.29659944889575,0.0929980145537061,0.0181819619611922,0.0304363135295357,0.320568451698873
"335",0.0798490022406956,0.00351494223483609,0.0104185654049506,0.230769230769231,0.08,0.0209131240844727,0.0217408968533354,0.0882740428696912,0.0633984835473475,0.0503954577358589,0.0898071435529743,0.0715564919924171,0.0268820883633759,0.00615480998830576,0.0497941555704255
"336",0.623424552023568,0.57508633679553,0.833466993462843,0.621212121212121,0.52,0.517135828733444,0.471895030462169,0.575722605028009,0.592495079877964,0.534634839167296,0.460602272403975,0.649431312384022,0.525333820309837,0.466887004780328,0.392168246794596
"337",0.0808346753725906,0.00577010763510447,0.00358320420620624,0.0542635658914729,0.03,0.00270944833755493,0.0217408968533354,0.0882740428696912,0.0676250288391583,0.0459006082417677,0.0898071435529743,0.0723441240360649,0.0181819619611922,0.0107251944484593,0.0497941555704255
"338",0.623424552023568,0.777149388415964,0.78794210822841,0.621212121212121,0.7975,0.983405165374279,0.685235135600871,0.589858109227877,0.621569799069886,0.588952981800693,0.626204341164929,0.649431312384022,0.833007075472028,0.881921759542004,0.661902392652789
"339",0.101780872456051,0.0458839699289328,0.00841317515359028,0.0542635658914729,0.02,0.00595492124557495,0.0359645290796418,0.168240182413894,0.0854126157564128,0.0459006082417677,0.135626867457305,0.0889026005448675,0.0181819619611922,0.01621092388251,0.111175318261894
"340",0.623424552023568,0.589764850782284,0.769289485074219,0.621212121212121,0.3,0.157046139240265,0.547202563407964,0.575722605028009,0.600636223487764,0.588952981800693,0.425252130818229,0.649431312384022,0.63178921055104,0.442393225136276,0.310475665440272
"341",0.069755144288727,0.041405019358874,0.00644264048317053,0.0542635658914729,0.25,0.263788819313049,0.332046353739786,0.0930666549717858,0.112714213056327,0.177866799013123,0.114491689206037,0.0715564919924171,0.144005515532774,0.150826828110565,0.0845635114709755
"342",0.637902117234313,0.995501057789809,0.963526730603885,0.621212121212121,0.85,0.894083999097347,0.89355611117875,0.589858109227877,0.729646803677185,0.588952981800693,0.688694724854965,0.649431312384022,0.858562057020736,0.889541775367054,0.730026738771416
"343",0.0807158112206601,0.0568734233388489,0.018688382456791,0.0542635658914729,0.16,0.0108757019042969,0.0360551018127393,0.0882740428696912,0.119807902944404,0.177866799013123,0.163303930881041,0.0722491877944674,0.144005515532774,0.0757042273399123,0.137194415243532
"344",0.71313362225859,0.742001122364348,0.986905859905444,0.895161290322581,0.763333333333333,0.282877862453461,0.685235135600871,0.747457934349754,0.655494364655732,0.700419119917833,0.633549890062346,0.696436865488943,0.68401910426775,0.854816145391505,0.668523828446452
"345",0.108810107935586,0.194969290288208,0.0313850660556503,0.230769230769231,0.3275,0.950300831347704,0.33156711397198,0.0882740428696912,0.419851784429948,0.358799624789786,0.128767050033713,0.0869251672511143,0.591462243609805,0.580076910039697,0.106022193583228
