"","LRR_predictions_Brier","GAM_predictions","LDA_predictions","CTREE_predictions_Brier","RF_predictions_Brier","XGB_predictions_Brier","LGBM_predictions_Brier","RE_RF_predictions_Brier","RE_boosting_predictions_Brier","RE_bag_predictions","PLTR_predictions_Brier","SRE_RF_predictions_Brier","SRE_bag_predictions_Brier","SRE_boosting_predictions_AUC","SRE_PLTR_predictions_Brier"
"1",0.107069704814969,0.0410692748761631,0.00502144442550224,0.0542635658914729,0.15,0.20642876625061,0.0867704198566712,0.108725503701452,0.0410949830224729,0.0459006082417677,0.325241084219315,0.101458005229983,0.142383150641043,0.131155391602288,0.325220919226311
"2",0.0798490022406956,0.0150249052678058,0.0140138017787626,0.0542635658914729,0.01,0.000681161880493164,0.0132218257557806,0.0979536384401078,0.0226045735880275,0.0459006082417677,0.0695224255123018,0.0784212413425726,0.142383150641043,0.108508419818301,0.0695245148907856
"3",0.069755144288727,0.0106384218203293,0.00374179578556337,0.0542635658914729,0.01,0.0649052262306213,0.0259227609383368,0.108725503701452,0.0144159170594661,0.0459006082417677,0.0999978040120591,0.0675990533287243,0.142383150641043,0.131155391602288,0.0999979505949126
"4",0.86347623752423,0.976623400475658,0.983899392825915,0.895161290322581,0.76,0.959389168769121,0.893166491774991,0.774455748376531,0.646394943590213,0.761813542728729,0.614947062916349,0.814577796473039,0.701948965407597,0.545903494496606,0.614955622296485
"5",0.723132455298154,0.878915778844783,0.967896121530842,0.895161290322581,0.673333333333333,0.976696141064167,0.825956170959244,0.690465321856409,0.698519567463089,0.700419119917833,0.599683234537999,0.747268627488126,0.672513894980402,0.657990829672414,0.599686256151413
"6",0.0818314337889754,0.0171046724201836,0.00607913447714383,0.0542635658914729,0.03,0.00291794538497925,0.0217408968533354,0.0979536384401078,0.0467634088325589,0.0459006082417677,0.0898071435529743,0.0801246427119218,0.142383150641043,0.108508419818301,0.0898119750095905
"7",0.814551821479803,0.958262177797317,0.98774411324026,0.895161290322581,1,0.999789280554978,0.968201610824062,0.927056956802391,0.9634448217586,0.963248699521524,0.913279237250242,0.811681844952415,0.852906275020961,0.874942772848831,0.913273657968486
"8",0.805030997581032,0.972803589452127,0.919872256743792,0.895161290322581,0.74,0.805425733327866,0.902403623116841,0.794127945475942,0.833286923445633,0.799556565387351,0.787061864856501,0.791048758732744,0.701948965407597,0.632747975612656,0.78706350991819
"9",0.728004850702242,0.522905177556447,0.908083779021308,0.895161290322581,0.79,0.923385769128799,0.671871962286009,0.88023337463802,0.866500295527782,0.924426524876689,0.736958364279252,0.737830633693244,0.834872465919124,0.764041281407834,0.736963357542653
"10",0.851575239643835,0.996680381837762,0.993922954212902,0.895161290322581,0.994,0.999740659579402,0.982885801734699,0.927056956802391,0.964955857674055,0.963248699521524,0.941350467285043,0.834509520197529,0.852906275020961,0.891966773608924,0.941348206398127
"11",0.0798490022406956,0.0122760654012832,0.00733456734756909,0.0542635658914729,0.06,0.0182794332504272,0.102185337675793,0.108725503701452,0.0479389310225139,0.0569040813078803,0.138882698302192,0.0784212413425726,0.142383150641043,0.131155391602288,0.138855079705059
"12",0.151012041340811,0.0715057423566027,0.0150102377186268,0.0542635658914729,0.16,0.070153534412384,0.0161302836099904,0.0979536384401078,0.051072408942877,0.0459006082417677,0.171641159329005,0.137503394371902,0.142383150641043,0.108508419818301,0.171647227397983
"13",0.753568719866077,0.760979839299322,0.91730477865007,0.895161290322581,0.9,0.983167054131627,0.953453256334226,0.88023337463802,0.898493623278721,0.938883371948582,0.882457129997212,0.772420460901293,0.834872465919124,0.83841578531201,0.882453448432355
"14",0.0698244282421209,0.00407017681393602,0.00452532370600213,0.0542635658914729,0.02,0.000133156776428223,0.0360551018127393,0.0979536384401078,0.0155644973470187,0.0459006082417677,0.0535990630876006,0.0676579180553095,0.142383150641043,0.0994664525073609,0.053601510227907
"15",0.623424552023568,0.164217576795904,0.733162627312577,0.621212121212121,0.33,0.0361042618751526,0.0714036263099051,0.595451084963346,0.335583036030424,0.534634839167296,0.425252130818229,0.62615206973426,0.529815184813978,0.522859870852275,0.425257089935712
"16",0.805948549593551,0.948797029488233,0.987303188898109,0.895161290322581,0.853333333333333,0.954684410244226,0.902456292543411,0.690465321856409,0.881916723610921,0.700419119917833,0.874910231809176,0.823669846470616,0.672513894980402,0.719385805764641,0.874935561488658
"17",0.0709768382788896,0.016469544505767,0.00423132183567834,0.0542635658914729,0.2475,0.126261234283447,0.357088379709151,0.174202384075375,0.42386852625439,0.287980736148302,0.114491689206037,0.0686360729066023,0.340886271229707,0.376205462941382,0.11449429195579
"18",0.959390771100549,0.999668283515054,0.995953812994056,0.895161290322581,0.91,0.94965286180377,0.931648645408628,0.88023337463802,0.713029677465556,0.938883371948582,0.81164955422353,0.953311019620153,0.834872465919124,0.77318803249496,0.811642467425816
"19",0.114978884656244,0.129527616756088,0.00427434629581642,0.0542635658914729,0.15,0.00739103555679321,0.0602216375397103,0.0979536384401078,0.0458347767927412,0.0459006082417677,0.120696369102132,0.121970956615663,0.142383150641043,0.118822560055292,0.120700030678748
"20",0.623424552023568,0.244663273350225,0.586264910562245,0.621212121212121,0.84,0.926784977316856,0.919220791275159,0.623138756158337,0.645607883658234,0.588952981800693,0.688694724854965,0.62615206973426,0.613797874369838,0.62795475388393,0.688695404614059
"21",0.864262260150493,0.836283802258191,0.985344659686154,0.895161290322581,0.94,0.988588887266815,0.942744481071489,0.794127945475942,0.891199641100854,0.799556565387351,0.829962539169837,0.849484435172052,0.701948965407597,0.751302370175493,0.829967707407984
"22",0.852484146705835,0.974053798151054,0.976083888319011,0.895161290322581,0.994,0.998646393418312,0.961073417607857,0.927056956802391,0.964955857674055,0.963248699521524,0.941350467285043,0.835528367679496,0.852906275020961,0.891966773608924,0.941348206398127
"23",0.814097213333599,0.996076446453342,0.985425102940911,0.895161290322581,0.964,0.744352221488953,0.951765130172634,0.88023337463802,0.86771185329448,0.938883371948582,0.831251020065337,0.822747454230171,0.834872465919124,0.733834164120761,0.831241904162729
"24",0.105938867158223,0.00961457215292088,0.0272264279215316,0.0542635658914729,0.17,0.0492041707038879,0.0564823071229519,0.108725503701452,0.141564122464709,0.177866799013123,0.114491689206037,0.113607009300587,0.219648319378917,0.164201893100845,0.11449429195579
"25",0.0798490022406956,0.0641304055790958,0.0185029155641826,0.0542635658914729,0.13,0.152809262275696,0.248615786562168,0.174202384075375,0.373262414950042,0.287980736148302,0.163303930881041,0.0784212413425726,0.340886271229707,0.376205462941382,0.163308555962734
"26",0.116072635786017,0.0473119748183664,0.00617466712640137,0.0542635658914729,0.3075,0.541367530822754,0.357088379709151,0.174202384075375,0.445842904920435,0.287980736148302,0.213541619906217,0.10583051681008,0.340886271229707,0.399251019349227,0.213543172577375
"27",0.0698590940828582,0.00676898309373204,0.00672125032167461,0.0542635658914729,0.1,0.00237303972244263,0.0348189595101043,0.108725503701452,0.0335842998441503,0.0459006082417677,0.0999978040120591,0.0676873682426819,0.142383150641043,0.131155391602288,0.0999979505949126
"28",0.105812578611841,0.0438642715302312,0.0178593350048936,0.0542635658914729,0.19,0.03154456615448,0.0824946402959107,0.108725503701452,0.0508614359749107,0.0569040813078803,0.102869506241139,0.113489551429764,0.142383150641043,0.131155391602288,0.102873247442308
"29",0.919307399438972,0.996368868262177,0.984130902912183,0.895161290322581,0.74,0.980280093848705,0.945810885875152,0.794127945475942,0.898891324249547,0.799556565387351,0.76205410446619,0.885713293652974,0.701948965407597,0.632747975612656,0.76205539717534
"30",0.0798490022406956,0.0142223606762665,0.00775463618929613,0.0542635658914729,0.02,0.0088086724281311,0.0316848064718815,0.108725503701452,0.0179717917185319,0.0459006082417677,0.127843405461954,0.0784212413425726,0.142383150641043,0.131155391602288,0.127841809464586
"31",0.158587620322916,0.0984842196498502,0.142907464279602,0.0542635658914729,0.14,0.0781232714653015,0.0883355834090272,0.0979536384401078,0.126267462992643,0.0459006082417677,0.12158017367994,0.174049905280781,0.142383150641043,0.208413086969386,0.121582753333087
"32",0.673478344638326,0.984485611395245,0.907846866462426,0.621212121212121,0.9,0.999598825204885,0.982751004436552,0.844911837527173,0.912471324813428,0.903980072780189,0.847431974276552,0.669971237453619,0.796455811812206,0.849116975537915,0.847421649918132
"33",0.846731797697562,0.998252938142869,0.994302879320183,0.895161290322581,0.99,0.990603589452803,0.881754215410772,0.794127945475942,0.891199641100854,0.799556565387351,0.829962539169837,0.818783034878658,0.701948965407597,0.757145153967199,0.829967707407984
"34",0.0798490022406956,0.130699138897547,0.0110398015044106,0.0542635658914729,0.353928571428571,0.954773940145969,0.433341764026317,0.174202384075375,0.482175341317962,0.336546414770082,0.128767050033713,0.0784212413425726,0.340886271229707,0.399251019349227,0.128767840140844
"35",0.627674281026669,0.318600378260488,0.560902547530442,0.621212121212121,0.59,0.846155241131783,0.373689175382308,0.595451084963346,0.598406576502214,0.588952981800693,0.460602272403975,0.629859581200233,0.564873688763521,0.600499313184745,0.460607980857176
"36",0.167142997835465,0.000726837463026306,0.00972564001966033,0.0542635658914729,0.04,0.00132066011428833,0.00978770924280938,0.158094138100996,0.0989137007873271,0.0459006082417677,0.12158017367994,0.157600014163515,0.142383150641043,0.155105339044201,0.121582753333087
"37",0.933677496478721,0.997312979218545,0.97689008024221,0.895161290322581,1,0.999468512891326,0.984564009869729,0.927056956802391,0.929572004547433,0.963248699521524,0.913279237250242,0.90584527096079,0.852906275020961,0.774143680944474,0.913273657968486
"38",0.192780454342157,0.180054649492776,0.343810700322403,0.0542635658914729,0.13,0.00386643409729004,0.0845699186285281,0.0979536384401078,0.170518591494845,0.0459006082417677,0.154531348701667,0.193590978370895,0.142383150641043,0.209295721807305,0.154538006907895
"39",0.0798490022406956,0.067387761121553,0.00458836707069017,0.0542635658914729,0.23,0.810085713863373,0.61629787584582,0.108725503701452,0.236903357169556,0.213428973865108,0.128767050033713,0.0784212413425726,0.219648319378917,0.193449332029582,0.128767840140844
"40",0.277281656383179,0.590166238214456,0.0551771511230189,0.230769230769231,0.193333333333333,0.360005080699921,0.552584188696516,0.174202384075375,0.45184796504433,0.308515964010741,0.301006391753649,0.207587770368249,0.340886271229707,0.424055650794203,0.301020552166328
"41",0.956595898066079,0.999391907470421,0.998193996081705,0.895161290322581,0.97,0.992339829448611,0.982223781128455,0.927056956802391,0.979990511206617,0.963248699521524,0.913279237250242,0.944468781824161,0.852906275020961,0.888891636745809,0.913273657968486
"42",0.441571088099599,0.458448626592373,0.804163083517532,0.230769230769231,0.322333333333333,0.330284416675568,0.290647882987895,0.174202384075375,0.353252625620443,0.308515964010741,0.264120575222811,0.441517475130826,0.340886271229707,0.376205462941382,0.264137515142066
"43",0.853401235012184,0.924929003462817,0.961338086908324,0.895161290322581,0.92,0.977078452706337,0.881754215410772,0.794127945475942,0.931926427084044,0.799556565387351,0.829962539169837,0.820041622109056,0.701948965407597,0.757145153967199,0.829967707407984
"44",0.0798490022406956,0.00167611232125873,0.00532339489195588,0.230769230769231,0.02,0.00194269418716431,0.0360551018127393,0.0979536384401078,0.0131657280347761,0.0503954577358589,0.0608033758805284,0.0784212413425726,0.142383150641043,0.0994664525073609,0.0608050669233548
"45",0.0818314337889754,0.0020008302168381,0.00740618453696234,0.0542635658914729,0.03,0.00375545024871826,0.0161302836099904,0.0979536384401078,0.0209243978893985,0.0459006082417677,0.0695224255123018,0.0801246427119218,0.142383150641043,0.0994664525073609,0.0695245148907856
"46",0.0856383353167359,0.0160045170093126,0.014793123317034,0.0542635658914729,0.01,0.00292718410491943,0.0161302836099904,0.0979536384401078,0.0458347767927412,0.0459006082417677,0.153449855225236,0.0833830389740464,0.142383150641043,0.108508419818301,0.153457819401666
"47",0.744715760464981,0.969661322837885,0.85261896246265,0.621212121212121,0.93,0.988960908725858,0.976053716569631,0.844911837527173,0.909617299374238,0.903980072780189,0.921735946559341,0.737253489552749,0.796455811812206,0.770270199322744,0.921728251467126
"48",0.785287139966555,0.900782467546309,0.965223339188269,0.895161290322581,0.84,0.945676550269127,0.905627741554557,0.867415330376761,0.756977451650356,0.924911464473253,0.576139925898445,0.807856091168145,0.834872465919124,0.77318803249496,0.576145418586966
"49",0.96317333774381,0.999048372920321,0.997824254309225,0.895161290322581,0.97,0.991042915731668,0.97282971916253,0.927056956802391,0.966127521954584,0.963248699521524,0.913279237250242,0.953541960843906,0.852906275020961,0.878933641934981,0.913273657968486
"50",0.623424552023568,0.34505704227314,0.789592156329064,0.621212121212121,0.85,0.783165514469147,0.710911965528572,0.623138756158337,0.700722158204077,0.588952981800693,0.688694724854965,0.62615206973426,0.613797874369838,0.703924199182226,0.688695404614059
"51",0.069755144288727,0.00450583643521051,0.00309940960056918,0.0542635658914729,0.04,0.000827133655548096,0.00978770924280938,0.0979536384401078,0.0175783187365159,0.0459006082417677,0.0613525179765626,0.0675990533287243,0.142383150641043,0.108508419818301,0.0613554508828902
"52",0.833606308049847,0.925938792975464,0.967432666580109,0.895161290322581,0.94,0.983387008309364,0.963521428498097,0.927056956802391,0.979990511206617,0.963248699521524,0.932918213386737,0.828797617139516,0.852906275020961,0.878933641934981,0.932915482473516
"53",0.0798490022406956,0.0792137585357867,0.00410527526905137,0.230769230769231,0.31,0.499082148075104,0.61629787584582,0.108725503701452,0.232543047124304,0.230368075770927,0.128767050033713,0.0784212413425726,0.219648319378917,0.193449332029582,0.128767840140844
"54",0.769988008813515,0.8567402471077,0.978811956437211,0.895161290322581,0.673333333333333,0.920419573783875,0.479719737288307,0.665065391777122,0.623787926288592,0.652130503677552,0.650945340435014,0.806823469850906,0.672513894980402,0.624803311947621,0.651001531134439
"55",0.935888673241723,0.99861208693978,0.992246592125677,0.895161290322581,0.95,0.980638453736901,0.982745291470419,0.927056956802391,0.967622749342536,0.963248699521524,0.913279237250242,0.916556348688617,0.852906275020961,0.871452888848071,0.913273657968486
"56",0.851748995208129,0.952219753524514,0.95246228788293,0.895161290322581,0.97,0.998629639972933,0.983948254662541,0.927056956802391,0.966127521954584,0.963248699521524,0.923978968925402,0.829467632370611,0.852906275020961,0.891966773608924,0.923974209438328
"57",0.900527420482279,0.879250634166705,0.976887430986333,0.895161290322581,0.97,0.993172592949122,0.961073417607857,0.927056956802391,0.962183993867743,0.963248699521524,0.923978968925402,0.870217685890059,0.852906275020961,0.874942772848831,0.923974209438328
"58",0.912958478145854,0.991166131867369,0.983477585852418,0.895161290322581,1,0.99916820670478,0.982885801734699,0.927056956802391,0.979990511206617,0.963248699521524,0.941350467285043,0.891714992154998,0.852906275020961,0.891966773608924,0.941348206398127
"59",0.0826368876843268,0.0208310719365092,0.0118890243032607,0.0542635658914729,0.205,0.0448447465896606,0.11518568322917,0.108725503701452,0.13863976707727,0.177866799013123,0.128767050033713,0.0808154136953658,0.219648319378917,0.177965655920082,0.128767840140844
"60",0.681407038936767,0.786915573327228,0.966728693327859,0.621212121212121,0.79,0.795188963413239,0.914756571961981,0.829047679793344,0.609851807430208,0.883023050920031,0.641994935054287,0.676951156442377,0.796455811812206,0.7795978705633,0.641996440400654
"61",0.81775997827742,0.776652431845416,0.93635729285909,0.895161290322581,0.81,0.604267627000809,0.805658203442868,0.794127945475942,0.721685799820845,0.799556565387351,0.736958364279252,0.784974918973329,0.701948965407597,0.615430354346395,0.736963357542653
"62",0.905192675260417,0.901970170573176,0.938786923656521,0.895161290322581,0.96,0.999465114960913,0.971882398639737,0.927056956802391,0.966127521954584,0.963248699521524,0.923978968925402,0.862276830755404,0.852906275020961,0.891966773608924,0.923974209438328
"63",0.0798490022406956,0.00504983093188994,0.0166087285557831,0.0542635658914729,0.015,0.0076141357421875,0.00978770924280938,0.0979536384401078,0.0170061688514981,0.0459006082417677,0.0695224255123018,0.0784212413425726,0.142383150641043,0.0994664525073609,0.0695245148907856
"64",0.158586367707463,0.0156917619499308,0.00663132955873744,0.0542635658914729,0.21,0.0635029077529907,0.115693784111184,0.0979536384401078,0.196517909137853,0.150115859758573,0.225202942129646,0.16051850782757,0.184689444415879,0.131155391602288,0.225204290453418
"65",0.786430735467034,0.905750710092845,0.915608465315524,0.895161290322581,0.803333333333333,0.976482406258583,0.921725900224782,0.794127945475942,0.893091409300549,0.799556565387351,0.788442659926097,0.780651733525037,0.701948965407597,0.72541599666938,0.788447859482512
"66",0.58856905560482,0.413450698996062,0.504919104972415,0.621212121212121,0.582857142857143,0.486165702342987,0.270448817922174,0.623138756158337,0.322249315011685,0.588952981800693,0.59440656901815,0.587967301459329,0.529955562805021,0.430167343722547,0.594405361984594
"67",0.889976389080899,0.999994851575996,0.993317304913574,0.895161290322581,0.974,0.993016242980957,0.9836855973425,0.927056956802391,0.964955857674055,0.963248699521524,0.941350467285043,0.858550326560251,0.852906275020961,0.889826403916131,0.941348206398127
"68",0.623424552023568,0.287727715336028,0.905701387089126,0.621212121212121,0.32,0.293756604194641,0.107736407694375,0.623138756158337,0.672518534353964,0.588952981800693,0.59440656901815,0.62615206973426,0.529815184813978,0.619812020272137,0.594405361984594
"69",0.979783710095584,1,0.999999354306808,0.895161290322581,0.98,0.988807982765138,0.971856521455599,0.927056956802391,0.967622749342536,0.963248699521524,0.923978968925402,0.970274101703563,0.852906275020961,0.874942772848831,0.923974209438328
"70",0.441571088099599,0.530669009759454,0.795740055833534,0.230769230769231,0.487333333333333,0.142090976238251,0.357088379709151,0.174202384075375,0.373262414950042,0.308515964010741,0.264120575222811,0.441517475130826,0.340886271229707,0.376205462941382,0.264137515142066
"71",0.623424552023568,0.273900429508671,0.808732811494769,0.621212121212121,0.37,0.200160801410675,0.118907809950204,0.623138756158337,0.538288969209495,0.588952981800693,0.592095901324479,0.62615206973426,0.529815184813978,0.657990829672414,0.592089543950235
"72",0.0798490022406956,0.294731293249963,0.00837393804194347,0.0542635658914729,0.17,0.0330395698547363,0.11795822561498,0.108725503701452,0.149427733059024,0.150115859758573,0.127843405461954,0.0784212413425726,0.184689444415879,0.162052127519039,0.127841809464586
"73",0.0954579682945512,0.010216489771627,0.0210353333952051,0.0542635658914729,0.12,0.0064927339553833,0.0590780207740229,0.108725503701452,0.10092170230352,0.177866799013123,0.114491689206037,0.107419745695129,0.219648319378917,0.164201893100845,0.11449429195579
"74",0.846199047625198,0.962734732328751,0.987342385861596,0.895161290322581,0.83,0.95485557988286,0.919641759176474,0.794127945475942,0.828137304946611,0.799556565387351,0.736958364279252,0.827838855356889,0.701948965407597,0.615430354346395,0.736963357542653
"75",0.0798490022406956,0.038228246423377,0.0278739469958571,0.0542635658914729,0.03,0.00326693058013916,0.0161302836099904,0.0979536384401078,0.0223955745200559,0.0459006082417677,0.0695852331991801,0.0784212413425726,0.142383150641043,0.0994664525073609,0.069590092173765
"76",0.824074513983618,0.831672969925879,0.905207273381452,0.895161290322581,0.84,0.967928148806095,0.89779844069543,0.927056956802391,0.922841128126922,0.943610035356083,0.759565624038283,0.791249301887026,0.852906275020961,0.797483368252918,0.759567613301722
"77",0.635867185810459,0.729939767389316,0.855367121638073,0.621212121212121,0.73,0.732212871313095,0.700832864134626,0.844911837527173,0.893204016137694,0.88230201122623,0.657166643810894,0.637012651777683,0.796455811812206,0.813957347449909,0.657166752868067
"78",0.0798490022406956,0.0475289945200497,0.0082787937409996,0.230769230769231,0.293928571428571,0.163360714912415,0.357088379709151,0.174202384075375,0.333682023663255,0.308515964010741,0.114491689206037,0.0784212413425726,0.340886271229707,0.399251019349227,0.11449429195579
"79",0.0738981984700176,0.335037774574339,0.0406999932670298,0.0542635658914729,0.1,0.0027320384979248,0.0508523418719262,0.108725503701452,0.0238803555695344,0.0459006082417677,0.113657083387369,0.0710359432271407,0.142383150641043,0.131155391602288,0.11365751810547
"80",0.61256483550896,0.254083292701861,0.551453722840164,0.621212121212121,0.71,0.770087242126465,0.787201722070279,0.829047679793344,0.652335261825025,0.883023050920031,0.610705354721583,0.608994763964985,0.796455811812206,0.733238141082897,0.610711340849982
"81",0.623424552023568,0.916178008852321,0.854107124151469,0.621212121212121,0.61,0.97528993152082,0.813524429875535,0.623138756158337,0.56444578018303,0.588952981800693,0.592095901324479,0.62615206973426,0.613797874369838,0.58851978838562,0.592089543950235
"82",0.786430735467034,0.885226120403521,0.962367074763837,0.895161290322581,0.91,0.963724598288536,0.940783972855509,0.794127945475942,0.826698979585739,0.799556565387351,0.787061864856501,0.780651733525037,0.701948965407597,0.757145153967199,0.78706350991819
"83",0.0698244282421209,0.00441848236328411,0.00283838494097338,0.0542635658914729,0.09,0.00690543651580811,0.152705241864038,0.108725503701452,0.0441289315292479,0.0459006082417677,0.140031870280183,0.0676579180553095,0.142383150641043,0.131155391602288,0.140006626820574
"84",0.108581054367336,0.134743430204621,0.0574628722270932,0.0542635658914729,0.16,0.0163206458091736,0.0545721735484621,0.0979536384401078,0.160129653731515,0.0459006082417677,0.108002794092934,0.101619883232856,0.142383150641043,0.192846963582742,0.108006915845912
"85",0.118022737418988,0.0489843924216889,0.0648873773042173,0.0542635658914729,0.165,0.102103233337402,0.0331594093825397,0.0979536384401078,0.117361686653972,0.0459006082417677,0.12158017367994,0.112576535496441,0.142383150641043,0.192846963582742,0.121582753333087
"86",0.118022737418988,0.142386476322647,0.0482534521214635,0.0542635658914729,0.281428571428571,0.136197090148926,0.164447683421656,0.0979536384401078,0.215567301631977,0.150115859758573,0.12158017367994,0.112576535496441,0.184689444415879,0.208413086969386,0.121582753333087
"87",0.110188957537347,0.0293171156927969,0.132747216528804,0.0542635658914729,0.02,0.000370383262634277,0.0359645290796418,0.0979536384401078,0.0227004169246827,0.0459006082417677,0.0608033758805284,0.125092930939782,0.142383150641043,0.0994664525073609,0.0608050669233548
"88",0.0806366570514284,0.00118440580849495,0.00481281023983431,0.0542635658914729,0.05,0.000350117683410645,0.0132218257557806,0.0979536384401078,0.0227004169246827,0.0459006082417677,0.0608033758805284,0.07909858972471,0.142383150641043,0.0994664525073609,0.0608050669233548
"89",0.786430735467034,0.163209534493253,0.826955353387035,0.895161290322581,0.86,0.459224164485931,0.870143076653884,0.794127945475942,0.880483933765092,0.799556565387351,0.787061864856501,0.780651733525037,0.701948965407597,0.72541599666938,0.78706350991819
"90",0.120420248572963,0.0024611842926046,0.00450802993120445,0.0542635658914729,0.29,0.397247791290283,0.133570201985219,0.108725503701452,0.131659154219121,0.150115859758573,0.115885401832457,0.130602737126343,0.184689444415879,0.193449332029582,0.11588764652363
"91",0.829193359309435,0.971056610333139,0.972118189743904,0.895161290322581,0.99,0.999400950502604,0.97282971916253,0.927056956802391,0.979990511206617,0.963248699521524,0.941350467285043,0.824854501158277,0.852906275020961,0.888891636745809,0.941348206398127
"92",0.623487187636265,0.64083692124798,0.796156102916582,0.621212121212121,0.79,0.962307006120682,0.813524429875535,0.623138756158337,0.675593236680165,0.588952981800693,0.592095901324479,0.626206700654804,0.613797874369838,0.68000463491728,0.592089543950235
"93",0.723399467013834,0.37477332032958,0.818362602160144,0.895161290322581,0.69,0.734398365020752,0.848092309733978,0.690465321856409,0.551218843365521,0.700419119917833,0.633549890062346,0.747488949084931,0.672513894980402,0.645887915129348,0.633553435972672
"94",0.723132455298154,0.936851396110724,0.977742530952037,0.895161290322581,0.893333333333333,0.991295102983713,0.892823040662955,0.690465321856409,0.721055712258159,0.700419119917833,0.695409575031313,0.747268627488126,0.672513894980402,0.714919045338809,0.695418488100584
"95",0.441571088099599,0.36150946500236,0.81534630232272,0.230769230769231,0.180833333333333,0.0132187008857727,0.0259227609383368,0.108725503701452,0.0195696741134625,0.0503954577358589,0.235727138811702,0.441517475130826,0.142383150641043,0.131155391602288,0.235738509225651
"96",0.0943960417537109,0.0657627580921677,0.0101183062310177,0.0542635658914729,0.17,0.195882260799408,0.0817433297501376,0.108725503701452,0.0379356859494805,0.0459006082417677,0.325241084219315,0.090820575116712,0.142383150641043,0.131155391602288,0.325220919226311
"97",0.110581968201586,0.129020273187733,0.020404867289971,0.0542635658914729,0.09,0.0477094054222107,0.22527363249418,0.108725503701452,0.107434987738064,0.150115859758573,0.131398019647021,0.125476578455261,0.184689444415879,0.193449332029582,0.1314008267861
"98",0.623424552023568,0.737729951240434,0.612990645291314,0.621212121212121,0.39,0.0854093432426453,0.317695912283234,0.623138756158337,0.40137764020808,0.588952981800693,0.592095901324479,0.62615206973426,0.613664282136482,0.456355799309159,0.592089543950235
"99",0.897394913322647,0.968413740985257,0.984121387141143,0.895161290322581,0.99,0.999085934716277,0.976344972018778,0.927056956802391,0.966127521954584,0.963248699521524,0.913279237250242,0.875385933558699,0.852906275020961,0.891966773608924,0.913273657968486
"100",0.87685364536086,1,0.994679914038146,0.895161290322581,0.645,0.747509688138962,0.881754215410772,0.794127945475942,0.742474949275983,0.799556565387351,0.804150944447917,0.963577048828132,0.701948965407597,0.610205463144037,0.804121726509406
"101",0.705211019589436,0.490394485112817,0.810891957392067,0.895161290322581,0.65,0.924978457391262,0.67844686375452,0.794127945475942,0.63769832835508,0.652130503677552,0.682030442341699,0.739937933321067,0.672389772718476,0.629352845573364,0.681983547030744
"102",0.0780751440778243,0.022942194524121,0.00976522940967986,0.0542635658914729,0.12,0.0199249982833862,0.0348189595101043,0.108725503701452,0.0301599525113129,0.0459006082417677,0.267591889083618,0.0746235484100637,0.142383150641043,0.131155391602288,0.267577005427757
"103",0.0798490022406956,0.0206487101408169,0.00495062554899827,0.0542635658914729,0.14,0.156418859958649,0.11541908406812,0.108725503701452,0.0368899718441388,0.0459006082417677,0.112695991805368,0.0784212413425726,0.142383150641043,0.131155391602288,0.112694291834236
"104",0.623424552023568,0.99231395316332,0.872162355341425,0.621212121212121,0.61,0.76024504005909,0.234699211537875,0.623138756158337,0.669137705304906,0.588952981800693,0.626204341164929,0.62615206973426,0.529815184813978,0.564245385181536,0.626198808630516
"105",0.943792493163423,0.976106780323114,0.974372286865435,0.621212121212121,0.73,0.867193162441254,0.865199881717195,0.829047679793344,0.651246637256405,0.883023050920031,0.610705354721583,0.924830846275056,0.796455811812206,0.673718041236506,0.610711340849982
"106",0.866618313415745,0.777982563679669,0.946822631775693,0.895161290322581,0.98,0.997272107983008,0.968201610824062,0.927056956802391,0.948994751501727,0.963248699521524,0.913279237250242,0.844151860360931,0.852906275020961,0.868988647751495,0.913273657968486
"107",0.968903309370326,0.999744775452556,0.990092944933001,0.895161290322581,0.994,0.999097462161444,0.961073417607857,0.927056956802391,0.964955857674055,0.963248699521524,0.941350467285043,0.954968054326787,0.852906275020961,0.891966773608924,0.941348206398127
"108",0.644471282021755,0.999892519129181,0.882615861518802,0.621212121212121,0.83,0.991939948871732,0.937906207824793,0.829047679793344,0.893866805981181,0.903980072780189,0.787598894895278,0.644533480963875,0.796455811812206,0.839138146668259,0.787594246062707
"109",0.0798490022406956,0.0200973240606907,0.01036204705875,0.0542635658914729,0.01,0.000973820686340332,0.0267837611685484,0.0979536384401078,0.0175783187365159,0.0459006082417677,0.0613525179765626,0.0784212413425726,0.142383150641043,0.108508419818301,0.0613554508828902
"110",0.179294999286741,0.0384021875970415,0.0243984280889792,0.0542635658914729,0.17,0.0381625890731812,0.0590780207740229,0.174202384075375,0.145542043192133,0.123447439516224,0.240110166494454,0.162422837889894,0.184689444415879,0.155105339044201,0.240110455725949
"111",0.120448511585812,0.0719876434468913,0.0169603144372761,0.0542635658914729,0.298928571428571,0.844449430704117,0.529966460944878,0.174202384075375,0.373262414950042,0.336546414770082,0.132343448668614,0.130629239483016,0.340886271229707,0.399251019349227,0.132348725367737
"112",0.914653764252696,0.999908079116259,0.916615493105643,0.895161290322581,0.984,0.993980861734599,0.9836855973425,0.927056956802391,0.964955857674055,0.963248699521524,0.941350467285043,0.892904443518768,0.852906275020961,0.889826403916131,0.941348206398127
"113",0.0798490022406956,0.0194845242752142,0.0102617616342594,0.0542635658914729,0,0.00778681039810181,0.0170521431801176,0.108725503701452,0.0165067285505559,0.0459006082417677,0.112695991805368,0.0784212413425726,0.142383150641043,0.131155391602288,0.112694291834236
"114",0.0798490022406956,0.0120699577420005,0.00533004330867424,0.0542635658914729,0.04,0.0366542339324951,0.0217408968533354,0.0979536384401078,0.0323133452203739,0.0459006082417677,0.0898071435529743,0.0784212413425726,0.142383150641043,0.108508419818301,0.0898119750095905
"115",0.0784408151633334,0.000740490741450753,0.00226905854757908,0.0542635658914729,0.02,0.00593692064285278,0.0217408968533354,0.0979536384401078,0.0272138826662888,0.0459006082417677,0.120696369102132,0.0749303401788825,0.142383150641043,0.108508419818301,0.120700030678748
"116",0.857817849846139,0.028773267227684,0.938928350210995,0.895161290322581,0.88,0.99570087948814,0.931777185325534,0.794127945475942,0.931926427084044,0.799556565387351,0.829962539169837,0.824610704728732,0.701948965407597,0.757145153967199,0.829967707407984
"117",0.118022737418988,0.149551174029295,0.0659614077891276,0.0542635658914729,0.17,0.0213649868965149,0.185283636513182,0.108725503701452,0.117928194189513,0.0459006082417677,0.213548850707806,0.112576535496441,0.142383150641043,0.209295721807305,0.213545078976911
"118",0.674240629037741,0.978411348857541,0.925157161839492,0.621212121212121,0.87,0.987029399722815,0.961610967491167,0.844911837527173,0.940513314764925,0.903980072780189,0.879149231194457,0.670641744841764,0.796455811812206,0.869130780816512,0.879141326095933
"119",0.707976727714155,0.52524672362287,0.943007258771528,0.895161290322581,0.87,0.947236515581608,0.533871118431835,0.88023337463802,0.889871587003513,0.924426524876689,0.599683234537999,0.742177167979106,0.834872465919124,0.860546711820782,0.599686256151413
"120",0.623424552023568,0.286899331944563,0.826430023564333,0.621212121212121,0.45,0.618645817041397,0.378416408122222,0.595451084963346,0.412140421753343,0.534634839167296,0.460602272403975,0.62615206973426,0.613664282136482,0.624099580211465,0.460607980857176
"121",0.109354623532271,0.00447396580148639,0.0219553495091926,0.0542635658914729,0.03,0.000398337841033936,0.0217408968533354,0.108725503701452,0.0227004169246827,0.0459006082417677,0.147552411508105,0.12427784225961,0.142383150641043,0.0994664525073609,0.147558539042058
"122",0.623424552023568,0.909868468516943,0.846695733391556,0.621212121212121,0.81,0.994810479227453,0.685235135600871,0.623138756158337,0.643943480531031,0.588952981800693,0.626204341164929,0.62615206973426,0.564873688763521,0.657990829672414,0.626198808630516
"123",0.0798490022406956,0.00525309048495781,0.00820629629246347,0.0542635658914729,0.01,0.000931084156036377,0.0132218257557806,0.0979536384401078,0.0226045735880275,0.0459006082417677,0.0695224255123018,0.0784212413425726,0.142383150641043,0.108508419818301,0.0695245148907856
"124",0.58856905560482,0.1792863229953,0.507214582183068,0.621212121212121,0.297857142857143,0.777407601475716,0.501805948517895,0.595451084963346,0.398493767670442,0.534634839167296,0.392931965753037,0.587967301459329,0.613797874369838,0.509302725857034,0.392941249438456
"125",0.809892734955924,0.782213794396916,0.985436438556603,0.895161290322581,0.823333333333333,0.864655643701553,0.908298955427071,0.867415330376761,0.849664232565158,0.924911464473253,0.743983313692947,0.823241685743613,0.834872465919124,0.772509473621261,0.743986558327459
"126",0.112858990271471,0.0043942170332824,0.0483695246715038,0.0542635658914729,0.02,0.00412458181381226,0.0161302836099904,0.0979536384401078,0.0408558201730654,0.0459006082417677,0.0898071435529743,0.127695650358578,0.142383150641043,0.0994664525073609,0.0898119750095905
"127",0.974856871064251,0.999999999999779,0.99999638661922,0.895161290322581,0.93,0.995635158848017,0.967270121059405,0.88023337463802,0.779502063119948,0.938883371948582,0.831251020065337,0.972671927671707,0.834872465919124,0.733834164120761,0.831241904162729
"128",0.0798490022406956,0.00371024821448074,0.00414543116825434,0.0542635658914729,0,0.00208169221878052,0.0225651666668872,0.108725503701452,0.0131657280347761,0.0459006082417677,0.112695991805368,0.0784212413425726,0.142383150641043,0.0994664525073609,0.112694291834236
"129",0.0798490022406956,0.00113754491416029,0.00546215659169356,0.0542635658914729,0.02,0.00416195392608643,0.0161302836099904,0.0979536384401078,0.0131657280347761,0.0459006082417677,0.0608033758805284,0.0784212413425726,0.142383150641043,0.0994664525073609,0.0608050669233548
"130",0.0898665806061758,0.0309666119912286,0.0111829505156485,0.0542635658914729,0.04,0.015556812286377,0.0217408968533354,0.0979536384401078,0.0295076510209275,0.0459006082417677,0.171641159329005,0.0869836079711016,0.142383150641043,0.0994664525073609,0.171647227397983
"131",0.623424552023568,0.659558997121468,0.739611961669094,0.621212121212121,0.53,0.196924269199371,0.611191597046838,0.623138756158337,0.640535541413047,0.588952981800693,0.592095901324479,0.62615206973426,0.613797874369838,0.527732057833249,0.592089543950235
"132",0.0798490022406956,0.0237137714347145,0.0136655268026394,0.0542635658914729,0.245,0.148892939090729,0.248615786562168,0.174202384075375,0.373262414950042,0.287980736148302,0.128767050033713,0.0784212413425726,0.340886271229707,0.376205462941382,0.128767840140844
"133",0.069755144288727,0.0496377885052391,0.00206771699228066,0.0542635658914729,0.16,0.0558066964149475,0.0798207512635859,0.108725503701452,0.0949386152484954,0.150115859758573,0.113657083387369,0.0675990533287243,0.184689444415879,0.193449332029582,0.11365751810547
"134",0.748435893271297,0.951960392470401,0.864156364016309,0.621212121212121,0.76,0.970524160191417,0.967624639858464,0.844911837527173,0.928998502330485,0.903980072780189,0.847431974276552,0.736624056630156,0.796455811812206,0.831140368679861,0.847421649918132
"135",0.0838585981241089,0.00864368952271216,0.00702711523342026,0.0542635658914729,0.08,0.228686571121216,0.0259227609383368,0.108725503701452,0.0255701882881687,0.0459006082417677,0.112695991805368,0.081861757342175,0.142383150641043,0.131155391602288,0.112694291834236
"136",0.069755144288727,0.0101350164025118,0.0121032769094009,0.0542635658914729,0.04,0.00137054920196533,0.0360551018127393,0.0979536384401078,0.0155644973470187,0.0459006082417677,0.0535990630876006,0.0675990533287243,0.142383150641043,0.0994664525073609,0.053601510227907
"137",0.069755144288727,0.0107688252678813,0.00253726661444641,0.0542635658914729,0.12,0.00713467597961426,0.209504324178935,0.108725503701452,0.072543979858443,0.0569040813078803,0.0999978040120591,0.0675990533287243,0.142383150641043,0.131155391602288,0.0999979505949126
"138",0.713624609697911,0.959781525232,0.967988557554689,0.895161290322581,0.74,0.978207640349865,0.813524429875535,0.690465321856409,0.698553711333412,0.700419119917833,0.599683234537999,0.746543168056548,0.672513894980402,0.68000463491728,0.599686256151413
"139",0.623424552023568,0.998030547036409,0.948524135599217,0.621212121212121,0.663333333333333,0.942007157951593,0.792901118756194,0.740887457355738,0.730346167215971,0.588952981800693,0.690462521301878,0.62615206973426,0.613797874369838,0.753073132252352,0.69046776337934
"140",0.109302662094179,0.000762351680846996,0.00896940780415023,0.0542635658914729,0.01,0.000733792781829834,0.0268518571381171,0.0979536384401078,0.0428151587424653,0.0459006082417677,0.0787594494428225,0.124227050836925,0.142383150641043,0.0994664525073609,0.0787635430501765
"141",0.623424552023568,0.941928337932836,0.839898261641856,0.621212121212121,0.46,0.840246945619583,0.837592149350211,0.623138756158337,0.63477469530291,0.588952981800693,0.626204341164929,0.62615206973426,0.613797874369838,0.58086588270239,0.626198808630516
"142",0.828938854351958,0.741182165034359,0.955797316293213,0.895161290322581,1,0.996784426737577,0.976344972018778,0.927056956802391,0.9634448217586,0.963248699521524,0.913279237250242,0.813253506275523,0.852906275020961,0.874942772848831,0.913273657968486
"143",0.685120095943238,0.265122416854081,0.87095019283757,0.895161290322581,0.4,0.524397909641266,0.501805948517895,0.14131355728833,0.458003370606648,0.47728509619428,0.596396011142961,0.716910211517744,0.40057379877845,0.353369484658754,0.596399946759871
"144",0.0698244282421209,0.00102809355230423,0.00162039948123529,0.0542635658914729,0.01,0.00126045942306519,0.0170521431801176,0.108725503701452,0.0165067285505559,0.0459006082417677,0.0999978040120591,0.0676579180553095,0.142383150641043,0.131155391602288,0.0999979505949126
"145",0.123419259396737,0.000438705925177753,0.00842318243020632,0.0542635658914729,0,0.000536262989044189,0.0442679417863524,0.0979536384401078,0.0192233494995466,0.0459006082417677,0.0608033758805284,0.133410521105817,0.142383150641043,0.0994664525073609,0.0608050669233548
"146",0.135280793109358,0.0231805476172735,0.0397011364068691,0.0542635658914729,0.255,0.0899301767349243,0.0442679417863524,0.0979536384401078,0.0968820071568312,0.123447439516224,0.17551919733743,0.144433264130213,0.184689444415879,0.119916410194497,0.175512256970349
"147",0.796685247812921,0.942729748655962,0.971887391656746,0.895161290322581,0.76,0.657092452049255,0.833753764218182,0.774455748376531,0.771308266544553,0.761813542728729,0.61267716326388,0.789639417395062,0.701948965407597,0.56413461577042,0.612680683017987
"148",0.0798490022406956,0.017641425254706,0.00666975345866525,0.0542635658914729,0.04,0.0211005806922913,0.0508523418719262,0.108725503701452,0.0282722000133052,0.0459006082417677,0.127843405461954,0.0784212413425726,0.142383150641043,0.131155391602288,0.127841809464586
"149",0.0798490022406956,0.0488641377663309,0.0124461627349428,0.0542635658914729,0.13,0.186816036701202,0.0667232023708024,0.108725503701452,0.0959441774495776,0.0569040813078803,0.0999978040120591,0.0784212413425726,0.142383150641043,0.147139051823043,0.0999979505949126
"150",0.0798490022406956,0.052780000158267,0.0152639160864897,0.0542635658914729,0.03,0.00731432437896729,0.0217408968533354,0.0979536384401078,0.019075863072806,0.0459006082417677,0.0613525179765626,0.0784212413425726,0.142383150641043,0.108508419818301,0.0613554508828902
"151",0.113019369804322,0.0560729844542869,0.0546918206380852,0.0542635658914729,0.0675,0.0265434384346008,0.0217408968533354,0.0979536384401078,0.0496179851705494,0.0459006082417677,0.0898071435529743,0.127851712766781,0.142383150641043,0.108508419818301,0.0898119750095905
"152",0.118161673199361,0.502735092220536,0.0745341736735282,0.0542635658914729,0.25,0.0484545230865479,0.29754094450574,0.108725503701452,0.230901614595924,0.123447439516224,0.213548850707806,0.112693168547296,0.184689444415879,0.225818094918162,0.213545078976911
"153",0.623424552023568,0.745937763429256,0.783898123263425,0.621212121212121,0.8,0.974959850311279,0.919220791275159,0.623138756158337,0.744770563956436,0.588952981800693,0.688694724854965,0.62615206973426,0.613797874369838,0.714919045338809,0.688695404614059
"154",0.132006395297035,0.0457779118879353,0.0442810907979026,0.0542635658914729,0.16,0.0645383596420288,0.15028995597867,0.108725503701452,0.0778324034008661,0.0459006082417677,0.301195640571342,0.141403017187797,0.142383150641043,0.131155391602288,0.301183924786298
"155",0.069755144288727,0.165786620402716,0.0119679127980444,0.0542635658914729,0.05,0.0367118716239929,0.0508523418719262,0.108725503701452,0.020875393865599,0.0459006082417677,0.113657083387369,0.0675990533287243,0.142383150641043,0.131155391602288,0.11365751810547
"156",0.625114259591329,0.503405161279932,0.953937441181511,0.621212121212121,0.39,0.0101017355918884,0.218307609782816,0.595451084963346,0.280559542988001,0.534634839167296,0.425252130818229,0.627625971482556,0.564735174056559,0.506095405336733,0.425257089935712
"157",0.623424552023568,0.944606825767111,0.897139522313893,0.621212121212121,0.674,0.936966277658939,0.623712026967327,0.623138756158337,0.818249598883818,0.588952981800693,0.66117332829064,0.62615206973426,0.613797874369838,0.665596696831239,0.661182996331087
"158",0.0798490022406956,0.361086923200084,0.0760771141425328,0.0542635658914729,0.18,0.0356029868125916,0.0360551018127393,0.108725503701452,0.0591847465318236,0.123447439516224,0.128767050033713,0.0784212413425726,0.184689444415879,0.110041159304848,0.128767840140844
"159",0.74546122620115,0.215428886780297,0.872466678710006,0.895161290322581,0.81,0.722035259008408,0.264257472698383,0.690465321856409,0.748931884024312,0.700419119917833,0.787061864856501,0.758759014504042,0.672389772718476,0.684777241068165,0.78706350991819
"160",0.0802025736977594,0.0783500032921646,0.0205392543864436,0.0542635658914729,0.15,0.0086931586265564,0.210675057881244,0.108725503701452,0.141564122464709,0.177866799013123,0.128767050033713,0.07872538892835,0.219648319378917,0.164201893100845,0.128767840140844
"161",0.701291605922099,0.910501705628542,0.919652086331705,0.621212121212121,0.66,0.976548174396157,0.479719737288307,0.623138756158337,0.664941437369939,0.588952981800693,0.734782884408737,0.713259558899733,0.564873688763521,0.624803311947621,0.734816770514934
"162",0.888009313372206,0.974091822661882,0.880267153705913,0.895161290322581,0.979,0.996827816357836,0.942024845001368,0.927056956802391,0.964955857674055,0.963248699521524,0.941350467285043,0.84686561268581,0.852906275020961,0.889826403916131,0.941348206398127
"163",0.849408703582708,0.645171727645777,0.824064135124237,0.895161290322581,0.68,0.603119432926178,0.781929978868341,0.774455748376531,0.750277309445103,0.761813542728729,0.614947062916349,0.805063023486163,0.701948965407597,0.602730657866226,0.614955622296485
"164",0.822371160347757,0.997366919575844,0.971265048142361,0.895161290322581,0.95,0.911799930036068,0.840513291977647,0.927056956802391,0.929572004547433,0.954274661456238,0.787061864856501,0.806946092261884,0.852906275020961,0.761042145595978,0.78706350991819
"165",0.0798490022406956,0.0265293638568096,0.0129774272043124,0.0542635658914729,0.01,0.00845199823379517,0.0316848064718815,0.108725503701452,0.0220141007760243,0.0459006082417677,0.162178668709764,0.0784212413425726,0.142383150641043,0.131155391602288,0.162180366157426
"166",0.0800452547347143,0.00282246441748106,0.00582661402664225,0.0542635658914729,0.03,9.51290130615234e-05,0.0132218257557806,0.0979536384401078,0.0227004169246827,0.0459006082417677,0.0608033758805284,0.0785900792629362,0.142383150641043,0.0994664525073609,0.0608050669233548
"167",0.086984936809813,0.0487692874671155,0.0238914785947907,0.0542635658914729,0.16,0.0160340070724487,0.106127637398396,0.108725503701452,0.0431162457187786,0.0459006082417677,0.325454108050499,0.0845317875400273,0.142383150641043,0.131155391602288,0.325443320896779
"168",0.771263737998008,0.876169078214124,0.956245165378894,0.895161290322581,0.89,0.994067339692265,0.970673972469907,0.794127945475942,0.931926427084044,0.799556565387351,0.861075856240151,0.773955663497287,0.701948965407597,0.753073132252352,0.861054641653035
"169",0.623424552023568,0.207360606720853,0.841944506831884,0.621212121212121,0.2,0.0777913928031921,0.191388556433595,0.595451084963346,0.432455209349294,0.534634839167296,0.460602272403975,0.62615206973426,0.529955562805021,0.536147879874268,0.460607980857176
"170",0.103696415975588,0.117836950545296,0.0215382640917231,0.0542635658914729,0.271428571428571,0.11585134267807,0.112629014623835,0.108725503701452,0.215567301631977,0.213428973865108,0.216559328270686,0.097580859462632,0.219648319378917,0.208413086969386,0.216562757910429
"171",0.0799470735008508,0.00583533819571162,0.00476170762729327,0.0542635658914729,0.01,0.00127440690994263,0.0590780207740229,0.0979536384401078,0.0348254313800709,0.0459006082417677,0.0608033758805284,0.0785056187807558,0.142383150641043,0.108508419818301,0.0608050669233548
"172",0.892082218899785,0.989372744436896,0.987471783448891,0.895161290322581,0.91,0.987464727833867,0.970038726191041,0.927056956802391,0.979990511206617,0.963248699521524,0.932918213386737,0.851527810299777,0.852906275020961,0.891966773608924,0.932915482473516
"173",0.120448511585812,0.00224663437145793,0.0100742477117064,0.0542635658914729,0.01,0.00202637910842896,0.0255684045890928,0.0979536384401078,0.024370353857748,0.0459006082417677,0.0898071435529743,0.130629239483016,0.142383150641043,0.0994664525073609,0.0898119750095905
"174",0.58856905560482,0.625888134979258,0.790427531104831,0.621212121212121,0.592857142857143,0.698247015476227,0.730493130713787,0.623138756158337,0.310043298827054,0.588952981800693,0.59440656901815,0.587967301459329,0.613797874369838,0.562792217903976,0.594405361984594
"175",0.623424552023568,0.244272907320252,0.649922102253873,0.621212121212121,0.265,0.0655972957611084,0.397227321866295,0.595451084963346,0.526493695028031,0.588952981800693,0.425252130818229,0.62615206973426,0.529955562805021,0.564068473956246,0.425257089935712
"176",0.0798490022406956,0.00351920861670997,0.0136202703162178,0.0542635658914729,0,0.00164806842803955,0.0161302836099904,0.0979536384401078,0.0131657280347761,0.0459006082417677,0.0535990630876006,0.0784212413425726,0.142383150641043,0.0994664525073609,0.053601510227907
"177",0.716181566729602,0.535808575162176,0.936069014826369,0.895161290322581,0.7,0.954095356166363,0.825826304197328,0.867415330376761,0.819241644580815,0.924911464473253,0.641994935054287,0.748818975087973,0.834872465919124,0.81470616654884,0.641996440400654
"178",0.807981543192891,0.877448472714367,0.970550743882241,0.895161290322581,0.96,0.992698987945914,0.962559484189411,0.927056956802391,0.966127521954584,0.963248699521524,0.923978968925402,0.799978799009801,0.852906275020961,0.891966773608924,0.923974209438328
"179",0.92907879592989,0.999632202377179,0.991559918541582,0.895161290322581,0.97,0.995213267859071,0.961073417607857,0.927056956802391,0.906471397590891,0.963248699521524,0.914034645231833,0.900446473564225,0.852906275020961,0.809088119331971,0.914030784957521
"180",0.637902117234313,0.972750188028841,0.958890565672458,0.621212121212121,0.67,0.91417171061039,0.714329116425132,0.623138756158337,0.623410784820707,0.588952981800693,0.592095901324479,0.638539101164863,0.613797874369838,0.624099580211465,0.592089543950235
"181",0.0798490022406956,0.00189675689981725,0.00145216577142078,0.0542635658914729,0.23,0.00639909505844116,0.0932266845095405,0.0979536384401078,0.13914858887825,0.150115859758573,0.0695224255123018,0.0784212413425726,0.184689444415879,0.162052127519039,0.0695245148907856
"182",0.0798490022406956,0.00738525507466763,0.00641394423157816,0.0542635658914729,0,0.000838637351989746,0.0303449986628068,0.108725503701452,0.0155644973470187,0.0459006082417677,0.112695991805368,0.0784212413425726,0.142383150641043,0.0994664525073609,0.112694291834236
"183",0.121583734266638,0.00351083973959845,0.0296609662986135,0.0542635658914729,0.03,0.00115013122558594,0.0152840951433575,0.108725503701452,0.028488723588709,0.0459006082417677,0.115885401832457,0.131693085825703,0.142383150641043,0.131155391602288,0.11588764652363
"184",0.623424552023568,0.688903984488651,0.784682361337159,0.621212121212121,0.41,0.0337676405906677,0.386084957216976,0.623138756158337,0.633076744331741,0.588952981800693,0.628135389670214,0.62615206973426,0.613797874369838,0.555739470517146,0.62813485731721
"185",0.158658837872139,0.0659689704270326,0.187028688282046,0.0542635658914729,0.2,0.0281341075897217,0.0331594093825397,0.0979536384401078,0.175128734391593,0.0459006082417677,0.154531348701667,0.17411701727948,0.142383150641043,0.192846963582742,0.154538006907895
"186",0.109380612376343,0.0271887671663271,0.0490101837590125,0.0542635658914729,0.045,0.00624698400497437,0.050365636429945,0.108725503701452,0.0456627627042878,0.0459006082417677,0.147552411508105,0.12430324465263,0.142383150641043,0.131155391602288,0.147558539042058
"187",0.111636001953921,0.0648984112285133,0.0601559155660721,0.0542635658914729,0.11,0.643343329429626,0.149997996516678,0.108725503701452,0.11282367597656,0.177866799013123,0.128767050033713,0.12650456765815,0.219648319378917,0.177965655920082,0.128767840140844
"188",0.0954810085635504,2.28556890807877e-13,0.000473381864903695,0.0542635658914729,0.41,0.118466556072235,0.234793817632608,0.108725503701452,0.272212225972526,0.150115859758573,0.102869506241139,0.107442125056655,0.184689444415879,0.177965655920082,0.102873247442308
"189",0.0821728742611787,0.00612969507495789,0.00724251874390641,0.0542635658914729,0.05,0.0743282437324524,0.0442679417863524,0.0979536384401078,0.0428151587424653,0.0459006082417677,0.0608033758805284,0.0804175593469622,0.142383150641043,0.108508419818301,0.0608050669233548
"190",0.103646830239693,0.0108553831557894,0.0301913361436451,0.230769230769231,0.15,0.00575172901153564,0.0336305821674631,0.0979536384401078,0.108691106392956,0.0503954577358589,0.108002794092934,0.0975397636227013,0.142383150641043,0.192846963582742,0.108006915845912
"191",0.853401235012184,0.71087628142121,0.965048707541845,0.895161290322581,0.95,0.984311724081635,0.881754215410772,0.794127945475942,0.891199641100854,0.799556565387351,0.829962539169837,0.820041622109056,0.701948965407597,0.757145153967199,0.829967707407984
"192",0.255844538536274,0.0247066853238411,0.022048963459991,0.0542635658914729,0.09,0.213604807853699,0.11518568322917,0.174202384075375,0.145542043192133,0.177866799013123,0.240110166494454,0.198274027165381,0.219648319378917,0.225818094918162,0.240110455725949
"193",0.623424552023568,0.146410315816188,0.797248592247682,0.621212121212121,0.485,0.779340371489525,0.317962580194408,0.595451084963346,0.451938779115669,0.534634839167296,0.425252130818229,0.62615206973426,0.564873688763521,0.576994424192428,0.425257089935712
"194",0.0798490022406956,0.00110511613725407,0.0030151605000841,0.0542635658914729,0.08,0.00349003076553345,0.0268518571381171,0.0979536384401078,0.0545466103531234,0.123447439516224,0.0608033758805284,0.0784212413425726,0.184689444415879,0.110041159304848,0.0608050669233548
"195",0.109095032896416,0.024692287133456,0.0471814487248687,0.0542635658914729,0.1175,0.00337505340576172,0.0590780207740229,0.0979536384401078,0.0534011202757647,0.0459006082417677,0.0626278305252361,0.124024063253811,0.142383150641043,0.0994664525073609,0.0626318532122456
"196",0.831491154840629,0.948807856649791,0.966318717401204,0.895161290322581,0.97,0.99936447723303,0.982885801734699,0.927056956802391,0.966127521954584,0.963248699521524,0.923978968925402,0.821346053657647,0.852906275020961,0.891966773608924,0.923974209438328
"197",0.74546122620115,0.876030155526893,0.9512767082657,0.895161290322581,0.873333333333333,0.964152418076992,0.920796432334653,0.690465321856409,0.834875675742918,0.700419119917833,0.829962539169837,0.758759014504042,0.672513894980402,0.712978954694816,0.829967707407984
"198",0.178987480657679,0.60139501923097,0.0195820280941975,0.0542635658914729,0.17,0.0369836688041687,0.0867704198566712,0.108725503701452,0.0685446626586338,0.0459006082417677,0.29659944889575,0.155694153470287,0.142383150641043,0.131155391602288,0.29658416563497
"199",0.116818350404919,0.00145077398452416,0.0136056612849098,0.0542635658914729,0.04,0.00160956382751465,0.0360551018127393,0.0979536384401078,0.020432834737402,0.0459006082417677,0.152210058269584,0.131539582273214,0.142383150641043,0.0994664525073609,0.15221521892977
"200",0.069755144288727,0.254657200605248,0.00485308089081818,0.0542635658914729,0.5375,0.484739243984222,0.701839379952318,0.174202384075375,0.460618008876802,0.336546414770082,0.114491689206037,0.0675990533287243,0.340886271229707,0.424055650794203,0.11449429195579
"201",0.894746401081493,0.996635914141516,0.983226534541793,0.895161290322581,1,0.999299264862202,0.983948254662541,0.927056956802391,0.966127521954584,0.963248699521524,0.941350467285043,0.859298149047685,0.852906275020961,0.891966773608924,0.941348206398127
"202",0.0741359249514743,0.305931136934642,0.04290248154763,0.0542635658914729,0.08,0.0124679207801819,0.0654694180874705,0.108725503701452,0.0428151587424653,0.0459006082417677,0.0999978040120591,0.0712364191330903,0.142383150641043,0.108508419818301,0.0999979505949126
"203",0.745606479609594,0.834855195136644,0.912788929504808,0.621212121212121,0.78,0.901632845401764,0.943268656923886,0.829047679793344,0.850622966000168,0.883023050920031,0.819830351930314,0.731732448670462,0.796455811812206,0.789120881759807,0.819823836305048
"204",0.174354012468791,0.0263953870692651,0.141970087251582,0.0542635658914729,0.12,0.0570427775382996,0.0544377116843833,0.0979536384401078,0.108691106392956,0.0459006082417677,0.12158017367994,0.183007591392033,0.142383150641043,0.208413086969386,0.121582753333087
"205",0.623424552023568,0.926962535465232,0.726396904112027,0.621212121212121,0.643333333333333,0.995608228258789,0.875755731490591,0.623138756158337,0.826167852269823,0.588952981800693,0.592095901324479,0.62615206973426,0.613797874369838,0.673107222077964,0.592089543950235
"206",0.712532843715846,0.919657506340977,0.983123135378034,0.895161290322581,0.613333333333333,0.933469332754612,0.373689175382308,0.665065391777122,0.530211032879963,0.700419119917833,0.468439671475504,0.745658939140529,0.626501721776999,0.600499313184745,0.468455081281271
"207",0.257883944546666,0.0233301239749198,0.00639307098652445,0.0542635658914729,0.12,0.00294035673141479,0.0267837611685484,0.0979536384401078,0.0303914425677566,0.0459006082417677,0.135626867457305,0.222634114945545,0.142383150641043,0.108508419818301,0.135628728121219
"208",0.0717370761529095,0.0385358242258527,0.00584405393027053,0.0542635658914729,0.3275,0.858906701207161,0.448532703316364,0.174202384075375,0.445194488482181,0.287980736148302,0.114491689206037,0.069280386490969,0.340886271229707,0.424055650794203,0.11449429195579
"209",0.069755144288727,0.00421341743732979,0.00386598828448404,0.0542635658914729,0,0.00178611278533936,0.0442679417863524,0.0979536384401078,0.0131657280347761,0.0459006082417677,0.0535990630876006,0.0675990533287243,0.142383150641043,0.108508419818301,0.053601510227907
"210",0.623424552023568,0.104337859238741,0.739168798549492,0.621212121212121,0.35,0.114733934402466,0.305628250770584,0.595451084963346,0.482727183048672,0.588952981800693,0.460602272403975,0.62615206973426,0.529955562805021,0.600499313184745,0.460607980857176
"211",0.74250002412001,0.874488743553082,0.951558771983129,0.895161290322581,0.99,0.99320062994957,0.972423834406317,0.88023337463802,0.879380455544725,0.938883371948582,0.831251020065337,0.770124942161994,0.834872465919124,0.849116975537915,0.831241904162729
"212",0.614146678115001,0.155568464560497,0.805872377483627,0.621212121212121,0.68,0.0991011261940002,0.621972135474554,0.829047679793344,0.54326792209036,0.883023050920031,0.576139925898445,0.610383230170694,0.796455811812206,0.713821138099445,0.576145418586966
"213",0.118189477346477,0.290486612869474,0.0357845630779733,0.0542635658914729,0.251428571428571,0.294760406017303,0.167591329562864,0.108725503701452,0.198228161634955,0.0569040813078803,0.23860659068804,0.112716507812434,0.142383150641043,0.208413086969386,0.238602998725867
"214",0.747165136096848,0.96184515648432,0.966155851604164,0.895161290322581,0.89,0.974361224099994,0.957971857914094,0.88023337463802,0.948099676743983,0.938883371948582,0.831251020065337,0.773904048810691,0.834872465919124,0.849116975537915,0.831241904162729
"215",0.0961190582359711,0.0316398491496579,0.0196246413926043,0.0542635658914729,0.1,0.0121640563011169,0.0314906328832172,0.108725503701452,0.0438393851503026,0.0459006082417677,0.174962202634945,0.0972074774745235,0.142383150641043,0.250037224681548,0.174991340653577
"216",0.850363552550742,0.903524283103615,0.988559040705386,0.895161290322581,0.773333333333333,0.860867619514465,0.919641759176474,0.794127945475942,0.931926427084044,0.799556565387351,0.76205410446619,0.841505546176914,0.701948965407597,0.751302370175493,0.76205539717534
"217",0.718537921269323,0.870755240343081,0.892767779333936,0.621212121212121,0.695,0.897278606891632,0.759560705849255,0.623138756158337,0.803908354334822,0.588952981800693,0.781733359394478,0.714032149287716,0.613797874369838,0.693281542264945,0.781728395232646
"218",0.914653764252696,0.997001276345374,0.961549777878779,0.895161290322581,0.95,0.999456729972735,0.991989661775009,0.927056956802391,0.967622749342536,0.963248699521524,0.923978968925402,0.873844509219468,0.852906275020961,0.871452888848071,0.923974209438328
"219",0.894220965218237,0.989319544038866,0.980673286226029,0.895161290322581,0.97,0.98982228897512,0.976066596967022,0.927056956802391,0.970008385658846,0.963248699521524,0.941804755114443,0.853989329577432,0.852906275020961,0.891966773608924,0.941803681225585
"220",0.0798490022406956,0.0018158961565989,0.00408599840762225,0.0542635658914729,0,0.00428479909896851,0.0267837611685484,0.0979536384401078,0.0131657280347761,0.0459006082417677,0.0608033758805284,0.0784212413425726,0.142383150641043,0.108508419818301,0.0608050669233548
"221",0.109630574690847,0.112623758799412,0.0347920522794857,0.0542635658914729,0.12,0.024577260017395,0.0332038250834119,0.0979536384401078,0.0774319485224573,0.0459006082417677,0.140283997935605,0.112245896705921,0.142383150641043,0.229478181825959,0.140314951797908
"222",0.0798490022406956,0.0578127642279683,0.0151762065303288,0.0542635658914729,0.08,0.0558066964149475,0.149997996516678,0.108725503701452,0.0912799476585064,0.177866799013123,0.128767050033713,0.0784212413425726,0.219648319378917,0.164201893100845,0.128767840140844
"223",0.723132455298154,0.909231068370446,0.949791951465195,0.895161290322581,0.802833333333333,0.89438208937645,0.825956170959244,0.690465321856409,0.772933836205582,0.700419119917833,0.697156007866486,0.747268627488126,0.672513894980402,0.657990829672414,0.697169401048964
"224",0.284555131739361,0.63216224102435,0.175484022503236,0.0542635658914729,0.14,0.187109410762787,0.112629014623835,0.108725503701452,0.300531067454219,0.150115859758573,0.398882373131299,0.288241026751471,0.184689444415879,0.208413086969386,0.398878814482304
"225",0.623424552023568,0.239638274324255,0.59588237543526,0.621212121212121,0.5,0.706897348165512,0.338051638605911,0.623138756158337,0.482866568844966,0.588952981800693,0.626204341164929,0.62615206973426,0.613664282136482,0.624099580211465,0.626198808630516
"226",0.623424552023568,0.953673397017122,0.65701254113601,0.621212121212121,0.48,0.801374793052673,0.464444161114601,0.740887457355738,0.867370567016119,0.588952981800693,0.628135389670214,0.62615206973426,0.613664282136482,0.714623491442877,0.62813485731721
"227",0.58856905560482,0.797737647231575,0.691912914367207,0.621212121212121,0.572857142857143,0.884532228112221,0.641696935214841,0.623138756158337,0.370362764892789,0.588952981800693,0.59440656901815,0.587967301459329,0.613797874369838,0.562792217903976,0.594405361984594
"228",0.623424552023568,0.79560426237594,0.634101245073592,0.621212121212121,0.47,0.353413283824921,0.382728544916884,0.623138756158337,0.735996762387839,0.588952981800693,0.628135389670214,0.62615206973426,0.613664282136482,0.68000463491728,0.62813485731721
"229",0.120505054786743,0.00520671565274212,0.0165786570688899,0.0542635658914729,0.01,0.00146758556365967,0.0220535211849972,0.0979536384401078,0.0321319734158151,0.0459006082417677,0.0608033758805284,0.130682257906026,0.142383150641043,0.0994664525073609,0.0608050669233548
"230",0.0799863327920876,0.10337677502855,0.0186893989246399,0.0542635658914729,0.21,0.136730968952179,0.15028995597867,0.108725503701452,0.066266820542667,0.0459006082417677,0.112695991805368,0.0785393930047049,0.142383150641043,0.131155391602288,0.112694291834236
"231",0.850361807296167,0.713811255828966,0.924808201170811,0.895161290322581,0.73,0.0103514790534973,0.776581141807196,0.774455748376531,0.678148579593865,0.799556565387351,0.588152547696272,0.806086533699389,0.701948965407597,0.615430354346395,0.588170077903414
"232",0.773789259482151,0.911778247779762,0.964159176185147,0.895161290322581,0.91,0.945790767669678,0.972000619930349,0.88023337463802,0.972585710292263,0.938883371948582,0.932918213386737,0.782742252069353,0.834872465919124,0.871615200133791,0.932915482473516
"233",0.105812578611841,0.000157111163984753,0.00294515431123715,0.0542635658914729,0,5.40018081665039e-05,0.00978770924280938,0.0979536384401078,0.0175783187365159,0.0459006082417677,0.0613525179765626,0.113489551429764,0.142383150641043,0.108508419818301,0.0613554508828902
"234",0.0961190582359711,0.0487798038984988,0.0257188128088727,0.0542635658914729,0.36,0.0220218896865845,0.0892082020048048,0.108725503701452,0.191246029472714,0.177866799013123,0.176157512991678,0.0972074774745235,0.219648319378917,0.3246502726172,0.176189907424344
"235",0.8578660356337,0.978801426802104,0.979958596653901,0.895161290322581,0.95,0.994420008733869,0.986204939542885,0.927056956802391,0.940930465672356,0.963248699521524,0.914681339401801,0.83907650879114,0.852906275020961,0.809088119331971,0.914679172183533
"236",0.069755144288727,0.00897402030678244,0.0033082486482626,0.230769230769231,0.08,0.00599581003189087,0.149997996516678,0.108725503701452,0.0862460255301044,0.192674829933399,0.114491689206037,0.0675990533287243,0.219648319378917,0.164201893100845,0.11449429195579
"237",0.951056749686508,0.950480139285839,0.982060475398773,0.621212121212121,0.8575,0.973500102758408,0.983916114013032,0.844911837527173,0.942833471491312,0.903980072780189,0.879149231194457,0.935235782725861,0.796455811812206,0.869130780816512,0.879141326095933
"238",0.58856905560482,0.451404209140576,0.710776461532098,0.621212121212121,0.486190476190476,0.211607336997986,0.786122975736258,0.623138756158337,0.460319428668798,0.588952981800693,0.59440656901815,0.587967301459329,0.613797874369838,0.562792217903976,0.594405361984594
"239",0.868708221302949,0.993029138214836,0.97905654215005,0.895161290322581,0.99,0.994949232786894,0.976961273858251,0.927056956802391,0.967622749342536,0.963248699521524,0.923978968925402,0.862198788209935,0.852906275020961,0.871452888848071,0.923974209438328
"240",0.441571088099599,0.543413762131897,0.79410236014708,0.230769230769231,0.477333333333333,0.107810616493225,0.357088379709151,0.174202384075375,0.373262414950042,0.308515964010741,0.264120575222811,0.441517475130826,0.340886271229707,0.376205462941382,0.264137515142066
"241",0.854883604656848,0.997329075093886,0.961237888292942,0.895161290322581,0.924,0.982179401442409,0.9836855973425,0.927056956802391,0.943827910501005,0.963248699521524,0.923978968925402,0.837824565461678,0.852906275020961,0.872513328122044,0.923974209438328
"242",0.97503663900103,0.995624391905517,0.961967184918546,0.895161290322581,1,0.997513553127646,0.961073417607857,0.927056956802391,0.979990511206617,0.963248699521524,0.941350467285043,0.965616036480646,0.852906275020961,0.889826403916131,0.941348206398127
"243",0.623424552023568,0.794303308045931,0.835521730387511,0.621212121212121,0.37,0.172428250312805,0.378416408122222,0.623138756158337,0.5643598502013,0.534634839167296,0.628135389670214,0.62615206973426,0.613664282136482,0.555739470517146,0.62813485731721
"244",0.746097597527863,0.511668844077552,0.744026672556962,0.895161290322581,0.98,0.997381903231144,0.943094413599008,0.88023337463802,0.906861517659707,0.938883371948582,0.902083602614667,0.753322014369379,0.834872465919124,0.777026557901812,0.902079025862302
"245",0.843575991300958,0.922771972225964,0.956067188959157,0.895161290322581,0.9,0.981783693656325,0.980077592895316,0.927056956802391,0.967622749342536,0.963248699521524,0.913279237250242,0.832466784908363,0.852906275020961,0.874942772848831,0.913273657968486
"246",0.809332788178697,0.922100821971005,0.93872412020592,0.895161290322581,0.97,0.994495596271008,0.98126327605612,0.88023337463802,0.950228023863363,0.938883371948582,0.923978968925402,0.813137785700483,0.834872465919124,0.851916601765416,0.923974209438328
"247",0.991567324543028,1,0.999999999945451,0.230769230769231,0.470166666666667,0.0416399240493774,0.0932266845095405,0.0979536384401078,0.125344682156187,0.163071793353624,0.433132186868216,0.988244737417748,0.184689444415879,0.162052127519039,0.433088149034829
"248",0.069755144288727,0.0225479352198498,0.0101448650207363,0.0542635658914729,0.04,0.00194233655929565,0.0217408968533354,0.0979536384401078,0.019075863072806,0.0459006082417677,0.0613525179765626,0.0675990533287243,0.142383150641043,0.108508419818301,0.0613554508828902
"249",0.648130739630632,0.892473991828768,0.814066922054069,0.621212121212121,0.8175,0.976896921172738,0.945524640780004,0.844911837527173,0.924191467602398,0.903980072780189,0.879149231194457,0.647735226130506,0.796455811812206,0.83841578531201,0.879141326095933
"250",0.0799470735008508,0.0228393750205482,0.00508088220457925,0.0542635658914729,0.08,0.00191915035247803,0.0607087305499111,0.0979536384401078,0.0381954166685518,0.0569040813078803,0.0695224255123018,0.0785056187807558,0.142383150641043,0.108508419818301,0.0695245148907856
"251",0.712588605143922,0.783772442167729,0.900397813559427,0.895161290322581,0.73,0.985732122324407,0.928529610980777,0.88023337463802,0.86636758061002,0.924426524876689,0.633549890062346,0.745910648286406,0.834872465919124,0.832143330128961,0.633553435972672
"252",0.766570523292906,0.529090654849621,0.951444181921177,0.895161290322581,0.733333333333333,0.921636149287224,0.824923612982246,0.774455748376531,0.734378126912399,0.799556565387351,0.683119509710069,0.769887862324809,0.701948965407597,0.64851728469736,0.683136945464651
"253",0.767616827538638,0.703117778928927,0.973130241412745,0.895161290322581,0.743333333333333,0.810373350977898,0.769503339867546,0.690465321856409,0.675128983299458,0.700419119917833,0.740877653042705,0.804998178486103,0.592965498240006,0.657990829672414,0.740918504032138
"254",0.986796143857854,0.999972254634747,0.996550379376933,0.895161290322581,0.94,0.957419935613871,0.990376475310516,0.927056956802391,0.943827910501005,0.963248699521524,0.913279237250242,0.979863208004945,0.852906275020961,0.774143680944474,0.913273657968486
"255",0.158480842643933,0.296003964050724,0.160726780695673,0.0542635658914729,0.16,0.0556951761245728,0.0697189102660361,0.108725503701452,0.126267462992643,0.0459006082417677,0.244377979916974,0.173949275566603,0.142383150641043,0.208413086969386,0.244381513832138
"256",0.789095210240204,0.860494909413219,0.940141532279202,0.895161290322581,1,0.989376742392778,0.987497740501805,0.88023337463802,0.953834196835624,0.938883371948582,0.941350467285043,0.795781969164537,0.834872465919124,0.871615200133791,0.941348206398127
"257",0.0798490022406956,0.048232786039048,0.00808566307513732,0.0542635658914729,0.2,0.0519381165504456,0.115693784111184,0.108725503701452,0.179180880518837,0.150115859758573,0.128767050033713,0.0784212413425726,0.184689444415879,0.119916410194497,0.128767840140844
"258",0.0798490022406956,0.0184972929233368,0.0153202333276594,0.0542635658914729,0.0814285714285714,0.594398975372314,0.0442679417863524,0.0979536384401078,0.0313855582237286,0.0459006082417677,0.0608033758805284,0.0784212413425726,0.142383150641043,0.108508419818301,0.0608050669233548
"259",0.0712765039756595,0.00290927095804589,0.00268852132306647,0.0542635658914729,0.09,0.00673836469650269,0.0360551018127393,0.0979536384401078,0.091277624820891,0.123447439516224,0.0535990630876006,0.068890135434676,0.184689444415879,0.110041159304848,0.053601510227907
"260",0.103646830239693,0.121945889571041,0.0241674162596867,0.0542635658914729,0.15,0.408781290054321,0.0795219396862172,0.108725503701452,0.140349844391032,0.0459006082417677,0.191945168700572,0.0975397636227013,0.142383150641043,0.25001841987902,0.191944574833846
"261",0.623424552023568,0.617768189159385,0.490063926661295,0.621212121212121,0.45,0.357639074325562,0.702904705063119,0.623138756158337,0.610145609255405,0.588952981800693,0.592095901324479,0.62615206973426,0.613797874369838,0.510064770402087,0.592089543950235
"262",0.0798490022406956,0.00236260065826106,0.00948177060457887,0.0542635658914729,0.04,0.000170111656188965,0.00978770924280938,0.0979536384401078,0.0131657280347761,0.0459006082417677,0.0608033758805284,0.0784212413425726,0.142383150641043,0.0994664525073609,0.0608050669233548
"263",0.0798490022406956,0.0246317871921257,0.0125629206576407,0.0542635658914729,0.08,0.105139374732971,0.15028995597867,0.108725503701452,0.0512180735422963,0.0459006082417677,0.112695991805368,0.0784212413425726,0.142383150641043,0.131155391602288,0.112694291834236
"264",0.0798490022406956,0.0115382792450005,0.00937771044469056,0.0542635658914729,0.04,0.0022350549697876,0.0360551018127393,0.0979536384401078,0.0348254313800709,0.0459006082417677,0.0608033758805284,0.0784212413425726,0.142383150641043,0.110041159304848,0.0608050669233548
"265",0.0729185786721265,0.00326134283648248,0.00815842550081405,0.0542635658914729,0.035,0.0010218620300293,0.0163635793655535,0.0979536384401078,0.0535794917070692,0.0459006082417677,0.0535990630876006,0.0702802297855108,0.142383150641043,0.0994664525073609,0.053601510227907
"266",0.0833390149045397,0.0235650187345944,0.00968939317265087,0.0542635658914729,0.22,0.0735426545143127,0.248615786562168,0.174202384075375,0.510592609044819,0.287980736148302,0.213541619906217,0.0790253670627149,0.340886271229707,0.376205462941382,0.213543172577375
"267",0.58856905560482,0.861998218110704,0.774601204525453,0.621212121212121,0.492857142857143,0.798060059547424,0.520394249097533,0.623138756158337,0.485865901507435,0.588952981800693,0.59440656901815,0.587967301459329,0.613797874369838,0.562792217903976,0.594405361984594
"268",0.0846201435725743,0.018638696589673,0.00942647616721271,0.0542635658914729,0.04,0.109153568744659,0.0442679417863524,0.108725503701452,0.0454402111906182,0.0459006082417677,0.112695991805368,0.0825131391592287,0.142383150641043,0.108508419818301,0.112694291834236
"269",0.58856905560482,0.0773262431439167,0.380272088492099,0.621212121212121,0.27,0.0478695631027222,0.275007858984986,0.595451084963346,0.179306822473983,0.534634839167296,0.392931965753037,0.587967301459329,0.613664282136482,0.438106766713598,0.392941249438456
"270",0.0891832791983038,0.0321046288026344,0.0019598390384655,0.0542635658914729,0.151428571428571,0.0295504927635193,0.191701460685977,0.108725503701452,0.0535309979679017,0.0569040813078803,0.29659944889575,0.0838783192211883,0.142383150641043,0.108508419818301,0.29658416563497
"271",0.069755144288727,0.00249314780709903,0.0118591446980747,0.0542635658914729,0.015,0.00284433364868164,0.0217408968533354,0.0979536384401078,0.0170061688514981,0.0459006082417677,0.0535990630876006,0.0675990533287243,0.142383150641043,0.0994664525073609,0.053601510227907
"272",0.989726121365811,0.999999989399468,0.999787653157586,0.895161290322581,0.94,0.992254170589149,0.980077592895316,0.927056956802391,0.947872358155088,0.963248699521524,0.941804755114443,0.987265495760025,0.852906275020961,0.891966773608924,0.941803681225585
"273",0.0697897783127513,0.0112118180172244,0.0129286609426515,0.0542635658914729,0.07,0.00113087892532349,0.0376522382119707,0.108725503701452,0.0331382544468508,0.0459006082417677,0.0999978040120591,0.067628479751986,0.142383150641043,0.131155391602288,0.0999979505949126
"274",0.879798558447976,0.978563862475611,0.984498426899988,0.895161290322581,0.91,0.958544738590717,0.696792355117847,0.794127945475942,0.894567833618008,0.799556565387351,0.808768944490215,0.837563518308926,0.701948965407597,0.757145153967199,0.808774192985177
"275",0.588633663239723,0.233924544385579,0.610679381247224,0.621212121212121,0.145,0.032261848449707,0.110333135624819,0.595451084963346,0.412570525832901,0.534634839167296,0.392931965753037,0.588023841021974,0.529955562805021,0.447177836996215,0.392941249438456
"276",0.74546122620115,0.969268362914555,0.971136224485013,0.895161290322581,0.91,0.994034768082201,0.811364171997447,0.690465321856409,0.768339137122828,0.700419119917833,0.829962539169837,0.758759014504042,0.672513894980402,0.719385805764641,0.829967707407984
"277",0.623424552023568,0.948879826338251,0.923434741401036,0.621212121212121,0.678333333333333,0.975692790001631,0.792901118756194,0.740887457355738,0.819059806385346,0.588952981800693,0.690462521301878,0.62615206973426,0.613797874369838,0.753073132252352,0.69046776337934
"278",0.0798490022406956,0.00785784845452076,0.00574270356214397,0.230769230769231,0.05,0.0254629850387573,0.0148260104446042,0.108725503701452,0.0143385822001909,0.0503954577358589,0.127843405461954,0.0784212413425726,0.142383150641043,0.108508419818301,0.127841809464586
"279",0.642022196322183,0.869649867107381,0.881723506940563,0.621212121212121,0.75,0.81634259223938,0.959755021752313,0.844911837527173,0.960019117828292,0.903980072780189,0.863074880429882,0.64239175497472,0.796455811812206,0.869130780816512,0.8630657701422
"280",0.930019879782334,0.998962246933279,0.99246922178465,0.895161290322581,0.97,0.990141681395471,0.980077592895316,0.927056956802391,0.967622749342536,0.963248699521524,0.913279237250242,0.906866987335383,0.852906275020961,0.874942772848831,0.913273657968486
"281",0.0994375205433262,0.0247372501683696,0.0275511826443252,0.0542635658914729,0.15,0.0122410655021667,0.0528051143414534,0.108725503701452,0.0465241819922367,0.0459006082417677,0.155225586218954,0.100133910293841,0.142383150641043,0.250037224681548,0.155251703502639
"282",0.0798490022406956,0.0482669193401834,0.0152922417011446,0.0542635658914729,0.09,0.00746369361877441,0.0307499351724046,0.108725503701452,0.0372131885149839,0.0459006082417677,0.162178668709764,0.0784212413425726,0.142383150641043,0.131155391602288,0.162180366157426
"283",0.723132455298154,0.873628536167789,0.963997219754312,0.895161290322581,0.813333333333333,0.908613562583923,0.799851974039562,0.690465321856409,0.734508045739024,0.700419119917833,0.599683234537999,0.747268627488126,0.672513894980402,0.619812020272137,0.599686256151413
"284",0.0798490022406956,0.00641227230803242,0.00633543301474215,0.230769230769231,0.04,0.00222688913345337,0.0859917390581885,0.0979536384401078,0.0265217717555466,0.0624059747874627,0.0608033758805284,0.0784212413425726,0.142383150641043,0.108508419818301,0.0608050669233548
"285",0.096142241109509,0.0940920531794825,0.0248354279776592,0.0542635658914729,0.29,0.25954532623291,0.0884471443958411,0.0979536384401078,0.157380314593477,0.123447439516224,0.0856396863334171,0.0972279610119159,0.184689444415879,0.250037224681548,0.0856589333418958
"286",0.681714274883868,0.899018110268178,0.988705508760585,0.895161290322581,0.616190476190476,0.11266815662384,0.569979251917761,0.690465321856409,0.313480348970239,0.700419119917833,0.567188709353013,0.71410729796093,0.672513894980402,0.496864857116814,0.567196372431078
"287",0.0733707813689951,0.0223420385101144,0.00723622503404758,0.0542635658914729,0.05,0.0324640870094299,0.0590780207740229,0.0979536384401078,0.0628724424521839,0.0459006082417677,0.0535990630876006,0.0706624298720878,0.142383150641043,0.108508419818301,0.053601510227907
"288",0.89696844612018,0.975565134567198,0.968579392292692,0.895161290322581,0.96,0.998245373019017,0.964568439529438,0.927056956802391,0.979990511206617,0.954274661456238,0.829962539169837,0.852403630575407,0.852906275020961,0.884681838341494,0.829967707407984
"289",0.07391646019024,0.0216090004171132,0.0454670740497359,0.0542635658914729,0.03,0.000128626823425293,0.0161302836099904,0.0979536384401078,0.0131657280347761,0.0459006082417677,0.0535990630876006,0.0710513459339062,0.142383150641043,0.0994664525073609,0.053601510227907
"290",0.101780872456051,0.00228707868084847,0.00445982320761123,0.0542635658914729,0.02,0.00295823812484741,0.0161302836099904,0.0979536384401078,0.0385821742266579,0.0459006082417677,0.152210058269584,0.097035486809434,0.142383150641043,0.0994664525073609,0.15221521892977
"291",0.122252788636015,0.651611545648065,0.0297986874883047,0.0542635658914729,0.25,0.375609338283539,0.304474514771468,0.108725503701452,0.339334650643423,0.150115859758573,0.23860659068804,0.116121665848145,0.184689444415879,0.25001841987902,0.238602998725867
"292",0.58856905560482,0.678471217064466,0.690703230389177,0.621212121212121,0.562857142857143,0.823165252804756,0.833912215256009,0.623138756158337,0.506682505066192,0.588952981800693,0.59440656901815,0.587967301459329,0.613797874369838,0.562792217903976,0.594405361984594
"293",0.101780872456051,0.0264390306752555,0.00671617514839725,0.0542635658914729,0.05,0.00491845607757568,0.0359645290796418,0.0979536384401078,0.0329439668751317,0.0459006082417677,0.135626867457305,0.097035486809434,0.142383150641043,0.108508419818301,0.135628728121219
"294",0.662532407281902,0.308211937545576,0.891388145290164,0.621212121212121,0.8575,0.904074013233185,0.947415593598297,0.844911837527173,0.877476484636971,0.903980072780189,0.826784934551679,0.660355398817485,0.796455811812206,0.869130780816512,0.826770055105402
"295",0.908386882741667,0.994237639905389,0.988088422876732,0.895161290322581,0.92,0.991669580340385,0.984175119783334,0.88023337463802,0.946216288175862,0.938883371948582,0.882457129997212,0.904739529462584,0.834872465919124,0.869130780816512,0.882453448432355
"296",0.069755144288727,0.0072405644705724,0.00396992532114294,0.0542635658914729,0.195,0.183892428874969,0.196198724332841,0.174202384075375,0.314728540419143,0.287980736148302,0.114491689206037,0.0675990533287243,0.340886271229707,0.376205462941382,0.11449429195579
"297",0.958114490730845,0.992351013797044,0.98631938996216,0.895161290322581,1,0.998980911332183,0.968201610824062,0.927056956802391,0.9634448217586,0.963248699521524,0.913279237250242,0.93555563314176,0.852906275020961,0.874942772848831,0.913273657968486
"298",0.119418479084989,0.0236433373277953,0.0594548659666836,0.0542635658914729,0.2,0.00452595949172974,0.0202587041430078,0.0979536384401078,0.151933625606059,0.0459006082417677,0.12158017367994,0.113747620000361,0.142383150641043,0.192846963582742,0.121582753333087
"299",0.623424552023568,0.67361798468513,0.817387476968723,0.621212121212121,0.51,0.796285778284073,0.623712026967327,0.623138756158337,0.563226078314514,0.534634839167296,0.690462521301878,0.62615206973426,0.613797874369838,0.599233350979362,0.69046776337934
"300",0.069755144288727,0.0221451445092562,0.0061351005508231,0.230769230769231,0.04,0.0523309707641602,0.0625184951319247,0.0979536384401078,0.0408558201730654,0.0624059747874627,0.0535990630876006,0.0675990533287243,0.142383150641043,0.108508419818301,0.053601510227907
"301",0.964714475783844,0.998068974923794,0.979409060531613,0.895161290322581,0.99,0.99652976449579,0.984175119783334,0.88023337463802,0.917597291108327,0.938883371948582,0.882457129997212,0.959944464959166,0.834872465919124,0.869130780816512,0.882453448432355
"302",0.0798490022406956,0.0231346390224317,0.025713588495005,0.0542635658914729,0.05,0.00959658622741699,0.0360551018127393,0.0979536384401078,0.031276859598062,0.0459006082417677,0.0787594494428225,0.0784212413425726,0.142383150641043,0.0994664525073609,0.0787635430501765
"303",0.109069103596396,0.0295063585785521,0.0476456178419197,0.0542635658914729,0.05,0.0165379047393799,0.0348189595101043,0.108725503701452,0.0240640770060646,0.0459006082417677,0.115885401832457,0.123998709835101,0.142383150641043,0.131155391602288,0.11588764652363
"304",0.0961190582359711,0.101546716863206,0.0256153160876351,0.0542635658914729,0.18,0.00180429220199585,0.0336756070032445,0.108725503701452,0.0897238284215995,0.0459006082417677,0.155225586218954,0.0972074774745235,0.142383150641043,0.232274472838364,0.155251703502639
"305",0.73576692243836,0.987148913790638,0.974350288192596,0.895161290322581,0.75,0.76811970770359,0.943222209615229,0.690465321856409,0.698553711333412,0.700419119917833,0.633549890062346,0.757498960598342,0.672513894980402,0.673107222077964,0.633553435972672
"306",0.201464500497528,0.100202504300871,0.00543168462914772,0.0542635658914729,0.21,0.0274430513381958,0.0932266845095405,0.0979536384401078,0.128344245291198,0.150115859758573,0.17551919733743,0.177928476624291,0.184689444415879,0.162052127519039,0.175512256970349
"307",0.791356797503285,0.980119281813001,0.970334173077123,0.895161290322581,0.97,0.998834397294559,0.967408028006932,0.927056956802391,0.979990511206617,0.963248699521524,0.941350467285043,0.791453164950555,0.852906275020961,0.891966773608924,0.941348206398127
"308",0.874505351434187,0.983710999067463,0.981755534092167,0.895161290322581,0.96,0.991030844859779,0.972106129526448,0.927056956802391,0.966127521954584,0.963248699521524,0.787061864856501,0.836935281606323,0.852906275020961,0.891966773608924,0.78706350991819
"309",0.0798686076995127,0.00386846344784952,0.00987430355398032,0.0542635658914729,0.01,0.000357985496520996,0.0217408968533354,0.0979536384401078,0.0184558858888615,0.0459006082417677,0.0608033758805284,0.0784381101898122,0.142383150641043,0.0994664525073609,0.0608050669233548
"310",0.718537921269323,0.215151755428404,0.958863222437683,0.621212121212121,0.775,0.959460720419884,0.948437947335162,0.623138756158337,0.769561195614998,0.588952981800693,0.825469512745905,0.714032149287716,0.613797874369838,0.693919276698965,0.825469183258145
"311",0.58856905560482,0.185482350025167,0.612932787831308,0.621212121212121,0.252857142857143,0.224662721157074,0.335702939213754,0.623138756158337,0.292515108799047,0.588952981800693,0.559437957462583,0.587967301459329,0.529955562805021,0.496864857116814,0.559436061348636
"312",0.623424552023568,0.886136555965291,0.787078285198709,0.621212121212121,0.75,0.892144925892353,0.702904705063119,0.623138756158337,0.656349197329666,0.588952981800693,0.592095901324479,0.62615206973426,0.613797874369838,0.58086588270239,0.592089543950235
"313",0.724663722907744,0.187246810189172,0.750788427816764,0.895161290322581,0.77,0.485880255699158,0.241300546767702,0.867415330376761,0.790763298699072,0.924426524876689,0.588152547696272,0.734976533714296,0.834872465919124,0.746089965656418,0.588170077903414
"314",0.0798686076995127,0.0795292870676162,0.0177134710092196,0.0542635658914729,0.1,0.0065382719039917,0.0867288976139664,0.108725503701452,0.0591847465318236,0.123447439516224,0.128767050033713,0.0784381101898122,0.184689444415879,0.110041159304848,0.128767840140844
"315",0.58856905560482,0.452282870861791,0.786690394344961,0.621212121212121,0.45,0.216127514839172,0.501805948517895,0.595451084963346,0.377947049286677,0.534634839167296,0.392931965753037,0.587967301459329,0.613797874369838,0.509302725857034,0.392941249438456
"316",0.0798882175541564,0.0139829856850149,0.0117617665100565,0.0542635658914729,0,0.000694632530212402,0.0148260104446042,0.108725503701452,0.0131657280347761,0.0459006082417677,0.127843405461954,0.0784549823567299,0.142383150641043,0.0994664525073609,0.127841809464586
"317",0.174887204951354,0.210084152421175,0.133964785991113,0.0542635658914729,0.15,0.496929347515106,0.0883355834090272,0.108725503701452,0.282605002180769,0.123447439516224,0.398882373131299,0.189309664424196,0.184689444415879,0.208413086969386,0.398878814482304
"318",0.0798490022406956,0.00475445046851864,0.00203830275464996,0.0542635658914729,0.02,0.00534123182296753,0.0217408968533354,0.0979536384401078,0.019075863072806,0.0459006082417677,0.0898071435529743,0.0784212413425726,0.142383150641043,0.108508419818301,0.0898119750095905
"319",0.0798490022406956,0.00818747885068883,0.0141074510609365,0.0542635658914729,0.115,0.00285035371780396,0.0360551018127393,0.0979536384401078,0.0170061688514981,0.0459006082417677,0.0608033758805284,0.0784212413425726,0.142383150641043,0.0994664525073609,0.0608050669233548
"320",0.0798490022406956,0.0038847630452244,0.00509287689342568,0.0542635658914729,0.02,0.0225214958190918,0.0217408968533354,0.0979536384401078,0.0155644973470187,0.0459006082417677,0.0695224255123018,0.0784212413425726,0.142383150641043,0.0994664525073609,0.0695245148907856
"321",0.0798490022406956,0.017334085193735,0.0155007005691276,0.0542635658914729,0.03,0.00562393665313721,0.0303449986628068,0.108725503701452,0.0143385822001909,0.0459006082417677,0.12795165602942,0.0784212413425726,0.142383150641043,0.0994664525073609,0.12795482886935
"322",0.623424552023568,0.136934045696948,0.654395998754446,0.621212121212121,0.34,0.271523833274841,0.182885931805734,0.623138756158337,0.422288417937466,0.588952981800693,0.592095901324479,0.62615206973426,0.613664282136482,0.58851978838562,0.592089543950235
"323",0.739066373950739,0.957713751478868,0.913374804517931,0.895161290322581,0.91,0.986588032916188,0.904978434010449,0.88023337463802,0.808855717637668,0.938883371948582,0.850413829549749,0.7671496002445,0.834872465919124,0.733834164120761,0.85040590430805
"324",0.0798490022406956,0.0149297935145264,0.0105038142602848,0.230769230769231,0.07,0.0155335664749146,0.0442679417863524,0.108725503701452,0.0545466103531234,0.134465881993029,0.114491689206037,0.0784212413425726,0.184689444415879,0.119916410194497,0.11449429195579
"325",0.786654712240553,0.739647132708413,0.957535561585112,0.895161290322581,0.833333333333333,0.303363025188446,0.805658203442868,0.794127945475942,0.840381870302438,0.799556565387351,0.76205410446619,0.780851487663981,0.701948965407597,0.751302370175493,0.76205539717534
"326",0.109578498262871,0.21636878052841,0.047399298622519,0.0542635658914729,0.29,0.130699813365936,0.127974368921012,0.108725503701452,0.0904369657629253,0.0459006082417677,0.173584236155367,0.112199392625779,0.142383150641043,0.232274472838364,0.173610134780992
"327",0.0972935368208187,0.0026112442145343,0.00684084955347121,0.0542635658914729,0.0114285714285714,0.000602602958679199,0.0359645290796418,0.0979536384401078,0.0227004169246827,0.0459006082417677,0.0552200562662124,0.109200391548333,0.142383150641043,0.108508419818301,0.0552246031443716
"328",0.887584069134908,0.965225609678749,0.974647550818514,0.895161290322581,1,0.997302187141031,0.942024845001368,0.927056956802391,0.979990511206617,0.963248699521524,0.941350467285043,0.846380719482274,0.852906275020961,0.891966773608924,0.941348206398127
"329",0.0862671862142375,0.0602332286161918,0.0206038286253847,0.0542635658914729,0.125,0.104225337505341,0.0376522382119707,0.108725503701452,0.0508614359749107,0.0459006082417677,0.355473994305311,0.0839197373399072,0.142383150641043,0.131155391602288,0.355458468351107
"330",0.069755144288727,0.0670717774492682,0.00552220956162324,0.0542635658914729,0.21,0.280922055244446,0.248615786562168,0.174202384075375,0.333682023663255,0.287980736148302,0.114491689206037,0.0675990533287243,0.340886271229707,0.376205462941382,0.11449429195579
"331",0.740553393743575,0.764692757472699,0.963606078448317,0.895161290322581,0.602857142857143,0.543611824512482,0.689508599794482,0.690465321856409,0.556360311706079,0.700419119917833,0.684266521958567,0.778622266098808,0.672513894980402,0.562792217903976,0.684315938993651
"332",0.0798490022406956,0.00799417217711421,0.00591344568059188,0.230769230769231,0.07,0.0216435790061951,0.0360551018127393,0.108725503701452,0.0862460255301044,0.192674829933399,0.128767050033713,0.0784212413425726,0.219648319378917,0.164201893100845,0.128767840140844
"333",0.069755144288727,0.00372419051702783,0.00146599453463673,0.0542635658914729,0.0814285714285714,0.0245221853256226,0.0932266845095405,0.0979536384401078,0.0408558201730654,0.0569040813078803,0.0613525179765626,0.0675990533287243,0.142383150641043,0.108508419818301,0.0613554508828902
"334",0.0938405405798513,0.0444107226936802,0.0139898653689833,0.0542635658914729,0.135,0.0910422205924988,0.107678442521054,0.108725503701452,0.0367257020218202,0.0459006082417677,0.29659944889575,0.087722101659363,0.142383150641043,0.131155391602288,0.29658416563497
"335",0.0798490022406956,0.00544885994824911,0.0104185654049506,0.230769230769231,0.08,0.0209131240844727,0.0217408968533354,0.0979536384401078,0.0184558858888615,0.0503954577358589,0.0898071435529743,0.0784212413425726,0.142383150641043,0.0994664525073609,0.0898119750095905
"336",0.623424552023568,0.492464359154956,0.833466993462843,0.621212121212121,0.52,0.517135828733444,0.471895030462169,0.595451084963346,0.478546188252258,0.534634839167296,0.460602272403975,0.62615206973426,0.613664282136482,0.624099580211465,0.460607980857176
"337",0.0808346753725906,0.00750563540906913,0.00358320420620624,0.0542635658914729,0.03,0.00270944833755493,0.0217408968533354,0.0979536384401078,0.0467634088325589,0.0459006082417677,0.0898071435529743,0.0792687605153373,0.142383150641043,0.108508419818301,0.0898119750095905
"338",0.623424552023568,0.68986074961078,0.78794210822841,0.621212121212121,0.7975,0.983405165374279,0.685235135600871,0.623138756158337,0.643943480531031,0.588952981800693,0.626204341164929,0.62615206973426,0.529955562805021,0.657990829672414,0.626198808630516
"339",0.101780872456051,0.0199808526560042,0.00841317515359028,0.0542635658914729,0.02,0.00595492124557495,0.0359645290796418,0.0979536384401078,0.0329439668751317,0.0459006082417677,0.135626867457305,0.097035486809434,0.142383150641043,0.108508419818301,0.135628728121219
"340",0.623424552023568,0.776362346930636,0.769289485074219,0.621212121212121,0.3,0.157046139240265,0.547202563407964,0.595451084963346,0.572271745369715,0.588952981800693,0.425252130818229,0.62615206973426,0.613797874369838,0.555739470517146,0.425257089935712
"341",0.069755144288727,0.0243535256335292,0.00644264048317053,0.0542635658914729,0.25,0.263788819313049,0.332046353739786,0.108725503701452,0.109579685692063,0.177866799013123,0.114491689206037,0.0675990533287243,0.219648319378917,0.193449332029582,0.11449429195579
"342",0.637902117234313,0.992397012776835,0.963526730603885,0.621212121212121,0.85,0.894083999097347,0.89355611117875,0.623138756158337,0.832819165740239,0.588952981800693,0.688694724854965,0.638539101164863,0.613797874369838,0.714919045338809,0.688695404614059
"343",0.0807158112206601,0.0518949935161727,0.018688382456791,0.0542635658914729,0.16,0.0108757019042969,0.0360551018127393,0.108725503701452,0.220678645981225,0.177866799013123,0.163303930881041,0.0791666179318758,0.219648319378917,0.164201893100845,0.163308555962734
"344",0.71313362225859,0.824597540868062,0.986905859905444,0.895161290322581,0.763333333333333,0.282877862453461,0.685235135600871,0.690465321856409,0.718792542269211,0.700419119917833,0.633549890062346,0.746145516446795,0.592965498240006,0.657990829672414,0.633553435972672
"345",0.108810107935586,0.104720676519739,0.0313850660556503,0.230769230769231,0.3275,0.950300831347704,0.33156711397198,0.174202384075375,0.539794825701087,0.358799624789786,0.128767050033713,0.123745420281568,0.340886271229707,0.399251019349227,0.128767840140844
