"","LRR_predictions_PG","GAM_predictions","LDA_predictions","CTREE_predictions_PG","RF_predictions_PG","XGB_predictions_PG","LGBM_predictions_PG","RE_RF_predictions_PG","RE_boosting_predictions_PG","RE_bag_predictions","PLTR_predictions_PG","SRE_RF_predictions_PG","SRE_bag_predictions_PG","SRE_boosting_predictions_AUC","SRE_PLTR_predictions_PG"
"1",0.861018271767671,0.973578483856296,0.967688408464289,0.953488372093023,0.925,0.97427718155086,0.959873300712798,0.935963919657634,0.948717002340486,0.91691330824577,0.935855208236097,0.895201741591094,0.832450305116227,0.895229941832468,0.962269442288118
"2",0.879422648943873,0.993563520626577,0.996069337983078,0.953488372093023,0.99,0.996556967031211,0.998817300215433,0.965199759550486,0.980963631405339,0.949998809148279,0.986568952139031,0.984847451551577,0.954075321143492,0.957698121685283,0.991493178949271
"3",0.0750888065747659,0.000604779312090304,0.0028359940592476,0.0384615384615385,0.14,0.154898881912231,0.00124459537921519,0.199524835603311,0.188553493181093,0.100293564811308,0.131403041639285,0.162893897421434,0.0953367368182992,0.238802455233267,0.092920386831662
"4",0.883939530353352,0.963064157236599,0.988819274443768,0.953488372093023,0.91,0.947501257061958,0.967509709052114,0.899318907882511,0.956615390901586,0.949114343369801,0.950624115641768,0.922687182124171,0.939379467342324,0.806452547456429,0.966347693068373
"5",0.821751026977319,0.941892781034498,0.968266758995188,0.953488372093023,0.765714285714286,0.88481405377388,0.964836032928338,0.774825987656144,0.882427215994965,0.91791680541323,0.643542777355091,0.698742087972097,0.930049204563608,0.853014332524836,0.696367049917531
"6",0.889196653276468,0.999584167762429,0.986033689465502,0.953488372093023,0.847,0.956016432493925,0.989955184789229,0.914416690124857,0.936309300251793,0.870796471317407,0.936011382934069,0.922923980043302,0.899631108280191,0.931470632700601,0.951951469904511
"7",0.0525031623235839,0.00228323247959194,0.00209482421678624,0.0384615384615385,0.06,0.0183417797088623,0.0362832296105301,0.0927407493279838,0.0876136219297965,0.0470500073187978,0.0226712501253999,0.0840857682536379,0.0527929362543468,0.0799537172557218,0.00908505717602677
"8",0.469901311810156,0.12383992804861,0.307649437061876,0.375,0.318666666666667,0.0175558924674988,0.0497812099166407,0.236703998533395,0.253422790115775,0.43687738013098,0.183055633698914,0.0660824972273661,0.127086699453303,0.117385821120918,0.181073033322566
"9",0.0462958278179487,0.00123890738423239,0.00279300004519524,0.0384615384615385,0.02,0.00493758916854858,0.00187519712817882,0.0459832131432665,0.0741860806487664,0.0488355497137807,0.0480077471625747,0.053456078468615,0.0670026186039327,0.0479941397670822,0.0539851219500399
"10",0.0542947478033639,0.00651777366660017,0.00343877419149057,0.0384615384615385,0.03,0.00233662128448486,0.00113090975412825,0.0320690102583114,0.0199685376078886,0.0470500073187978,0.0439252843709124,0.0282626808552549,0.0525801844767608,0.030381990549471,0.0417305743042544
"11",0.74329608975928,0.241156586206242,0.968117790519247,0.953488372093023,0.679047619047619,0.839976459741592,0.836931387972841,0.774825987656144,0.82843958449192,0.91791680541323,0.702371447206803,0.507617651741733,0.845245995584822,0.773374393785926,0.742971078244556
"12",0.879184263066253,0.999126148010263,0.981140190370819,0.953488372093023,0.886666666666667,0.986987994983792,0.999830055908594,0.9114838873828,0.959651766970253,0.904644903313386,0.985416429400394,0.944341344871839,0.907824590113856,0.934386458917212,0.996758335369292
"13",0.848152871390463,0.901013794351852,0.983261566214649,0.953488372093023,0.836238095238095,0.953473955392838,0.991721643425259,0.732518175466877,0.90795588351662,0.803428280765684,0.716540730832013,0.701381999119032,0.862761689932473,0.885144733136003,0.798780333145082
"14",0.172640822561814,0.579520852300577,0.029049243842066,0.0384615384615385,0.2525,0.0119231939315796,0.0330523585108901,0.046263940582009,0.222405280664958,0.0470500073187978,0.275177683894745,0.0763804270812887,0.0524770292021741,0.146482199555378,0.283003740772094
"15",0.737329654548414,0.923706971326624,0.939068985455029,0.375,0.53,0.20945417881012,0.32480874596169,0.494963178119121,0.491737887931016,0.464352840280422,0.859599391346666,0.162444819666793,0.247149924309294,0.332887423878536,0.921279819041181
"16",0.878130852010081,0.97600800797835,0.976620875968309,0.953488372093023,0.82,0.938770573586226,0.992292435889006,0.939915755176848,0.932555267182754,0.868704630366422,0.801444742214649,0.890728378046088,0.817976209057881,0.883196209396452,0.857315652841979
"17",0.244587064332373,0.0372647141977527,0.0659186088890778,0.0384615384615385,0.16,0.330318570137024,0.0962694860144533,0.0743097238834327,0.100265920046303,0.103879433430683,0.178430246045765,0.0433590513030494,0.119949959593287,0.188006839732828,0.295816688099455
"18",0.541347121691621,0.999503609303263,0.933833300401368,0.777777777777778,0.733928571428571,0.972725030034781,0.94306507695303,0.688731974977017,0.870553367650252,0.654812292690215,0.787454235875257,0.909397302235555,0.765252202494478,0.821516518585095,0.864021848587465
"19",0.0403193722470516,0.00262176984308801,0.00105234352010461,0.0384615384615385,0.012,0.000109553337097168,8.67322251041445e-05,0.0318715386016532,0.0172326017627824,0.0470500073187978,0.0101540570509722,0.0128500280768346,0.0524883734010975,0.0327910587745692,0.00689311682666538
"20",0.949051593776799,0.999998644976994,0.993472423430423,0.777777777777778,0.82,0.792850181460381,0.958034476692433,0.843638219696965,0.914245821773436,0.65897414135672,0.990146162125309,0.929245984401593,0.818475847979346,0.920858594546067,0.999201173589327
"21",0.742398786353124,0.546760771866215,0.978776889064014,0.953488372093023,0.6925,0.788061052560806,0.69048260434068,0.621831561328674,0.730650009891328,0.785303809366437,0.778364047061641,0.588847766597195,0.514880406948952,0.344123858867402,0.79386108806932
"22",0.748117912086764,0.727308488319146,0.967898017908331,0.953488372093023,0.865714285714286,0.986370026133955,0.957769575154066,0.785553149729384,0.848309923602848,0.908055011277477,0.767802117676999,0.80814269025399,0.879031741988239,0.818372020069135,0.820046769707621
"23",0.0383660951401743,0.00205161803803023,0.00278117058031008,0.0384615384615385,0.000285714285714286,0.0023343563079834,0.000677784506179643,0.0318715386016532,0.0242618319368239,0.0470500073187978,0.0149304761401858,0.0235839701196697,0.0524666593893534,0.0313432676322555,0.012150271486408
"24",0.062434505916334,0.0444387592675193,0.0235534392012089,0.0384615384615385,0.09,0.00842869281768799,0.000895027025035424,0.0743097238834327,0.0311531452598947,0.0470500073187978,0.0840037993407221,0.0375959866287968,0.0524721681116503,0.037656713218812,0.0555825048962558
"25",0.927775641235145,0.999642222177365,0.996056356005387,0.953488372093023,0.96,0.998487630626187,0.999678371956201,0.965199759550486,0.976640702694913,0.949998809148279,0.990507149490209,0.985359705094178,0.954541409381877,0.957669036645851,0.996154314059252
"26",0.0460798117988299,0.000163944104093941,0.00276149279158631,0.0384615384615385,0.00333333333333333,0.00223970413208008,0.00104942557746627,0.0318715386016532,0.0172326017627824,0.0470500073187978,0.00909667315060045,0.0265817586017273,0.0524666593893534,0.0249005909115692,0.00361639112838005
"27",0.0556120738920713,0.0463605109890965,0.0067658129108195,0.0384615384615385,0.02,0.00643450021743774,0.00896796585729611,0.0459832131432665,0.0283768332270644,0.0470500073187978,0.02398188828238,0.0678333806745472,0.0524990714817546,0.0389282015295075,0.0152596150446827
"28",0.787647649106402,0.980967604708758,0.873529181619033,0.953488372093023,0.935,0.997744082240388,0.999784036853432,0.955356538886131,0.962725921766566,0.930453847080453,0.962114454834845,0.976178674433312,0.943506832217306,0.929819556410952,0.978269801967276
"29",0.0667400782034906,0.076553425461727,0.0133344278653837,0.0384615384615385,0.1,0.0129271745681763,0.0133210210890383,0.0459832131432665,0.0283768332270644,0.0488355497137807,0.111739976639433,0.0332225771430897,0.067102920998093,0.0568095506348493,0.168483437298001
"30",0.607350807697649,0.993391100528012,0.725734034232789,0.777777777777778,0.71,0.756283700466156,0.998005717969867,0.908472594796096,0.856544028090121,0.609653272963136,0.867400259571826,0.953987602474866,0.829923367631104,0.668575132610603,0.89453217786798
"31",0.760554815313207,0.36579058252453,0.935891045721793,0.953488372093023,0.893333333333333,0.878386601805687,0.873459235233265,0.903778858838058,0.92548097953728,0.904637815241119,0.86126699830908,0.87584640995072,0.881672704906714,0.792123898634316,0.884204575362129
"32",0.764372065990423,0.848329989534353,0.97520938853361,0.953488372093023,0.815714285714286,0.624084383249283,0.875635583585539,0.651625060246421,0.656406816580888,0.861869876320803,0.636797269725865,0.439604568588154,0.672137143217348,0.79267554640286,0.703303361478324
"33",0.0365833322115959,0.000405966832947715,0.000264648263021622,0.222222222222222,0.0361666666666667,0.0297361612319946,0.0014556396977701,0.074749834823577,0.0490273488199161,0.0488355497137807,0.0326180925513013,0.118482493861952,0.0670026186039327,0.060731841559155,0.0242042289048143
"34",0.478416044937844,0.164091238192234,0.348612586762055,0.777777777777778,0.41,0.889006569981575,0.265404209475959,0.657458359899196,0.537044925131349,0.578440658559369,0.476971638848066,0.779375709025747,0.64158179003535,0.427654166444896,0.453400969073906
"35",0.0519142396149484,0.000910613746781831,0.00556576539179653,0.0384615384615385,0.01,0.000867545604705811,5.16526209676033e-05,0.0519786286157907,0.0172326017627824,0.0470500073187978,0.0208723773239638,0.0283282939164404,0.0524666593893534,0.031713409681067,0.0121423744162139
"36",0.750801886578055,0.730303149081475,0.789087705604152,0.777777777777778,0.7,0.238563179969788,0.202169124862294,0.914416690124857,0.788966873853043,0.881857023730489,0.741550899241409,0.787761897951416,0.803658341384224,0.786418871848639,0.724850384666817
"37",0.946792678097909,1,0.999988304692985,0.953488372093023,1,0.999321271898225,0.99951629496293,0.965199759550486,0.980509333422138,0.949998809148279,0.996832900265677,0.985425768758226,0.954257747996085,0.95806672078113,0.999591333516121
"38",0.0532370099191491,0.0301548785017371,0.0103128577170453,0.0384615384615385,0.11,0.129710137844086,0.0457393057390766,0.074749834823577,0.0365184474084896,0.103879433430683,0.0414434602464151,0.0844111755202381,0.11990730803275,0.0662028838134878,0.0670591911470707
"39",0.0451845283563496,0.00605838978797058,0.00697479929615801,0.0384615384615385,0.0202857142857143,0.0145695209503174,0.00223354751045099,0.0318715386016532,0.0242618319368239,0.0470500073187978,0.0140718191470303,0.0173598785914871,0.0524666593893534,0.0313432676322555,0.00997683886126883
"40",0.92852062141702,0.999999871368462,0.995573616209082,0.953488372093023,0.94,0.944997016340494,0.995900268377459,0.949858512303018,0.967218591948822,0.909585161327085,0.994324512206849,0.973906953243342,0.910449210116248,0.962922626678822,0.998862123034027
"41",0.14340733095887,0.0248123056479666,0.0124186463441164,0.0384615384615385,0.11,0.0272508859634399,0.00996414921220426,0.0932790211061253,0.0892005141701725,0.0470500073187978,0.206330087894713,0.0741945449105571,0.0525315024865599,0.0405445008677514,0.199539789538597
"42",0.0497878311024107,0.000346207548488352,0.00198525159899627,0.0384615384615385,0,0.000631749629974365,0.00208619020794093,0.0320690102583114,0.030696876983075,0.0470500073187978,0.0439438157640811,0.0278289499396657,0.0524802701655182,0.030381990549471,0.0410153426824347
"43",0.0357073891812359,0.00432194248318936,0.00109689260391804,0.0384615384615385,0.0695,0.012531042098999,0.00103932382512599,0.074749834823577,0.0172326017627824,0.0488355497137807,0.0272533205724424,0.118482493861952,0.0670026186039327,0.060731841559155,0.0143070744782187
"44",0.0449734531310946,0.00443087102296426,0.00395761155938067,0.222222222222222,0.0419523809523809,0.0484410524368286,0.028979757463009,0.0318715386016532,0.0242618319368239,0.0470500073187978,0.015239560999431,0.0955979223347709,0.0524666593893534,0.0388010164889374,0.013390793868643
"45",0.0702085244036945,0.0107142804904148,0.0142491891621144,0.0384615384615385,0.15,0.0081937313079834,0.0762554850593711,0.0743097238834327,0.0283768332270644,0.0470500073187978,0.0727877952314495,0.0655707636313366,0.0524669834168045,0.0403214341543355,0.091825387467425
"46",0.0432805989715674,0.00306208901120816,0.00312931209308199,0.0384615384615385,0.0133333333333333,0.00203585624694824,0.000487516890730495,0.0318715386016532,0.0172326017627824,0.0470500073187978,0.00893986363232977,0.010657214420048,0.0524686035821763,0.0249005909115692,0.00533041009638656
"47",0.0384646667531536,0.000466762462513361,0.000527335120915855,0.0384615384615385,0.01,0.00665158033370972,0.0442353866163306,0.0320690102583114,0.0172326017627824,0.0470500073187978,0.0418421012917341,0.0548553115937496,0.0524666593893534,0.0327910587745692,0.0348330961864036
"48",0.809948346956473,0.976714198365663,0.946910532224228,0.953488372093023,0.935,0.987298213876784,0.952782863829609,0.965199759550486,0.948742601848406,0.929249400479911,0.946533239575171,0.963816111370617,0.925861314873273,0.819349171456496,0.975009615430705
"49",0.0499016361140061,0.00100498019149067,0.00417713461290008,0.0384615384615385,0.12,0.0173413753509521,0.0200027817491289,0.0459832131432665,0.0283768332270644,0.0470500073187978,0.0341616042465125,0.0534896814926701,0.0524666593893534,0.036085076028391,0.0218024497047638
"50",0.0522289903013386,0.00591383428256446,0.00512077862457532,0.0384615384615385,0.02,0.00258064270019531,0.00141823453926089,0.0519786286157907,0.0172326017627824,0.0470500073187978,0.0226975405567605,0.0620709537841393,0.0524692516614728,0.0416704579708357,0.016806707750703
"51",0.054462666945475,0.0402519082785278,0.00419804315100307,0.0384615384615385,0,0.00697386264801025,0.00363982658681707,0.046263940582009,0.030696876983075,0.0488355497137807,0.0492995608887925,0.0486337805201155,0.0671616992373851,0.0871808432601404,0.0552785854175194
"52",0.04061020907525,0.00138693629097468,0.00146289481048783,0.0384615384615385,0.229166666666667,0.0263175964355469,0.0338297106521361,0.0932790211061253,0.275135457287202,0.203415730812131,0.0377239292625146,0.0585290528859904,0.193748688599051,0.266614668498554,0.0223580027352854
"53",0.18677992639148,0.04295978116925,0.026520727583835,0.0384615384615385,0.235,0.0189270973205566,0.0241813089539618,0.146273520782938,0.0892005141701725,0.0470500073187978,0.416406311919103,0.128245205255703,0.0524698997482995,0.0879937784215001,0.49371094759578
"54",0.757726537573326,0.545349159143816,0.978009988832415,0.953488372093023,0.79,0.856910735368729,0.969097536565737,0.768321604876797,0.668954066130722,0.801328059696631,0.75017707220721,0.809358949085006,0.765252202494478,0.869087750280369,0.776084163231324
"55",0.0499733813964004,0.0853246038971096,0.00610334452254682,0.0384615384615385,0.150285714285714,0.183351218700409,0.0300728167009518,0.074749834823577,0.0334246198309465,0.103879433430683,0.155588970813143,0.156459864991145,0.119872921154221,0.0864525518356657,0.247902080671448
"56",0.496927054388279,0.84500270989832,0.606671539233891,0.375,0.4675,0.659183382987976,0.882829379221938,0.646291187783244,0.265766823631451,0.532127061711391,0.520808224452719,0.849763662378954,0.473050438350928,0.681534610869481,0.586230059095651
"57",0.102951242067411,0.157021631920249,0.00412140618337279,0.0384615384615385,0.176666666666667,0.0215300321578979,0.0332397549108621,0.0932790211061253,0.275135457287202,0.203415730812131,0.111152120958074,0.0649152765588466,0.193749706751235,0.266614668498554,0.107942477769589
"58",0.949263401939115,0.99999878121769,0.985551908164229,0.375,0.7,0.119171679019928,0.528156202237982,0.753852146206367,0.860162674019165,0.536721575616208,0.959570073217506,0.870928970724746,0.560289489692962,0.701170092323727,0.995852631067509
"59",0.0500625908009641,0.0105440898756988,0.00372118846047731,0.0384615384615385,0.02,0.0632894039154053,0.0186822178430204,0.0320690102583114,0.030696876983075,0.0470500073187978,0.0418937117987833,0.055753242966472,0.0524666593893534,0.0341616013334175,0.0354007449264982
"60",0.0478505459637482,0.000714214836056824,0.00568705620159247,0.0384615384615385,0.0102857142857143,0.0035330057144165,0.00392575131625828,0.0318715386016532,0.0242618319368239,0.0470500073187978,0.0140683129396826,0.0170691120839858,0.0524666593893534,0.0313432676322555,0.00971562177915466
"61",0.0562428868281466,0.173281275366234,0.0128350180666627,0.0384615384615385,0.0802857142857143,0.0209925174713135,0.040467151871111,0.046263940582009,0.116636502366745,0.0488355497137807,0.0682927223262136,0.0480752202496273,0.0670955770758514,0.0807720228722612,0.0827814036796758
"62",0.843145201842536,0.987455225884892,0.983446704790952,0.777777777777778,0.805714285714286,0.978020526468754,0.997818046577362,0.899318907882511,0.842585089014978,0.927130070929866,0.921678823159654,0.962215908573047,0.92069774210141,0.870191404827287,0.939205176366292
"63",0.71785971523671,0.58981147985329,0.383437298027398,0.777777777777778,0.685,0.993588473647833,0.999279195799822,0.853112084253703,0.650338806922894,0.713219751433819,0.509569931883347,0.780372503645492,0.864351536343177,0.825409753061868,0.466649367018155
"64",0.0423040138088775,0.00245362686867465,0.00228588786957493,0.222222222222222,0.150285714285714,0.132026135921478,0.0190056544374567,0.0519786286157907,0.0266465847014642,0.0470500073187978,0.0230043668281073,0.0748336355879198,0.0524666593893534,0.090437473616846,0.0219399143727047
"65",0.0478429536593626,0.0048171072564166,0.00136586361921751,0.0384615384615385,0.02,0.00920552015304565,0.00174253518000874,0.046263940582009,0.0199685376078886,0.0488355497137807,0.0490717599168605,0.0761118093396591,0.0670026186039327,0.0479941397670822,0.0560984024398258
"66",0.913297893526998,0.999702378295886,0.99527889162695,0.953488372093023,0.98,0.998487630626187,0.999678371956201,0.965199759550486,0.976640702694913,0.949998809148279,0.990052869475041,0.985603356372206,0.954767131494758,0.957669036645851,0.995416250903998
"67",0.855379731258884,0.991314667076852,0.992975550737191,0.953488372093023,0.84,0.720856130123138,0.947156601930264,0.903778858838058,0.94613303644442,0.90915489635189,0.869025584395631,0.861386505257366,0.888835015346901,0.886335376028137,0.915544607289276
"68",0.0979640106760377,0.00430637615225269,0.0167507607299046,0.0384615384615385,0,0.0069621205329895,0.00718682020905042,0.05229395173554,0.0189398461856068,0.0470500073187978,0.0143284526802493,0.0202936843583666,0.0525584345909402,0.0514118326591793,0.00978759289731251
"69",0.909587188370813,0.985180359885517,0.996347019983932,0.953488372093023,0.91,0.997789351036772,0.999498915447219,0.965199759550486,0.976640702694913,0.949998809148279,0.984089913257782,0.985174926797475,0.954371981869204,0.957698121685283,0.989002608371552
"70",0.0396759304632315,0.0107672592298132,0.00674589223974638,0.0384615384615385,0.055,0.00685644149780273,0.000829548449546932,0.0318715386016532,0.0172326017627824,0.0470500073187978,0.0282872850056322,0.01886254031454,0.0524666593893534,0.0327910587745692,0.0240998656284005
"71",0.0368501551158386,0.000618220388573862,0.000501556903240642,0.0384615384615385,0.0333333333333333,0.0260505676269531,0.0398224206050149,0.0318715386016532,0.0172326017627824,0.0470500073187978,0.00923203646980594,0.0282306828778176,0.0524666593893534,0.0266876767095786,0.00461801975381157
"72",0.0391351603096751,0.00790045754226785,0.00290473958295658,0.222222222222222,0.0252857142857143,0.00399750471115112,0.00216305734044357,0.0320690102583114,0.028081875454455,0.0470500073187978,0.0597480139075946,0.044809154350169,0.0524666593893534,0.0313432676322555,0.0570993148897824
"73",0.515019797766824,0.236057354180453,0.476216434563909,0.375,0.188333333333333,0.0679416656494141,0.110404612008424,0.37045742667755,0.369614430908929,0.532127061711391,0.513926899061925,0.228535379163367,0.120395283193088,0.173091064380512,0.623605946588274
"74",0.951324908262957,0.99989719151378,0.983441509630582,0.953488372093023,0.98,0.999411946046166,0.999343851048142,0.939915755176848,0.978729159599791,0.915237637520211,0.987954992795768,0.96197867104071,0.947268467335905,0.946874274129994,0.996056435477828
"75",0.895239120188756,0.999878986104758,0.97578167062968,0.953488372093023,1,0.998872504918836,0.9992942031217,0.940275092033163,0.948324897104314,0.919297421350184,0.990482769817262,0.965810350526618,0.95054529890733,0.937545520338978,0.996592099381311
"76",0.0459795796739963,0.000275927710134722,0.000488607212152726,0.0384615384615385,0.16,0.0466606020927429,0.00651675965137692,0.0519786286157907,0.0365184474084896,0.100293564811308,0.0154258769615713,0.237388241523659,0.280752464888138,0.216529890785178,0.0107267904033784
"77",0.0369323377782957,0.00242447939618203,0.000328046280108425,0.0384615384615385,0.01,0.00731581449508667,0.00771641815603626,0.0318715386016532,0.0172326017627824,0.0470500073187978,0.0104427017438827,0.0194066266231076,0.0524669834168045,0.030381990549471,0.00765647627504522
"78",0.109740131403712,0.00444437768912968,0.0453715030273313,0.0384615384615385,0,0.000974416732788086,0.00062746230585909,0.0318715386016532,0.0189398461856068,0.0470500073187978,0.0152133199615357,0.0191209583589641,0.0524984230546032,0.0375879456209069,0.011119547542721
"79",0.911449414041203,1,0.99988803522709,0.953488372093023,0.87,0.997665585950017,0.993737090499709,0.965199759550486,0.970154747110148,0.944454239068354,0.99020378321061,0.984188350646,0.954872851683414,0.974546592239317,0.995919134973663
"80",0.89655993167084,1,0.999961438533045,0.953488372093023,0.875714285714286,0.986787987872958,0.986456612397683,0.899318907882511,0.907125162379551,0.949114343369801,0.953358089435136,0.923440744918899,0.939401362188912,0.899383023327342,0.968120658237023
"81",0.0471206818981645,0.00663533187465794,0.00689496099012628,0.0384615384615385,0.0941666666666667,0.0112542510032654,0.020878474421052,0.0318715386016532,0.0172326017627824,0.0470500073187978,0.0158532682907403,0.0314404621749954,0.0524666593893534,0.0336442956731235,0.0167402690112573
"82",0.968551016745213,0.999999993896419,0.996743467042061,0.953488372093023,0.95,0.997785687679425,0.999578583120994,0.965199759550486,0.966548809111934,0.949998809148279,0.98604828432163,0.987881827212994,0.95702054462723,0.899957765683772,0.991603616617035
"83",0.0286960075037223,0.0017276688646474,6.4264281375724e-05,0.222222222222222,0.234,0.135321795940399,0.00282569617592015,0.146273520782938,0.196276401303282,0.203415730812131,0.010403158076126,0.100465650879798,0.193749706751235,0.430075720279501,0.00710050661175836
"84",0.0460569429023026,1,0.0235644964296184,0.0384615384615385,0.065,0.00079035758972168,0.000931614351578892,0.0927407493279838,0.0876136219297965,0.0470500073187978,0.0155411762632467,0.0564207429038838,0.0524796219577237,0.0910737988810539,0.0170170056310926
"85",0.0483704211479964,0.174646777971184,0.0375493993293442,0.0384615384615385,0.115,0.00117272138595581,0.00334314406281386,0.0459832131432665,0.0172326017627824,0.0488355497137807,0.125921167854074,0.0364001195398596,0.0670046558848348,0.0479941397670822,0.195634623699458
"86",0.117339814052358,0.43548435920017,0.00703980007328308,0.0384615384615385,0.2725,0.0599658489227295,0.00769346481035244,0.074749834823577,0.383585786842361,0.0488355497137807,0.304267960039298,0.142612184039912,0.0670026186039327,0.351888482095747,0.280841299901248
"87",0.0429122842643925,0.000682134182761502,0.00524856355111339,0.0384615384615385,0.0102857142857143,0.00928789377212524,0.000313727503854416,0.05229395173554,0.0242618319368239,0.0470500073187978,0.0137100921938864,0.0239571079536176,0.052471844054073,0.0398467747892085,0.00886181871121408
"88",0.836336945507454,0.66060553804099,0.918647938434388,0.777777777777778,0.73,0.683016806840897,0.941996826360831,0.914416690124857,0.789742392751682,0.881857023730489,0.59882430080241,0.895673319922258,0.912985582977945,0.873719284766929,0.575647658885439
"89",0.100517462993394,0.601145624565794,0.0012229779628579,0.0384615384615385,0.1025,0.0159327983856201,0.0518750075516578,0.146273520782938,0.199309228474975,0.0482879097441207,0.23267171193587,0.231900243267379,0.118186710834953,0.204868914170588,0.391771274357567
"90",0.0496359083200911,0.0435374962723825,0.00198624296728082,0.0384615384615385,0.0675,0.0779750347137451,0.248768283702141,0.0927407493279838,0.0876136219297965,0.0470500073187978,0.0253728854083456,0.0970922654892976,0.0527102115146717,0.0910737988810539,0.0143589217354834
"91",0.7461268416662,0.855602838137154,0.919018664813391,0.777777777777778,0.86,0.855556488037109,0.971964097368195,0.919187412546494,0.882661222119373,0.872811553102247,0.97637770096271,0.893595557206844,0.879530009584938,0.850196912571343,0.98634663495435
"92",0.104372278955805,0.00497861911852312,0.0288837625589792,0.0384615384615385,0.03,0.00961190462112427,0.00711418868863922,0.05229395173554,0.0189398461856068,0.0470500073187978,0.0314299585651059,0.0207823749745905,0.0524695757039441,0.0514118326591793,0.0223700468237915
"93",0.662173896616837,0.641246760879913,0.94200354368893,0.375,0.705,0.892207190394402,0.957223869824295,0.760553135437578,0.646727918428203,0.605250081720279,0.820943212416215,0.79220585595426,0.726492716707174,0.617760915964064,0.7827483826858
"94",0.864787911609392,0.998655129927915,0.972908739180463,0.375,0.69,0.728885054588318,0.953167830872217,0.644696596032215,0.857483662136976,0.574037872163203,0.945633316345717,0.819123001901429,0.564947848805113,0.698020856993787,0.984817705851328
"95",0.0484197279931223,0.0446549358838044,0.00126564382747425,0.222222222222222,0.13,0.0335038304328918,0.107440568421858,0.130903582437252,0.304988489733514,0.0488355497137807,0.0419453913603762,0.146295717714134,0.0670136206016391,0.227445317666082,0.0309476150543151
"96",0.900807724325587,0.999921942778764,0.997939325974394,0.953488372093023,0.97,0.99770519300364,0.998724565235062,0.939915755176848,0.972309104224709,0.91791680541323,0.98937595148917,0.957207844101036,0.93333231985285,0.929440954889329,0.997888363023811
"97",0.827898859077835,0.998691884340986,0.986505937268134,0.777777777777778,0.875,0.933853223919868,0.96064938042,0.761713212576988,0.802651541197886,0.692092384992379,0.917190722283185,0.859586866311721,0.765252202494478,0.747455615983134,0.981249077418291
"98",0.728372373288446,0.00211937425217693,0.696945153401748,0.953488372093023,0.46,0.0587645769119263,0.313923743043478,0.52898821543854,0.624222436270788,0.720333134310375,0.346793523647126,0.468912551271909,0.460501024764632,0.242855511645794,0.226945760791593
"99",0.859985113605961,0.999961277474317,0.999408515623001,0.953488372093023,0.825,0.489692568778992,0.0828277043030988,0.865144078414006,0.931335375813767,0.90915489635189,0.854357680179383,0.622529132495155,0.905466287540156,0.875853241176869,0.912364733050606
"100",0.58356658214625,0.594474850541897,0.490404068258383,0.777777777777778,0.534,0.863870024681091,0.992558297451689,0.627501872958443,0.56942986076471,0.605250081720279,0.579558929822579,0.616892878046459,0.726492716707174,0.741559974023037,0.550768395465869
"101",0.489627254391531,0.437373289154164,0.51070145944983,0.375,0.29,0.0336552262306213,0.259066361738649,0.425086600522635,0.364481010367916,0.451354532124381,0.168598832563061,0.120681671219147,0.314789660784066,0.318608694257533,0.113571512238899
"102",0.074402554671169,0.0860646841298272,0.0247141365424142,0.222222222222222,0.1,0.00486898422241211,0.00214110758565314,0.0743097238834327,0.0390315369443892,0.100293564811308,0.171571283195012,0.0874385953368208,0.0950352912752451,0.0533766462620916,0.192110455654233
"103",0.579994933339064,0.938272956373265,0.5507256411538,0.375,0.448444444444444,0.669097304344177,0.902684099495404,0.581781995614954,0.528180880102258,0.486906218388966,0.73320936750117,0.670551033210512,0.518980375569798,0.368366447248335,0.839790513307246
"104",0.49760207039349,0.22042286472742,0.417886332042209,0.375,0.391111111111111,0.021649956703186,0.111239153228754,0.425086600522635,0.247421685774653,0.459240404497104,0.167412474013614,0.220902322076559,0.413252567309917,0.34305166038156,0.131557449121214
"105",0.350977085064056,0.209626034525088,0.506092059858925,0.222222222222222,0.637166666666667,0.514157384634018,0.142539722772138,0.490550027222418,0.510364221320389,0.415336713033467,0.274166341130363,0.255031682280187,0.563844945389662,0.536140677482695,0.537628848448851
"106",0.604926494852439,0.738733510367307,0.877992163787239,0.375,0.530595238095238,0.805763423442841,0.621615474495569,0.37045742667755,0.494076078166243,0.532127061711391,0.434031829848907,0.632174732176585,0.478591234206618,0.252335727808353,0.537708341174215
"107",0.885676369607509,0.984504821819278,0.988542931532504,0.953488372093023,0.876666666666667,0.976451890543103,0.993648393386305,0.914416690124857,0.936309300251793,0.870796471317407,0.955703117287853,0.919797272642154,0.89841876503614,0.94877870449126,0.975131502255079
"108",0.92535411415055,1,0.996349717459171,0.953488372093023,0.877,0.991103150881827,0.992383551923435,0.914416690124857,0.956051960052205,0.870796471317407,0.939836070686644,0.947260902103578,0.912623674292856,0.928659246134544,0.964167605386869
"109",0.121295569415719,0.0711411127157037,0.0572108150555032,0.0384615384615385,0.02,0.00226032733917236,0.00571237311511005,0.0927407493279838,0.0514370740815854,0.0470500073187978,0.0291235533261189,0.0562159655546243,0.0524692516614728,0.111026268226017,0.0229729080485666
"110",0.105523666556363,0.00770592798323769,0.00497217730779761,0.0384615384615385,0.07,0.00252383947372437,0.00283747656676645,0.0318715386016532,0.0189398461856068,0.0470500073187978,0.0151882297305487,0.0193084669436281,0.0525075017231842,0.0415908102070685,0.0123024440565682
"111",0.0373046746895637,0.00083111787877155,0.00125584074855727,0.0384615384615385,0.046,0.010033130645752,0.0992603546148324,0.0318715386016532,0.0172326017627824,0.0470500073187978,0.0101078719080648,0.090197419138129,0.0524666593893534,0.0327910587745692,0.00658220139466795
"112",0.897260047369359,1,0.991850905772695,0.375,0.72,0.859866052865982,0.64006621831314,0.752666225022473,0.887787268428097,0.564185187309419,0.837629760853155,0.705942006330813,0.620495967792733,0.761486950807405,0.893434797144887
"113",0.912587446823608,0.997359664271485,0.995708147680336,0.953488372093023,0.896666666666667,0.989415897987783,0.998634122462062,0.965199759550486,0.974325745018088,0.918309300600966,0.986535674448059,0.982612188418399,0.906902006830813,0.962922626678822,0.992240784955664
"114",0.731855822058653,0.957805886587403,0.952807563433253,0.953488372093023,0.6175,0.122356593608856,0.785590950693798,0.777146476686314,0.870929795499754,0.785303809366437,0.220658269666941,0.547767675682836,0.514880406948952,0.667702820875359,0.170319760368873
"115",0.0399376079016477,2.22044604925031e-16,0.000622008184407142,0.0384615384615385,0.02,0.0004311203956604,5.20332095715746e-05,0.0318715386016532,0.0172326017627824,0.0470500073187978,0.00970866336088991,0.0401910386894004,0.0525263122544401,0.0327910587745692,0.00483791752219895
"116",0.0893633480868212,0.00729923375871622,0.0113990321421644,0.0384615384615385,0.03,0.00497430562973022,0.0120771055692977,0.0459832131432665,0.0189398461856068,0.0488355497137807,0.14320745361566,0.0386026893554795,0.0670099530830169,0.0568095506348493,0.116180618980655
"117",0.140530034990769,0.00875953705660497,0.0452270391396644,0.0384615384615385,0.0862857142857143,0.0169745683670044,0.017458101865686,0.074749834823577,0.043608645115566,0.0470500073187978,0.0463191680702754,0.0410573853169909,0.0525016652660131,0.0491837039414537,0.0436573648803637
"118",0.0394924140859412,0.00198200599403734,0.00108859325218643,0.0384615384615385,0.06,0.0017629861831665,0.0021029833733661,0.0459832131432665,0.0490273488199161,0.0488355497137807,0.0485335272812528,0.031384852769835,0.0670026186039327,0.0479941397670822,0.0526632496358458
"119",0.749189867965002,0.101022222215183,0.906157868963563,0.953488372093023,0.72,0.96686016023159,0.755831100668889,0.853909866422718,0.650338806922894,0.788400757712463,0.573068233111854,0.852193073831698,0.893835396124101,0.818380316525663,0.344183928486081
"120",0.647210503311441,0.323169635583906,0.831577655133999,0.375,0.495,0.657373338937759,0.284354016428831,0.494963178119121,0.351696321448837,0.464352840280422,0.772984177876183,0.163437968336295,0.263302286001245,0.460743058649572,0.733943396360336
"121",0.0444671410892948,0.00428304435517421,0.00431001348400013,0.0384615384615385,0.0602857142857143,0.00240451097488403,0.0135581155669747,0.05229395173554,0.0429780461463287,0.0470500073187978,0.074904499152184,0.0494278739584311,0.0524666593893534,0.0398467747892085,0.0417538316727158
"122",0.0373357349582144,0.000692362024586094,0.000311474940236815,0.0384615384615385,0.01,0.00132244825363159,0.00161778252351294,0.0318715386016532,0.0172326017627824,0.0470500073187978,0.00957772710533259,0.0196095893866978,0.05248610437601,0.0249005909115692,0.00536630796344326
"123",0.0472334258139405,0.00266158076832523,0.00256302935903645,0.0384615384615385,0.01,0.0037040114402771,0.000826626165411202,0.0318715386016532,0.0172326017627824,0.0470500073187978,0.0104451682843969,0.0194046358395809,0.0525847303026616,0.030381990549471,0.00614954967322662
"124",0.826902803926551,0.90760350832625,0.967018768725709,0.953488372093023,0.8365,0.986475710757077,0.997899866758785,0.853909866422718,0.759353606312942,0.711258988245718,0.758860495678141,0.882085385001012,0.799526959302653,0.842189090073606,0.792889082342966
"125",0.895281110990314,0.993120619907381,0.940742508721957,0.953488372093023,0.991666666666667,0.998473313287832,0.999806283131519,0.949858512303018,0.965762511605735,0.930453847080453,0.989096583372266,0.967884472653631,0.944391362101673,0.940478454998873,0.994811985355156
"126",0.0518017189931681,0.0477616366317659,0.00949597577983503,0.0384615384615385,0.0452857142857143,0.0509777665138245,0.0790879201315266,0.0320690102583114,0.0429780461463287,0.0470500073187978,0.0646440247792386,0.044809154350169,0.0524666593893534,0.0428950260054241,0.0780698775273418
"127",0.905347097751528,0.999839332166478,0.978248408282743,0.953488372093023,0.79,0.927169069647789,0.949444059149885,0.9114838873828,0.89234495786001,0.78618270828365,0.936664179775111,0.944167087644681,0.818307290185585,0.920366255523388,0.966418315309965
"128",0.505922177519791,0.0237496986105791,0.623323755514174,0.375,0.174,0.0223385691642761,0.0517886891202287,0.236703998533395,0.247421685774653,0.532127061711391,0.167145450926281,0.0595483483893077,0.301349437573725,0.254166401574887,0.106665544607304
"129",0.0660053743102279,0.000380307818070156,0.0032447336592009,0.0384615384615385,0.1425,0.00729292631149292,0.000488590532990906,0.05229395173554,0.0421848710014336,0.100293564811308,0.0625739351269534,0.0319257416590039,0.095035851832947,0.0784996968064833,0.0505537033428064
"130",0.539740782358152,0.903508675136172,0.94136451443347,0.777777777777778,0.671428571428571,0.960451886057854,0.697471280081311,0.567274980047306,0.688240627223454,0.667945126871384,0.720389911443675,0.662422624618277,0.765252202494478,0.598919972008783,0.793611437928036
"131",0.946218894393434,0.999995412660034,0.999289790788551,0.953488372093023,0.97,0.995344638358802,0.996705746853449,0.965199759550486,0.982541401949175,0.949998809148279,0.997849304388383,0.985298160240033,0.954484811452429,0.957698121685283,0.999724886516664
"132",0.743767272192017,0.89005024450955,0.970989211404802,0.953488372093023,0.730666666666667,0.551455557346344,0.400362639766027,0.785553149729384,0.896880164075751,0.908055011277477,0.864226942039734,0.829362760856466,0.832312078703378,0.876359026720316,0.901046024992884
"133",0.1263178720288,0.0192265958649918,0.0338339101713507,0.0384615384615385,0.1,0.0254029631614685,0.00201974344564234,0.05229395173554,0.0238054791658461,0.100293564811308,0.247664264626034,0.0590067993874444,0.0950369729571381,0.0536204808101036,0.242893166145513
"134",0.913849647108768,0.999954904508632,0.991515039848984,0.375,0.695,0.707718521356583,0.900442160315382,0.496558247094195,0.822936665548588,0.464352840280422,0.981721922659535,0.520786007515335,0.407554981986913,0.376615475345863,0.994915777347714
"135",0.939282396439631,0.999681132017963,0.99640161327742,0.777777777777778,0.8,0.606819152832031,0.870938516541756,0.943353122148365,0.949122666940813,0.870747494388008,0.990289525831205,0.910933187296431,0.788475610946048,0.865083267509432,0.991758235551917
"136",0.0497132721147663,0.00064986998494498,0.00259227507341719,0.222222222222222,0.15,0.204952895641327,0.030851330285277,0.046263940582009,0.0851805145611236,0.0488355497137807,0.0351993082622652,0.0331144578401318,0.0670026186039327,0.0648493596005592,0.0157784505560445
"137",0.845980978166338,0.738387716239535,0.972502310943073,0.953488372093023,0.743214285714286,0.989351337775588,0.996100400445566,0.732518175466877,0.84410310344381,0.913388439218653,0.800934043204406,0.814168878038628,0.813494554072633,0.467733904971311,0.824817392124081
"138",0.0368158491721797,0.000283704948792329,0.000651550290442708,0.0384615384615385,0.1,0.0225704908370972,0.0059872795518418,0.074749834823577,0.0265308190169673,0.0488355497137807,0.0716667741449477,0.0629363834420214,0.0670026186039327,0.0721275727473826,0.088343692944141
"139",0.0440708675481492,0.000450060783430335,0.00109731714998838,0.222222222222222,0.01,0.00992095470428467,0.00307436006717833,0.0318715386016532,0.0172326017627824,0.0470500073187978,0.0100956652213484,0.0386105290877524,0.0524666593893534,0.0327910587745692,0.00634949433068909
"140",0.136291206272818,0.348755421630484,0.0503550534152115,0.0384615384615385,0.250285714285714,0.436308562755585,0.491194773761573,0.074749834823577,0.0821654858202032,0.100293564811308,0.27292946707626,0.0860658371235882,0.0950352912752451,0.114230062036519,0.412973088905665
"141",0.141903579450173,0.0814783202811102,0.0533806410290661,0.0384615384615385,0.140285714285714,0.197073578834534,0.100154754240842,0.0519786286157907,0.051006143435273,0.100293564811308,0.113511009689422,0.0185560595937244,0.280980214614594,0.146183511576695,0.14303293192982
"142",0.122359975641441,0.296594820536984,0.043359401320826,0.0384615384615385,0.141666666666667,0.147513508796692,0.052998454890896,0.0927407493279838,0.167938240534347,0.190300948291344,0.0355817472000688,0.0971258614444952,0.17127973117696,0.150759016682043,0.0178838902921009
"143",0.766197264312081,0.874732860960417,0.963570731004337,0.953488372093023,0.825714285714286,0.819918841123581,0.445103037783427,0.859172402979451,0.82231193440324,0.91691330824577,0.879644207286854,0.710889425672469,0.832559366934347,0.833663230051929,0.918459601888507
"144",0.507535477165923,0.0427462611256899,0.473225762388393,0.375,0.399,0.0838009119033813,0.258309461765026,0.236703998533395,0.369614430908929,0.518785778159469,0.18607338283887,0.176645966878191,0.332085006632046,0.196516622448135,0.189227475601113
"145",0.901892691749632,0.998348862658768,0.996912529794959,0.953488372093023,0.99,0.990965327247977,0.967341583064346,0.894774647680304,0.958102707905789,0.914838154524132,0.984866732918966,0.900924374190735,0.949901917667512,0.950957596126363,0.992248956152158
"146",0.767453399818803,0.892738759466571,0.977820613532477,0.953488372093023,0.873333333333333,0.66233292222023,0.493008075145217,0.834382565702179,0.931335375813767,0.91791680541323,0.937734569530407,0.780781254707988,0.84524173271205,0.846630243224341,0.9633062019959
"147",0.700303103185342,0.58690424393902,0.820721086188288,0.375,0.533333333333333,0.744980245828629,0.475372332085607,0.432145900078604,0.388148930881384,0.546414082629469,0.745061648410663,0.288380191976075,0.497849660859124,0.472296090607659,0.862576095004735
"148",0.0445362511817481,0.00313396189796362,0.00269872061528893,0.0384615384615385,0.02,0.00776517391204834,0.00311121799158701,0.0459832131432665,0.0172326017627824,0.0488355497137807,0.0495856958064755,0.0335883396730478,0.0670034335094542,0.0479941397670822,0.0486798069652727
"149",0.919600958376141,1,0.999985822890898,0.953488372093023,1,0.994134828448296,0.984971701454715,0.965199759550486,0.964831563830939,0.949114343369801,0.982011399617726,0.979430499220771,0.939360906594025,0.954122709096251,0.994274805729402
"150",0.0458535708560454,0.0125673990414672,0.00113770326719204,0.0384615384615385,0.05,0.00931000709533691,0.0113953908471764,0.0459832131432665,0.0172326017627824,0.0488355497137807,0.0501348964002579,0.0534896814926701,0.0670026186039327,0.0479941397670822,0.063797668688069
"151",0.133764933116833,0.00128433795488573,0.00755717048872164,0.0384615384615385,0.08,0.0051843523979187,0.00105810667099265,0.0519786286157907,0.0238054791658461,0.100293564811308,0.0694742690641314,0.0223123940159577,0.0950375335236322,0.0536204808101036,0.0503547372404856
"152",0.766129218166273,0.995794415020435,0.986037582947962,0.777777777777778,0.795,0.987574646249413,0.931330899753191,0.761713212576988,0.817550052061473,0.692092384992379,0.954096663980417,0.674791285024204,0.759142740192045,0.83226225532425,0.983464936835202
"153",0.12834052605295,1,0.108863342614947,0.0384615384615385,0.140285714285714,0.0569401383399963,0.0250196936245599,0.0927407493279838,0.119850408597425,0.0470500073187978,0.200765702611344,0.0795591005949825,0.052657188878985,0.13663035574373,0.309331767325786
"154",0.856637250191321,0.999930082191546,0.99581955020985,0.953488372093023,0.995,0.99361051665619,0.999050743415064,0.965199759550486,0.97059707484141,0.949114343369801,0.986168957993852,0.986503930688143,0.939360906594025,0.95455212860827,0.996283660930953
"155",0.9385229389914,0.999980318975737,0.998414422147034,0.953488372093023,0.97,0.995729773305357,0.99807329112588,0.940275092033163,0.94523766088223,0.91791680541323,0.990358104075112,0.962199014283798,0.93333231985285,0.917259129089693,0.998433019818993
"156",0.153248599411348,0.177284149061398,0.0520336613085703,0.0384615384615385,0.170285714285714,0.0625439286231995,0.0501808179752148,0.074749834823577,0.054459878112806,0.100293564811308,0.222275424169361,0.0723687813600628,0.0950470636050564,0.0669835673838227,0.293865091999266
"157",0.721210199277728,0.921195688410695,0.971523925920752,0.953488372093023,0.719714285714286,0.901680082082748,0.948220645672018,0.673851727987623,0.696772292467858,0.855516464780808,0.432983308025227,0.704864911607333,0.780799819874188,0.787033777330658,0.459632518320554
"158",0.868956721204331,0.993909444165809,0.989560663307448,0.953488372093023,0.572666666666667,0.81920975446701,0.530111814644003,0.900521172917636,0.802748623860254,0.783062229383873,0.762549682738774,0.928535561337495,0.765368098758961,0.850593780211771,0.815383289072622
"159",0.73103479145878,0.996310625896186,0.922482759727376,0.375,0.519166666666667,0.616016954183578,0.607165742446744,0.644696596032215,0.495311736627495,0.574037872163203,0.931673825545388,0.707977978758895,0.634804776908565,0.456259795528853,0.984731930923723
"160",0.805330957804212,0.771390055049178,0.924803934434406,0.953488372093023,0.930714285714286,0.988003432750702,0.989514560147843,0.859172402979451,0.824267519546828,0.887839695810083,0.921092864294089,0.865709492024069,0.886768721116334,0.926773844433014,0.96292691853127
"161",0.730584554349712,0.971095686505293,0.899266319068959,0.777777777777778,0.868214285714286,0.804035395383835,0.939875822377433,0.859172402979451,0.694650926685247,0.88273596233071,0.821054943928739,0.931712912096749,0.788452781907629,0.711224955398859,0.82934249727029
"162",0.532399572221633,0.376234987762771,0.692852951566394,0.777777777777778,0.561428571428571,0.553520917892456,0.558574248025368,0.567274980047306,0.380879506762414,0.667945126871384,0.49305777054085,0.599516422872448,0.765252202494478,0.63231856218707,0.503627199800792
"163",0.0418079053407673,0.000396644709936635,0.00167281905884674,0.0384615384615385,0,0.0240601301193237,0.0181349175759517,0.0519786286157907,0.0172326017627824,0.0470500073187978,0.010120753006463,0.167994096965669,0.0524666593893534,0.0327910587745692,0.00547683210676388
"164",0.553166434455838,0.917231927745388,0.752476706282338,0.375,0.639,0.316791772842407,0.91209861951134,0.487214400106173,0.538466062265812,0.574037872163203,0.331675620828122,0.326086635348958,0.504636718456051,0.787942289024141,0.339218501244753
"165",0.0375025461312824,0.00789038465498402,0.00275038304495966,0.0384615384615385,0.0102857142857143,0.00549900531768799,0.0101878965335779,0.0459832131432665,0.0681267121829321,0.0488355497137807,0.0703133515942625,0.0139132369873316,0.0670030260555548,0.060044014030075,0.0962345761853714
"166",0.516825750386207,0.888503684614557,0.832001246045712,0.777777777777778,0.47,0.180265963077545,0.0357386981172057,0.542714062942055,0.354840058400335,0.591155393172301,0.852120895529385,0.405750109709668,0.538172768488709,0.421233890556118,0.918697122338762
"167",0.793590394570902,0.905031190710158,0.975358229522978,0.953488372093023,0.821666666666667,0.908037759363651,0.951913631725732,0.919187412546494,0.959901919515471,0.909585161327085,0.9645402085269,0.865982990176806,0.906935019853289,0.91738243349358,0.976213464392179
"168",0.0597818392485529,1,0.0226821498360754,0.222222222222222,0.346285714285714,0.820412397384644,0.899870282337961,0.146273520782938,0.210948510008497,0.100293564811308,0.132434263523946,0.469048014524092,0.280752464888138,0.438672760987172,0.162921771135572
"169",0.731429435350971,0.53443302305301,0.936468151914323,0.777777777777778,0.664,0.136453330516815,0.731613351102716,0.768321604876797,0.426360237743419,0.737022673934423,0.653961703278534,0.75201839443086,0.765977604678387,0.707675114614623,0.648378611399011
"170",0.795388613002056,0.99999712543696,0.979965240751427,0.777777777777778,0.8275,0.97066686861217,0.999259162624473,0.908472594796096,0.930467994307637,0.696013419214318,0.970432666313528,0.937954037625635,0.868772816239786,0.835545292191133,0.991194684804775
"171",0.0430142296288472,0.000447355138471219,0.00593671944686064,0.0384615384615385,0.000285714285714286,0.00580781698226929,0.00330849056072143,0.0318715386016532,0.0242618319368239,0.0470500073187978,0.013861763675265,0.0170691120839858,0.0524666593893534,0.0313432676322555,0.0094411071099914
"172",0.957210515008041,0.999941340866722,0.997406800418944,0.953488372093023,0.99,0.992041910067201,0.999449892169909,0.940275092033163,0.978729159599791,0.919297421350184,0.989928974091974,0.975503672109252,0.949966084273887,0.958403037056021,0.997438355241595
"173",0.476196151351551,0.140565641523299,0.463620779878991,0.375,0.338333333333333,0.500867635011673,0.0945916625566284,0.488808666690514,0.344321751497761,0.546696285116836,0.15765878330245,0.518175604685467,0.510096276578433,0.551533823360907,0.104294224727211
"174",0.900843753973017,0.998189857086992,0.996298896497532,0.953488372093023,1,0.997977621620521,0.999322552813963,0.895373901823314,0.935982195982752,0.914838154524132,0.98658049117032,0.938647009002815,0.949514340915872,0.923531358311224,0.994800847562152
"175",0.895425511754282,1,0.999951632455827,0.953488372093023,0.865714285714286,0.986483285203576,0.993682002191823,0.899318907882511,0.907125162379551,0.949114343369801,0.957924977978404,0.951349361469115,0.939360906594025,0.897955098121978,0.97842938994779
"176",0.815815141467881,0.941234972557778,0.953740457364999,0.953488372093023,0.914666666666667,0.976083239540458,0.994174322620494,0.949858512303018,0.959651766970253,0.918309300600966,0.984544328513085,0.96731368735781,0.906957022698285,0.938833891662579,0.991929818765829
"177",0.0521649069456455,0.000209504010466588,0.00237753978942076,0.222222222222222,0.0466666666666667,0.00274413824081421,0.000664925795203038,0.0320690102583114,0.030696876983075,0.0470500073187978,0.0386870367636432,0.0244814686793099,0.0524666593893534,0.0259501899839376,0.0258204084455252
"178",0.819670047733908,0.205561036220925,0.952474282758597,0.953488372093023,0.945,0.958747308701277,0.977815634008624,0.914416690124857,0.954713209808059,0.913794081828965,0.755842627922965,0.927759965046426,0.928807318592148,0.912579267074593,0.748037433222198
"179",0.0806437951694844,0.634073032684238,0.00548128160322909,0.0384615384615385,0.188690476190476,0.152402818202972,0.17844206280859,0.145478506500197,0.138044495234067,0.0482879097441207,0.0581124167343789,0.0926006247201349,0.11774183121302,0.172447300945693,0.0916245918314194
"180",0.259165422295609,0.923853417955126,0.0655919981185077,0.222222222222222,0.2725,0.0448911786079407,0.0401225357446693,0.074749834823577,0.284574817522143,0.100293564811308,0.466091627341834,0.172894344373251,0.0950352912752451,0.209835797499274,0.727477027855878
"181",0.972282951993861,0.999992032883215,0.994305585686856,0.953488372093023,0.935,0.998582951724529,0.99796343050728,0.965199759550486,0.949179505275164,0.930453847080453,0.975393246304065,0.986178110573824,0.945622572883721,0.93887939844997,0.971832902102939
"182",0.726395287265967,0.0578732380726617,0.836163897196249,0.953488372093023,0.68,0.546220302581787,0.694745957004725,0.653072146083659,0.65194657577385,0.776144795537348,0.360735087380595,0.72665219154383,0.760454281459984,0.574317612133166,0.304205260268249
"183",0.0603116275988324,0.000129371268602178,0.00292079726642268,0.0384615384615385,0.0728571428571429,0.0192391872406006,0.00130869214614527,0.146273520782938,0.125867313066376,0.0470500073187978,0.0348697180241981,0.101024625903707,0.0531217840863692,0.138900026990683,0.020794704527122
"184",0.0374422681374876,0.000132752769845299,0.00151718788799528,0.0384615384615385,0.036,0.000458717346191406,0.000231714471517424,0.0318715386016532,0.0172326017627824,0.0470500073187978,0.00903991468805748,0.0106603571083554,0.0524731402957251,0.0249005909115692,0.00430881898597005
"185",0.912004004968462,0.999841355110507,0.985488128901476,0.953488372093023,0.936666666666667,0.989257477223873,0.994962068950178,0.965199759550486,0.949648950205443,0.918309300600966,0.98721744292201,0.981873682358775,0.908243693635916,0.938833891662579,0.994329094568051
"186",0.0476374273335908,0.0204477908992875,0.00582139237828112,0.0384615384615385,0,0.00168752670288086,0.000604509576427127,0.0318715386016532,0.0172326017627824,0.0470500073187978,0.010739869496493,0.016464495993436,0.0524673074461282,0.030381990549471,0.00856551993617807
"187",0.0427234871031158,0.0290537912528186,0.00581347183654255,0.0384615384615385,0.0702857142857143,0.00499022006988525,0.00573126669213522,0.0743097238834327,0.0681267121829321,0.0488355497137807,0.0929049466934442,0.0308999855892077,0.0670034335094542,0.101283500146354,0.0875565561981105
"188",0.0400828883876166,0.108324967996281,0.00131474880906583,0.0384615384615385,0.300833333333333,0.0223458409309387,0.018980639597439,0.0932790211061253,0.275135457287202,0.203415730812131,0.0448768681517209,0.102518127991769,0.193748688599051,0.258413421267441,0.0457738482679314
"189",0.744534132996749,0.979152938919219,0.973041017580524,0.953488372093023,0.86,0.875321954488754,0.90874584161413,0.751551566303182,0.913385544784936,0.90915489635189,0.878917977848218,0.748306927768327,0.883633795694356,0.743543144406601,0.935550538714141
"190",0.942092479206832,0.99973794036016,0.996839341213212,0.953488372093023,0.966666666666667,0.998641685699113,0.99992960567252,0.965199759550486,0.984127959056532,0.949998809148279,0.99151213422972,0.981674853578619,0.954564877837233,0.956219182628192,0.996878469309048
"191",0.0432433656467984,0.00129005530301333,0.00181994579623951,0.0384615384615385,0.0293333333333333,0.00273066759109497,0.00140215898059517,0.0318715386016532,0.0172326017627824,0.0470500073187978,0.00962117671698314,0.0190822441654164,0.0524669834168045,0.0249005909115692,0.00569674065757965
"192",0.886563103726526,0.99930439298627,0.980481573449058,0.953488372093023,0.986666666666667,0.999470255745109,0.999862557841933,0.940275092033163,0.948324897104314,0.919297421350184,0.987222819961837,0.972909931004789,0.949675629938861,0.937545520338978,0.995585668053991
"193",0.761645171134676,0.782350502068447,0.977656050727802,0.953488372093023,0.616666666666667,0.404035270214081,0.293590851235985,0.860779855798291,0.822659493964944,0.859170981623418,0.706195817500391,0.856116461847003,0.874204951059177,0.721343754714385,0.688623191027775
"194",0.532171680400179,0.0330718701111903,0.637819906877609,0.777777777777778,0.48,0.974056581035256,0.265404209475959,0.657458359899196,0.647231997019586,0.667945126871384,0.42293112207741,0.597004531977481,0.704876969646303,0.592690705106886,0.314584624698355
"195",0.849790338071617,0.997164258291294,0.994064359757543,0.953488372093023,0.84,0.982102824375033,0.981563569876951,0.943353122148365,0.917966351615987,0.908055011277477,0.970393634071103,0.94680765396353,0.879031741988239,0.920322279912449,0.989972391929258
"196",0.350977085064056,0.398328029756727,0.41837943650708,0.222222222222222,0.561333333333333,0.298581421375275,0.0267780581759169,0.490550027222418,0.510364221320389,0.415336713033467,0.29193955843488,0.34617650702471,0.419585289884042,0.536140677482695,0.559089815380989
"197",0.0553170384972347,0.00788628644375108,0.00638226414881699,0.0384615384615385,0.0875,0.00555264949798584,0.000293853371924817,0.0927407493279838,0.0876136219297965,0.0470500073187978,0.0609192359671536,0.0863646419557824,0.0527294161821309,0.0978098304739898,0.0645718637429524
"198",0.278121380264597,0.991080301051437,0.089704021926601,0.0384615384615385,0.182785714285714,0.324835181236267,0.850261250026863,0.146273520782938,0.234772369507361,0.0482879097441207,0.617082411444936,0.245728625610687,0.119102718769259,0.262705198298484,0.847728027306168
"199",0.0480442600589108,7.95246668759927e-05,0.00191023261106515,0.0384615384615385,0.0333333333333333,0.000751316547393799,0.00116933690930242,0.0318715386016532,0.0265308190169673,0.0470500073187978,0.00930665360287624,0.0173598785914871,0.0524666593893534,0.0249005909115692,0.00473620332274241
"200",0.102343253035012,0.0026169141279465,0.00720695450482377,0.0384615384615385,0.0402857142857143,0.00477808713912964,0.000716984146552422,0.0318715386016532,0.0266465847014642,0.0470500073187978,0.0535665065817947,0.0194090573515077,0.052468927620884,0.0471545505523384,0.0688918039112422
"201",0.0484520543951592,0.184456779458655,0.00867954424293614,0.0384615384615385,0.1725,0.00709235668182373,0.00206500723667006,0.0927407493279838,0.196276401303282,0.203415730812131,0.0155767341574708,0.0563765613168143,0.193749706751235,0.243603332583254,0.0158814969195691
"202",0.710971366733774,0.84663185528021,0.932944631336099,0.953488372093023,0.710714285714286,0.961636751890182,0.938453365544178,0.775937287143045,0.703594141798275,0.90915489635189,0.519793566278907,0.65272742270154,0.883633795694356,0.773844986439175,0.574811143706143
"203",0.771186086325686,0.545377850434963,0.916064582031222,0.953488372093023,0.84,0.992629221640527,0.994685163292382,0.914416690124857,0.931180858000476,0.889151885118448,0.816559221468073,0.860141289320484,0.937904926660013,0.913446570233762,0.805471694902903
"204",0.0436124182711091,0.000294384599979001,0.00152305884347148,0.0384615384615385,0.04,0.00347357988357544,0.000432700937747024,0.0519786286157907,0.0189398461856068,0.0470500073187978,0.0132243094548272,0.0428651147259594,0.0524666593893534,0.031713409681067,0.00623769219470163
"205",0.879250602837134,0.998977907523399,0.999088818799054,0.953488372093023,1,0.991166650317609,0.968051252639575,0.965199759550486,0.964831563830939,0.949114343369801,0.978910740568544,0.979430499220771,0.939360906594025,0.921151509545943,0.991716413231587
"206",0.0468317241001859,0.000910715764582888,0.00270058148193752,0.0384615384615385,0,0.00116652250289917,0.000159664216738271,0.0318715386016532,0.0172326017627824,0.0470500073187978,0.00984523773188192,0.0295562828684026,0.0524666593893534,0.0249005909115692,0.00613600017405038
"207",0.0380742057897364,2.22044604925031e-16,0.00157065102505002,0.0384615384615385,0.03,0.000996887683868408,0.00116510714197951,0.0318715386016532,0.0172326017627824,0.0470500073187978,0.00897232609341558,0.0170691120839858,0.0524666593893534,0.0249005909115692,0.00342524833945979
"208",0.0404753026153234,0.00384374597339329,0.000532192669026888,0.0384615384615385,0.05,0.0397061109542847,0.0472177769347288,0.0320690102583114,0.030696876983075,0.0470500073187978,0.0399856935352444,0.103783879924603,0.0524666593893534,0.0341616013334175,0.0236713315667996
"209",0.852316049356856,2.22044604925031e-16,0.947432634693013,0.953488372093023,0.793333333333333,0.987727141007781,0.627537255826889,0.943353122148365,0.955217028579983,0.943477531322107,0.85774778218852,0.959688001718621,0.913776303708167,0.935826312706349,0.876990762495513
"210",0.916972906783707,0.999994658798271,0.968766273269036,0.777777777777778,0.876,0.994737939909101,0.999242167053863,0.895373901823314,0.864025996363795,0.739581765721986,0.788030406409633,0.939170092331458,0.868871760661163,0.852233739657409,0.711145584508701
"211",0.701407916346509,0.804161638825555,0.910372729853342,0.375,0.690833333333333,0.836649283766747,0.92778463438283,0.643233659530926,0.768801696557185,0.574037872163203,0.667585338778869,0.733821663500553,0.762072565465493,0.81229864555011,0.811041952802789
"212",0.0740095116657508,0.0028947321592585,0.00534169191163285,0.222222222222222,0.12,0.02003413438797,0.0110822934482063,0.05229395173554,0.0365184474084896,0.100293564811308,0.0908641957804681,0.0748591854487718,0.0950352912752451,0.0754893682915096,0.061174290926728
"213",0.751175056674163,0.999997488700957,0.925371324825461,0.375,0.577857142857143,0.931904301047325,0.677037736847573,0.676562154679426,0.795466879440777,0.536721575616208,0.754631492398298,0.505627610679916,0.575999591029509,0.895643064725772,0.824917991579274
"214",0.852975120748944,0.726996110107286,0.957987253715035,0.953488372093023,0.83,0.922083809971809,0.335762505682687,0.894774647680304,0.93284802954249,0.861869876320803,0.798907171064768,0.804047090105075,0.672175922804791,0.698668505163303,0.850593624498179
"215",0.835640592874502,0.966653062395582,0.988841975974398,0.953488372093023,0.81,0.806809842586517,0.981351612909717,0.900521172917636,0.914245821773436,0.78618270828365,0.884242811760803,0.927450414593025,0.813958988320499,0.927444526446295,0.880176097393393
"216",0.0537427968751627,0.0617731696153046,0.00451016367621393,0.0384615384615385,0.0827857142857143,0.036051869392395,0.120039653154447,0.0459832131432665,0.043608645115566,0.0470500073187978,0.0362650501324214,0.0509534541951418,0.052532800120279,0.140984786228242,0.0313317575217101
"217",0.530906411210666,0.930458412549239,0.72607823913237,0.375,0.33,0.0347338318824768,0.428713106889844,0.519819611243894,0.538466062265812,0.546696285116836,0.210746424286757,0.475612448119904,0.280065978567646,0.315184786131486,0.272957402970285
"218",0.231561775921589,0.00842622785029206,0.126793392623033,0.0384615384615385,0.165,0.031619131565094,0.00141162136906578,0.130179367526266,0.0828366903004011,0.0470500073187978,0.0715034437662444,0.0774053474896544,0.0524676314773257,0.069964154871297,0.0524186388401872
"219",0.842946262803238,1,0.999850893633269,0.953488372093023,0.783333333333333,0.96398288756609,0.319159887974227,0.903778858838058,0.906154943514875,0.90915489635189,0.944114636990013,0.857123799606611,0.905394851340741,0.925870421094202,0.968220141642516
"220",0.785934907783599,0.791051152610615,0.950195542166218,0.953488372093023,0.753238095238095,0.980034198611975,0.79207752184048,0.853112084253703,0.669987526775465,0.711258988245718,0.904842584080668,0.872653959200798,0.79815490178142,0.817676606411324,0.946057767797791
"221",0.0440380972307273,0.000961631946187388,0.00196207401756002,0.0384615384615385,0,0.00400727987289429,0.00251093492899451,0.0318715386016532,0.0172326017627824,0.0470500073187978,0.010084186123019,0.00867389221076318,0.0524844837005323,0.0327910587745692,0.00539773060129545
"222",0.814396769737269,0.996385248123045,0.971535187494766,0.375,0.645,0.830867022275925,0.961700159678222,0.753852146206367,0.795466879440777,0.564185187309419,0.983968269320448,0.73495553173934,0.620310407392378,0.765902181890798,0.997427189187297
"223",0.687902622783174,0.649896238613964,0.928153798311578,0.375,0.503333333333333,0.845556631684303,0.895985328580358,0.494963178119121,0.719782609044385,0.55963957331474,0.633757611618578,0.185756799533662,0.520557254848237,0.552579789950212,0.723537701979619
"224",0.915312819923233,0.999999840281804,0.994165688287284,0.777777777777778,0.712857142857143,0.984786837361753,0.999239174950259,0.843638219696965,0.873239239015309,0.65897414135672,0.976717173474376,0.907456398154645,0.704966035793404,0.868177843130099,0.994182273774969
"225",0.0512824413745888,1,0.509108396535851,0.0384615384615385,0.17,0.0242244005203247,0.00631863742655862,0.046263940582009,0.0851805145611236,0.0488355497137807,0.0976811086848262,0.0204581228154966,0.0670075081741019,0.0586747855944102,0.0748024491495076
"226",0.0542070925878476,0.0256398137433143,0.00200119247917729,0.222222222222222,0.136666666666667,0.154667615890503,0.0638664855099621,0.074749834823577,0.0365184474084896,0.103879433430683,0.107436676313992,0.156459864991145,0.119872921154221,0.118287917517054,0.132345981356063
"227",0.0454098505080841,0.0155046591770827,0.00179415815380825,0.0384615384615385,0.0366666666666667,0.00100916624069214,0.000791367340777803,0.0927407493279838,0.0189398461856068,0.0470500073187978,0.0107723111835575,0.0563765613168143,0.0524669834168045,0.0910737988810539,0.00846996958780367
"228",0.350977085064056,0.0282630416917443,0.623346960108166,0.222222222222222,0.5885,0.665444821119308,0.31095852056756,0.585026411876655,0.510364221320389,0.424867377595467,0.600401153198516,0.528031310051163,0.626398027106095,0.620202894779324,0.769275154439981
"229",0.129799310485663,0.362338809396132,0.102655043613487,0.0384615384615385,0.125,0.0357258915901184,0.242171078788222,0.145478506500197,0.0876136219297965,0.0470500073187978,0.399647009968161,0.139859109987635,0.0528894945628634,0.1190447503087,0.618137884284543
"230",0.938016819760724,0.999761143037676,0.9957264568984,0.953488372093023,0.9,0.969655241817236,0.998383815404998,0.904332316978273,0.956323415052218,0.857784025387063,0.980999242567055,0.954876947222736,0.898027292717319,0.909664160678635,0.996987958102157
"231",0.0828958205713414,0.0138937453567417,0.00123056578155111,0.0384615384615385,0.0486904761904762,0.0431665182113647,0.0288041990889772,0.146273520782938,0.234772369507361,0.0482879097441207,0.039968199601616,0.101590298588688,0.118385204281059,0.171176440075289,0.0388653921910104
"232",0.860576560830124,0.971021959501999,0.989877508497699,0.953488372093023,0.895,0.971570316702127,0.999489249111204,0.949858512303018,0.952159063187831,0.918309300600966,0.98141553796914,0.929841737632819,0.907035095099432,0.944880923264238,0.985452514120982
"233",0.56170421509799,0.580723328935457,0.604009389550192,0.777777777777778,0.75,0.915043666958809,0.837136654384848,0.627501872958443,0.667589091612398,0.667945126871384,0.685221065966898,0.573460626481018,0.843181720188983,0.598919972008783,0.745782546633908
"234",0.84178011900173,0.27674184775216,0.950471522155315,0.953488372093023,0.965,0.993471655063331,0.980489410680199,0.914416690124857,0.973912303750319,0.919297421350184,0.930022267018728,0.9119761608279,0.949484025244986,0.950924114066434,0.937549286010672
"235",0.180784199271225,0.0146824972918859,0.03522502451353,0.0384615384615385,0.17,0.0535820126533508,0.0827130693538094,0.074749834823577,0.114646783153891,0.103879433430683,0.272253069268844,0.115465118497138,0.119879797849362,0.161489280528027,0.288882609024211
"236",0.500446303839458,0.17171837413711,0.863200894328052,0.375,0.5,0.69884181022644,0.54240649441915,0.37045742667755,0.34932731195989,0.532127061711391,0.558596149251294,0.203101441496101,0.473050438350928,0.311813973590872,0.607004010763938
"237",0.854775876861337,0.848663841588681,0.93399049531259,0.953488372093023,0.87,0.997665585950017,0.996903520515147,0.965199759550486,0.970154747110148,0.944454239068354,0.97447132695164,0.983520263877739,0.954314614763414,0.967587550008492,0.987031064097707
"238",0.700295780253415,0.971119103310267,0.950402524895027,0.375,0.755,0.93474405258894,0.79476109443952,0.643233659530926,0.620441094346514,0.574037872163203,0.896478103238514,0.741995613891285,0.746583823409518,0.460731261836013,0.962312157014844
"239",0.0739249748445829,0.00223221879026757,0.00372597077807213,0.0384615384615385,0.255,0.00508898496627808,0.166598906430211,0.074749834823577,0.059381141090552,0.100293564811308,0.128996752419094,0.0954539980371727,0.280773523725183,0.0660175661949575,0.0589489180781238
"240",0.774121336745332,0.938750600994895,0.971420702426804,0.953488372093023,0.936666666666667,0.960606798529625,0.93806367213173,0.859172402979451,0.952838943433331,0.91691330824577,0.95665865036988,0.84440280917423,0.832332090792731,0.834021615462835,0.980661137871623
"241",0.961041863299128,0.999938209208842,0.999078368942237,0.953488372093023,0.996666666666667,0.99816013185773,0.999337474841627,0.965199759550486,0.982541401949175,0.949998809148279,0.991303506985379,0.98492034211784,0.954140960374197,0.963463190349341,0.997872316430574
"242",0.0537041241451373,0.0285779619604079,0.00785578337123913,0.0384615384615385,0.0352857142857143,0.0294314026832581,0.0193197458505624,0.0320690102583114,0.0429780461463287,0.0470500073187978,0.0635838279667136,0.0282632654918961,0.0525805091663014,0.0428950260054241,0.072119202408414
"243",0.519060081148584,0.568181308588654,0.812143543388958,0.375,0.491428571428571,0.552566140890121,0.382969878173903,0.425086600522635,0.475638037931,0.546696285116836,0.248067512432657,0.669994120528783,0.736698542622928,0.662433096658132,0.28999260167753
"244",0.0975918682577507,0.00251214411015155,0.00265439575459631,0.0384615384615385,0.04,0.0044940710067749,0.00422585363012167,0.0519786286157907,0.0189398461856068,0.0470500073187978,0.0459408319569754,0.0378723236311011,0.0524669834168045,0.041993052958686,0.0244114052188655
"245",0.628541429741611,0.984908586092332,0.946895784809527,0.777777777777778,0.779,0.940565515309572,0.960507176214388,0.71151659088386,0.739412620601565,0.692092384992379,0.788772238816619,0.570749968538648,0.765252202494478,0.646101714236263,0.900476120549208
"246",0.890409007488291,0.999841562776416,0.9511764711743,0.777777777777778,0.82,0.796955272555351,0.973275757057552,0.853112084253703,0.945864424324801,0.867685700523137,0.937953865120811,0.766732030485618,0.819352609321822,0.862951424904816,0.980268422558421
"247",0.839240129956795,0.892749054264938,0.963681149762506,0.953488372093023,0.735,0.997381988912821,0.948687095792172,0.965199759550486,0.921762888791993,0.922917814813678,0.960646087364385,0.982848242930626,0.943766480293002,0.953016494226707,0.970520770384184
"248",0.846724999576097,0.996251841128698,0.992476336447509,0.953488372093023,0.99,0.995919765904546,0.99761589421708,0.914416690124857,0.973912303750319,0.919297421350184,0.982243484468158,0.934893445807724,0.949630755203889,0.923531358311224,0.990408585236468
"249",0.0431421441087648,0.00122230625558017,0.00108181077121571,0.0384615384615385,0.04,0.0007438063621521,0.000251613521174906,0.0743097238834327,0.0490273488199161,0.0488355497137807,0.0616326817370583,0.0310735094156201,0.0670030260555548,0.0740267243625163,0.0493337360033086
"250",0.559743198795272,0.214833603093143,0.564524802085802,0.375,0.434166666666667,0.262744009494781,0.836192674428885,0.487214400106173,0.47330547342542,0.478966059506882,0.236810032866159,0.452051209386289,0.592400715810085,0.575268929382744,0.166421536827909
"251",0.0359301718896972,0.000187642501358875,0.00292327209260293,0.0384615384615385,0.0202857142857143,0.00850158929824829,0.0161568009246741,0.0318715386016532,0.0242618319368239,0.0470500073187978,0.0140522091006892,0.0170691120839858,0.0524666593893534,0.0313432676322555,0.00995347430984785
"252",0.0456874674640162,0.00621694383103028,0.0137544955108001,0.0384615384615385,0.01,0.0030704140663147,0.00094575451221482,0.0318715386016532,0.0172326017627824,0.0470500073187978,0.0354514008173946,0.0104859060153599,0.0524809183808755,0.0308742436103975,0.0258179408058976
"253",0.469714684872559,0.0254864329666868,0.385444821756529,0.375,0.250111111111111,0.117030203342438,0.00433631331202653,0.28669268962739,0.247421685774653,0.444715338248318,0.239240425158735,0.221499645199698,0.323636772058279,0.36612559577253,0.262423475237577
"254",0.0810385808560799,2.22044604925031e-16,0.0339849435604719,0.222222222222222,0.21,0.038591206073761,0.0132639860000324,0.0519786286157907,0.0365184474084896,0.100293564811308,0.127002065238716,0.0633222308759065,0.280752464888138,0.216670556885655,0.172710647947503
"255",0.874702713555832,0.937039933906233,0.774536497056134,0.953488372093023,0.93,0.99386166036129,0.998563409496304,0.895373901823314,0.83644307160034,0.877606234889677,0.977950500356805,0.946907829508085,0.934431078150874,0.907219283344713,0.982398100029019
"256",0.893392420723257,0.999638892596975,0.999358461105352,0.953488372093023,0.98,0.995783743448555,0.987693058411327,0.899318907882511,0.975200905363714,0.949114343369801,0.981233342648326,0.951349361469115,0.939360906594025,0.916512817585387,0.992341473321482
"257",0.753446751428694,0.982599759380923,0.880785320331797,0.777777777777778,0.786666666666667,0.755622088909149,0.820548822147761,0.914416690124857,0.84807694438992,0.821345341323811,0.840468959130461,0.899421566125325,0.868758608007987,0.896909848302194,0.906344398281842
"258",0.149262072920533,0.035336152808667,0.05089039521025,0.0384615384615385,0.06,0.014703094959259,0.00413467202976581,0.0459832131432665,0.0311531452598947,0.0470500073187978,0.0820229288008995,0.0333067192120291,0.0524669834168045,0.0375879456209069,0.100985931016994
"259",0.0468988748269376,0.00315533386273465,0.00307144266881979,0.222222222222222,0.135,0.00678414106369019,0.000177590502113229,0.0519786286157907,0.0238054791658461,0.100293564811308,0.0135120180818703,0.0421654834955782,0.0950352912752451,0.0434797994413495,0.00842661534417789
"260",0.774199175226413,0.900497926055504,0.947217802387038,0.953488372093023,0.88,0.965414706617594,0.99492217871575,0.774825987656144,0.954713209808059,0.91791680541323,0.761411962948223,0.836043383119394,0.883633795694356,0.895862438833569,0.782863505489877
"261",0.0402966467984901,1,0.00724572569071599,0.0384615384615385,0.04,9.918212890625e-05,5.75378075978185e-05,0.0318715386016532,0.0172326017627824,0.0470500073187978,0.0103409688952231,0.00981706262765119,0.0524673074461282,0.0327910587745692,0.00753402490469292
"262",0.0667078456371957,0.00805320734199906,0.0101685090110779,0.0384615384615385,0.0452857142857143,0.00855457782745361,0.0146833924859006,0.0459832131432665,0.0397678836548562,0.0470500073187978,0.0382428627880494,0.0333149449157322,0.0524708718926841,0.045287180596651,0.0525279533973584
"263",0.0460102870274126,0.0102938582473244,0.00299192303222791,0.0384615384615385,0.0133333333333333,0.0050586462020874,0.00312540580356935,0.0318715386016532,0.0172326017627824,0.0470500073187978,0.00960913746120231,0.020625363348488,0.0524883734010975,0.0249005909115692,0.00556413035767675
"264",0.850376160167066,0.94916350394849,0.991896048517025,0.953488372093023,0.99,0.997818876057863,0.997745005068294,0.965199759550486,0.967702369136557,0.949114343369801,0.943907174751687,0.979430499220771,0.939360906594025,0.954122709096251,0.971535244481119
"265",0.0514409224321293,0.00711633372287157,0.0117312975237371,0.0384615384615385,0.04,0.0104034543037415,0.0235990324149454,0.0320690102583114,0.030696876983075,0.0470500073187978,0.0350608442629715,0.055753242966472,0.0524666593893534,0.0341616013334175,0.0201696945637081
"266",0.557207970750029,0.0303278967408177,0.504511056541109,0.375,0.2525,0.075824499130249,0.236467284999957,0.551857964399298,0.666274466626485,0.574037872163203,0.310892995110788,0.299137338877096,0.433810300380463,0.422958462962206,0.252450544114331
"267",0.0418603630996516,0.000238868513146472,0.000663803995540755,0.0384615384615385,0.00333333333333333,0.00322097539901733,0.000462110163945708,0.0318715386016532,0.0172326017627824,0.0470500073187978,0.00949733593548801,0.0190822441654164,0.0524669834168045,0.0249005909115692,0.00542349312803234
"268",0.758919191506105,0.468817833040095,0.965790335512146,0.953488372093023,0.724,0.807838097214699,0.355403289997496,0.777146476686314,0.839903593161332,0.788400757712463,0.556126154747304,0.575233397786187,0.723995624967098,0.63698117001446,0.520065123291862
"269",0.92440820396367,0.999197519103616,0.996793522626508,0.953488372093023,0.88,0.890362948179245,0.943398500689667,0.904332316978273,0.941869152053184,0.855516464780808,0.961617382240363,0.969318276697747,0.867849157649533,0.958699705911701,0.979377795518386
"270",0.66203894529122,0.236028541971274,0.808819403046636,0.375,0.57,0.422093629837036,0.692030380654605,0.643233659530926,0.620441094346514,0.478966059506882,0.409024268035047,0.573120484030144,0.630186642965055,0.447944956829267,0.253637153212498
"271",0.122789539151252,0.0240455657546625,0.0357289655890816,0.0384615384615385,0.120285714285714,0.0141769647598267,0.0145394704764103,0.05229395173554,0.0308302453017273,0.0470500073187978,0.183830118252763,0.0562194375091307,0.0524682795453484,0.064261864385495,0.23220805271888
"272",0.0487840914981149,0.018662980564481,0.00714844276593113,0.222222222222222,0.0375,0.0221770405769348,0.00309917549892065,0.0318715386016532,0.0172326017627824,0.0470500073187978,0.0149587067435529,0.0386105290877524,0.0524666593893534,0.0327910587745692,0.0132318009808357
"273",0.053945013299226,0.000223992859000449,0.00346718433044057,0.222222222222222,0.0716666666666667,0.00184863805770874,0.000771844562382235,0.0320690102583114,0.030696876983075,0.0470500073187978,0.0381188610894847,0.0242590706117316,0.0524666593893534,0.0259501899839376,0.0279958185247121
"274",0.793303532998814,0.614486295215113,0.9701087228332,0.953488372093023,0.676,0.665642529726028,0.834560513673312,0.621831561328674,0.801666503717566,0.904193604966272,0.403208429858221,0.296906460038463,0.888899399883018,0.461102486812726,0.39090390975205
"275",0.851492056005863,0.987575546154326,0.978290089236714,0.953488372093023,0.817,0.99223989713937,0.974332805018902,0.853112084253703,0.919066718630018,0.864053569710631,0.936380568410965,0.843597396161365,0.899186486940834,0.887148432366909,0.95345242693996
"276",0.982537431402126,0.999999081222871,0.999325751710243,0.953488372093023,0.97,0.999120278109331,0.999799769365048,0.965199759550486,0.984127959056532,0.949998809148279,0.989082748846682,0.985218506976173,0.955766974804987,0.95806672078113,0.996561844472975
"277",0.87370605392136,0.992902989871679,0.996593436499553,0.953488372093023,0.95,0.993144506122917,0.981240961593411,0.834382565702179,0.972309104224709,0.91791680541323,0.942783198838501,0.818853832416469,0.933453884530196,0.905283894403822,0.972259175410854
"278",0.0416459548218865,0.00119364911038606,0.00138847860203621,0.0384615384615385,0.04,0.0209998488426208,0.0358244534931075,0.0318715386016532,0.0172326017627824,0.0470500073187978,0.00794074236840122,0.0314404621749954,0.0524666593893534,0.0266876767095786,0.00374344329250559
"279",0.769879547646056,0.808513065115544,0.940533985405456,0.953488372093023,0.865714285714286,0.728513896465302,0.771718076973186,0.829219350109644,0.891772936304629,0.943416777389856,0.890118368841659,0.743834460414134,0.935222610883585,0.800541243481268,0.931309991739219
"280",0.926097070314983,0.999470261817363,0.996968089099882,0.953488372093023,0.97,0.99045234080404,0.997862536355955,0.939915755176848,0.972309104224709,0.91791680541323,0.963837257462067,0.931688594553149,0.933334347620078,0.944490435496853,0.99169187625659
"281",0.0460508309339748,0.00262460971907357,0.00163916415598173,0.0384615384615385,0.06,0.000658929347991943,7.72285273883175e-05,0.0459832131432665,0.0490273488199161,0.0488355497137807,0.044184872508585,0.0327591067777937,0.0670038409656328,0.0586747855944102,0.0404584082030492
"282",0.0500625908009641,0.0363292434758701,0.00252920889627548,0.222222222222222,0.1275,0.0952312350273132,0.117610603241233,0.0932790211061253,0.129869084882233,0.0470500073187978,0.0415915121965274,0.151281868159135,0.0524666593893534,0.101612414913994,0.0324524897497535
"283",0.056147649394845,0.000969370911344131,0.00547971654099828,0.0384615384615385,0.085,0.000847578048706055,0.000333938074357359,0.0459832131432665,0.0283768332270644,0.0470500073187978,0.0211323291863645,0.0177260629571481,0.0524666593893534,0.0296061652015752,0.0112207952291277
"284",0.791605602628599,0.942695077768055,0.978340874037299,0.953488372093023,0.95,0.832329034805298,0.928727847285489,0.965199759550486,0.964831563830939,0.949114343369801,0.92990584597988,0.967038605004306,0.91367919634438,0.880692657381739,0.939179217950678
"285",0.896915685269047,0.999999997877276,0.954492841531082,0.953488372093023,0.77,0.975054481998086,0.959882754157225,0.853112084253703,0.860162674019165,0.67633633323551,0.694292417798348,0.879210183405948,0.801905459066421,0.929091081301498,0.721699812193059
"286",0.721711817404645,0.807505416291926,0.890862147530709,0.953488372093023,0.739047619047619,0.965988520532846,0.752323724125099,0.842847942328965,0.807862523507737,0.943477531322107,0.769676025217537,0.94048967425858,0.939360906594025,0.873000169552688,0.825867527841758
"287",0.610930699845205,0.702081444186918,0.846317687984945,0.375,0.483333333333333,0.868583366274834,0.985504922098161,0.496558247094195,0.381747101622241,0.55963957331474,0.63355399783769,0.604419766469615,0.445515448040918,0.482929796455015,0.736588414623468
"288",0.146078194640694,0.000930558005024112,0.0334600839440154,0.0384615384615385,0.19,0.0694065093994141,0.341496880927443,0.074749834823577,0.114646783153891,0.103879433430683,0.235360315496658,0.117223305754546,0.119877047130713,0.161489280528027,0.175002360265833
"289",0.0409612189735499,0.0030672581592345,0.00339909392737867,0.0384615384615385,0.017,0.000527441501617432,4.44744707336874e-05,0.0318715386016532,0.0172326017627824,0.0470500073187978,0.0238087272333797,0.0170691120839858,0.0524666593893534,0.0308742436103975,0.0145537956540421
"290",0.938698100753503,0.962991176426172,0.984032144445048,0.953488372093023,0.95,0.993507689796388,0.970285188255126,0.965199759550486,0.938961225246588,0.929249400479911,0.927189573351266,0.979430499220771,0.925696952739289,0.937593418527314,0.952137424331512
"291",0.49324442731283,0.026333508150368,0.335667653595341,0.375,0.241111111111111,0.0296414494514465,0.0183744431346037,0.28669268962739,0.282065608181542,0.444715338248318,0.111495038659875,0.159657677176627,0.14078479751229,0.126673142088353,0.061577446581996
"292",0.0392657827896034,0.000272563465408281,0.000874768960460254,0.222222222222222,0.01,0.000931799411773682,0.000439052641298174,0.0320690102583114,0.0199685376078886,0.0470500073187978,0.0383195143745365,0.0248953041130878,0.0524666593893534,0.0249005909115692,0.0236964369709119
"293",0.0678872498078352,0.00430363171608751,0.0122144195025758,0.0384615384615385,0.1525,0.00311046838760376,0.000550372562393112,0.0459832131432665,0.0283768332270644,0.0470500073187978,0.0326352201312092,0.0332259959205531,0.0525480495845698,0.031446806841635,0.0319238686570281
"294",0.106603778429421,0.00918915982461278,0.0141005039915121,0.0384615384615385,0.01,0.0242905616760254,0.0167821752754431,0.0320690102583114,0.0189398461856068,0.0470500073187978,0.135795814990209,0.0278053471223394,0.0524669834168045,0.0375879456209069,0.144696493200927
"295",0.0492894811223782,0.00496722310773785,0.00301153220407925,0.0384615384615385,0.02,0.0114561915397644,0.00123154593261491,0.0318715386016532,0.0172326017627824,0.0470500073187978,0.0101358969049364,0.0941700855877806,0.0524666593893534,0.0308742436103975,0.00660609462063011
"296",0.9789486904861,0.999996665405186,0.998977407263252,0.953488372093023,0.87,0.972144601866603,0.995604419285852,0.965199759550486,0.957968246571339,0.909585161327085,0.996969823858582,0.987475908649245,0.908268676685556,0.938833891662579,0.999683606169195
"297",0.829607253804139,0.983037055320074,0.960953202412534,0.777777777777778,0.88,0.990336420945823,0.996434360358891,0.908472594796096,0.884873021770558,0.696013419214318,0.961111554559852,0.926634826504542,0.857379967546074,0.859142784834635,0.976666938383685
"298",0.538588047608146,0.0364614659986915,0.510216695287658,0.375,0.303333333333333,0.0485482811927795,0.315893674224383,0.551857964399298,0.387041834245008,0.56090552568174,0.306916869968555,0.49244626981136,0.416574464825393,0.255415506425787,0.23546911024856
"299",0.759671416299913,0.635622323243057,0.970203833590031,0.953488372093023,0.819047619047619,0.98024851642549,0.887296532140744,0.835262429045165,0.798129827642718,0.90915489635189,0.895927623462081,0.913860666133876,0.905372517616557,0.872440159591211,0.952184327036516
"300",0.553684215856671,0.864189645755082,0.719937110670363,0.777777777777778,0.525,0.509283155202866,0.540568625709104,0.657458359899196,0.553140345902148,0.667945126871384,0.527865388658626,0.642792408981992,0.743087212702758,0.478394289757511,0.587618184865432
"301",0.736773006895086,0.999851540582596,0.695971605289332,0.375,0.562857142857143,0.983531408011913,0.994852869057351,0.753852146206367,0.822936665548588,0.536721575616208,0.885293770963638,0.797516055716719,0.56741845726131,0.848683424695077,0.970938681239019
"302",0.0567407208837759,0.771451921650449,0.0243863018434811,0.0384615384615385,0.11,0.0640873908996582,0.0337754436270641,0.130903582437252,0.129869084882233,0.0488355497137807,0.482272310011596,0.172640352385983,0.0672070400696447,0.176296321632605,0.686773626833019
"303",0.963339333095476,0.999948253308047,0.997148427093863,0.953488372093023,0.946666666666667,0.996834351914003,0.9991168893361,0.949858512303018,0.984127959056532,0.949998809148279,0.989822472917931,0.970240690540568,0.955326774344199,0.95806672078113,0.995669541799274
"304",0.895279252306404,0.99945510375776,0.978458914295766,0.953488372093023,0.844666666666667,0.974742846563458,0.95643899212251,0.853112084253703,0.919066718630018,0.864053569710631,0.957344732959321,0.844988229588592,0.899479755675998,0.928659246134544,0.978849402918949
"305",0.0342193980861319,0.00120979337943767,0.00056451891556669,0.0384615384615385,0.03,0.0212636590003967,0.0550026159733449,0.0318715386016532,0.0172326017627824,0.0470500073187978,0.0079195016596957,0.0392535920246513,0.0524666593893534,0.0327910587745692,0.00250976738241319
"306",0.510081639313857,0.443294446122463,0.671312266056921,0.375,0.32,0.479645490646362,0.364055327448129,0.28669268962739,0.412001161977168,0.532127061711391,0.157840954007269,0.141225344665226,0.242667931793253,0.325770197005052,0.127285002165779
"307",0.157043093481555,0.0102847092170922,0.0145448999024669,0.0384615384615385,0.11,0.0746842622756958,0.217862236745418,0.145478506500197,0.0876136219297965,0.0470500073187978,0.1613572369546,0.139551898618766,0.0531021167930754,0.1190447503087,0.212036822471294
"308",0.905465451377256,0.996450244351313,0.981001332170962,0.953488372093023,1,0.994868759997189,0.999724452357425,0.965199759550486,0.979302933662702,0.946467168915918,0.956931722481082,0.986155033989796,0.935216687761403,0.950752592056044,0.984544976777137
"309",0.939392647705586,0.999737146871676,0.9975340479481,0.953488372093023,0.84,0.903239794075489,0.92767821492917,0.943353122148365,0.96207900080764,0.909585161327085,0.990662928591286,0.941394685335478,0.906844759364345,0.95484954155482,0.995920535207264
"310",0.848564908478466,0.996347823879148,0.99161450046954,0.953488372093023,0.711,0.940319940447807,0.571274438526967,0.895373901823314,0.757272013479948,0.785303809366437,0.932440814387788,0.904924142212678,0.781995995376906,0.743579362839428,0.971006007655208
"311",0.117168192328962,0.501889168880226,0.0231446053004947,0.222222222222222,0.24,0.0786522030830383,0.0209261918213665,0.0743097238834327,0.059381141090552,0.103879433430683,0.183635969530592,0.115424717890642,0.119872921154221,0.161489280528027,0.267999937298529
"312",0.649560905058598,0.953412392352398,0.789715012174348,0.375,0.675,0.606167495250702,0.826677664448879,0.79268911383336,0.831519888495747,0.578546787328158,0.684437398404772,0.765298290751807,0.717986582369681,0.786071899500393,0.741685849043912
"313",0.912730491771882,0.999403485904536,0.978401074423783,0.953488372093023,0.97,0.998679623473436,0.99378206359519,0.939915755176848,0.954406206662916,0.889151885118448,0.987965325664117,0.951114528337338,0.938132292923084,0.933412196371436,0.995685248677805
"314",0.0376241291100917,0.000141329689172254,0.00106988450512581,0.0384615384615385,0.03,0.000517010688781738,0.00115657395946045,0.0459832131432665,0.0265308190169673,0.0470500073187978,0.012361576609487,0.0222528734786254,0.0524676314773257,0.0259501899839376,0.0125308297028503
"315",0.848374737386905,0.996953192735388,0.988115143187486,0.953488372093023,0.826,0.990093966014683,0.975783957855973,0.836219038391199,0.866061047988305,0.788400757712463,0.929640632655164,0.849968566095546,0.894112165677145,0.875331160688447,0.955339358693607
"316",0.0459134969270382,0.0576498295862977,0.00335117099208996,0.0384615384615385,0.0502857142857143,0.0175287127494812,0.094690037442486,0.145478506500197,0.119850408597425,0.0470500073187978,0.0972264741225219,0.163435839236463,0.0528105391991446,0.120780136576611,0.189930463435743
"317",0.513180778256809,0.666471216191324,0.650611186810198,0.375,0.42,0.145509719848633,0.32398504320434,0.363255846860496,0.475638037931,0.546696285116836,0.168871318644133,0.25940306177841,0.460463384923669,0.543956539404316,0.131829863769817
"318",0.713547788279684,0.112805085182619,0.883080847819336,0.777777777777778,0.5475,0.342276692390442,0.806753595959087,0.651625060246421,0.186236898523519,0.622579267660094,0.31512471559831,0.696061663425547,0.282094318287466,0.297266928655353,0.258155586225688
"319",0.0665819400086151,0.00896055124120068,0.00203162561446023,0.0384615384615385,0.12,0.0263800621032715,0.0162066121781235,0.0519786286157907,0.0365184474084896,0.100293564811308,0.0238775585394228,0.0461051593432927,0.280785369742849,0.092448639432523,0.0195450485524189
"320",0.867785096221639,0.994442472558489,0.977692427649583,0.777777777777778,0.876666666666667,0.997668342897668,0.999643824787548,0.895373901823314,0.918309546526643,0.867685700523137,0.984000950875286,0.922148409730974,0.933920474160885,0.940695346781605,0.99547036032878
"321",0.0566710189283398,0.0204707520274291,0.0102337654443295,0.222222222222222,0.230285714285714,0.104871153831482,0.467655643225271,0.05229395173554,0.0386302339974646,0.100293564811308,0.130558273742201,0.210956256370407,0.280752464888138,0.114788487864143,0.149597513077517
"322",0.74891100743116,0.949625317673762,0.979277954499975,0.953488372093023,0.785714285714286,0.737728387117386,0.715720302420587,0.785553149729384,0.812026632448309,0.908055011277477,0.770441300464308,0.829907356196275,0.832341186566368,0.789136365934764,0.833236253275409
"323",0.521659157284928,0.421825307910068,0.721459963208521,0.777777777777778,0.5,0.105465412139893,0.254818934968417,0.542714062942055,0.474302222782718,0.591155393172301,0.656936524700614,0.265867259408269,0.530117634747747,0.365707058566719,0.700357488065054
"324",0.876567184454481,0.896963839350734,0.992564080170824,0.953488372093023,0.954,0.992254283744842,0.976366064406563,0.940275092033163,0.94523766088223,0.91791680541323,0.805864897269207,0.925872999365118,0.933400421455401,0.856178308704271,0.850797653682531
"325",0.532969242431101,0.157637869756852,0.805483134496836,0.375,0.31,0.0712453126907349,0.159836038083895,0.4009773468677,0.429920061156768,0.55963957331474,0.406760857698376,0.245805060828892,0.301349437573725,0.209690411487393,0.440995949677405
"326",0.0583013659794177,0.19923922040509,0.0189225866352781,0.0384615384615385,0.105,0.13020133972168,0.0444825418624762,0.145478506500197,0.0876136219297965,0.0470500073187978,0.156922655486743,0.130865395824253,0.052827495420978,0.0806131876271142,0.252498676033223
"327",0.483025969430396,0.00202938637444712,0.193641051696144,0.375,0.24,0.0653746724128723,0.0202752170905812,0.342010447437965,0.365562060790561,0.532127061711391,0.164085676705331,0.16663332391165,0.188329975424764,0.19741771264115,0.120433985020804
"328",0.05973812185786,0.00220130708429021,0.00165402260611226,0.0384615384615385,0.04,0.0229220390319824,0.0391354485662009,0.145478506500197,0.129869084882233,0.0470500073187978,0.0656856428786009,0.143059624944031,0.0528118433414289,0.0806131876271142,0.0974453875772397
"329",0.904636035080012,0.990670236152589,0.989990678715331,0.777777777777778,0.91,0.873257026076317,0.984248138495557,0.835262429045165,0.943623098168662,0.884100066794294,0.971174390548859,0.937438397155825,0.850548027965958,0.914429060470078,0.98437026089868
"330",0.0479147596584675,0.00416176371686793,0.00773613837820218,0.0384615384615385,0.0102857142857143,0.0232605934143066,0.0330360795202554,0.0320690102583114,0.0242618319368239,0.0470500073187978,0.0615222817195691,0.0396319689638465,0.0524666593893534,0.0388010164889374,0.0653436305892014
"331",0.734283803783418,0.936991200427205,0.877782126564743,0.777777777777778,0.74,0.646164238452911,0.908245531349442,0.797545969452463,0.752304755094938,0.717639359602391,0.879544490015254,0.691318382301944,0.663567438841436,0.685211314286342,0.890473171170249
"332",0.548685548883544,0.453487628672445,0.634450195225642,0.375,0.38,0.0187898278236389,0.11605323675262,0.487214400106173,0.51650468961739,0.574037872163203,0.315459179266232,0.314312226924169,0.231161054246989,0.418539498475613,0.275434136931671
"333",0.0481757174177895,0.0432846322775986,0.00207839634930688,0.0384615384615385,0.18,0.017723023891449,0.00166346033799458,0.0927407493279838,0.275135457287202,0.203415730812131,0.0104394005173276,0.0765431011701417,0.193748688599051,0.23867163901835,0.00766254531802057
"334",0.521593716346392,0.0777586509847724,0.383243894215241,0.777777777777778,0.579761904761905,0.843565627932549,0.0562303027475426,0.416092918379328,0.478650585612555,0.654812292690215,0.47059056407561,0.521274538687134,0.765252202494478,0.51001294238008,0.479278486836059
"335",0.0429913094544904,0.000127441334403164,0.00341828327616119,0.0384615384615385,0.0502857142857143,0.0166546106338501,0.000663764270891748,0.05229395173554,0.0242618319368239,0.0470500073187978,0.0137292928786074,0.0242301303877306,0.0525062046797403,0.0398467747892085,0.00882381447755779
"336",0.627853602720904,0.934911726957527,0.868368548710912,0.777777777777778,0.7025,0.992621752433479,0.99887062180013,0.761713212576988,0.687766878303059,0.605250081720279,0.834158385643818,0.975498350624837,0.726492716707174,0.80298486636788,0.87827024131456
"337",0.581652328479866,0.504814037376972,0.74159457318643,0.375,0.365,0.644277721643448,0.0845583208433909,0.496558247094195,0.381747101622241,0.532127061711391,0.432575285906513,0.432846794415804,0.544300096505509,0.292997322509228,0.520502758939214
"338",0.0648375976223224,0.00213162652860836,0.00385380632870542,0.0384615384615385,0.115,0.00364202260971069,0.0251784657727327,0.046263940582009,0.0434224754793016,0.0470500073187978,0.08833017162639,0.0474454871928776,0.0524721681116503,0.0311159726388368,0.0370947031935475
"339",0.836460398670744,0.990589122498318,0.921190405720501,0.777777777777778,0.8,0.996563877211884,0.999511572179097,0.895373901823314,0.650338806922894,0.717639359602391,0.913781050729248,0.978536515068873,0.864909959878869,0.880112796950645,0.934264033585936
"340",0.0518017189931681,0.72480640579116,0.00651770589166571,0.222222222222222,0.2875,0.69715428352356,0.349145234080233,0.0932790211061253,0.349908440654603,0.203415730812131,0.0638508722566993,0.38509098121287,0.193748688599051,0.315370485950699,0.0745562052349362
"341",0.554281837850746,0.698304793942112,0.833222869924906,0.777777777777778,0.62,0.58379527926445,0.907657738833098,0.685862993678064,0.605794398268619,0.605250081720279,0.644470515518719,0.787436318176056,0.653449458907339,0.505753541918045,0.681302843588704
"342",0.593244211169213,0.985156758408097,0.920110770893265,0.777777777777778,0.74,0.92557717859745,0.969400482785093,0.871454392931686,0.870026859236761,0.672027942602156,0.962839228696563,0.773079264493228,0.841810610977767,0.871765936560755,0.990832813209413
"343",0.0522278037848227,1,0.0450233903034578,0.0384615384615385,0.095,0.00295275449752808,0.00164184773614977,0.046263940582009,0.0851805145611236,0.0488355497137807,0.0447175078889882,0.0467724614977342,0.0670515292049005,0.0648493596005592,0.0406998853879174
"344",0.848668473914204,0.99971849642876,0.994027662656407,0.777777777777778,0.749571428571429,0.697458386421204,0.834198986148691,0.937797323921271,0.792353993547138,0.823014342045072,0.954824149062314,0.936927128106598,0.839257015106323,0.85962476614406,0.975118729532721
"345",0.520785352199118,0.284678620408702,0.584951735131905,0.777777777777778,0.668095238095238,0.74066036939621,0.810921602522818,0.502851885057718,0.463677610155916,0.667945126871384,0.488273761416276,0.644754611529642,0.797886914117438,0.569499426876588,0.538364702648105
