"","GAM_predictions","RE_RF_predictions_EMP","RE_boosting_predictions_EMP","RE_bag_predictions","SRE_RF_predictions_EMP","SRE_bag_predictions_EMP","SRE_boosting_predictions_AUC","SRE_PLTR_predictions_EMP"
"1",0.973578483856296,0.88045329345162,0.98529730663386,0.91691330824577,0.849825318140542,0.798648362099979,0.895229941832468,0.878351466193216
"2",0.993563520626577,0.939297430561467,0.993607787926831,0.949998809148279,0.923709849750432,0.842931822816209,0.957698121685283,0.946038544215413
"3",0.000604779312090304,0.0630750104365616,0.0391743787980468,0.100293564811308,0.0913639004040819,0.134686556945033,0.238802455233267,0.183481410469666
"4",0.963064157236599,0.889881089367911,0.971304721578731,0.949114343369801,0.791278268321277,0.837203171126874,0.806452547456429,0.878351466193216
"5",0.941892781034498,0.865903791799608,0.967305277914886,0.91791680541323,0.782208409346427,0.797884935909969,0.853014332524836,0.657659488142442
"6",0.999584167762429,0.914140723997528,0.939163770379176,0.870796471317407,0.873107170177772,0.760618549964399,0.931470632700601,0.893363817070687
"7",0.00228323247959194,0.0567395592817155,0.0111955401507948,0.0470500073187978,0.0965104212956219,0.132868213273082,0.0799537172557219,0.0954035571012892
"8",0.12383992804861,0.406848570460973,0.0939272439747168,0.43687738013098,0.396680559110924,0.4827674655065,0.117385821120918,0.349842731177238
"9",0.00123890738423239,0.0462954328520999,0.0114237848020893,0.0488355497137807,0.078989348382486,0.132868213273082,0.0479941397670822,0.0833227911615739
"10",0.00651777366660017,0.04645905803998,0.00676583910923462,0.0470500073187978,0.0841658048410265,0.132868213273082,0.0303819905494709,0.0833227911615739
"11",0.241156586206242,0.805377619432384,0.775201041966194,0.91791680541323,0.644039491377015,0.797884935909969,0.773374393785926,0.657659488142442
"12",0.999126148010263,0.907260619587736,0.974914134670734,0.904644903313386,0.880725876368502,0.805418394343229,0.934386458917212,0.934496215316339
"13",0.901013794351852,0.847568429129013,0.806895148827761,0.803428280765684,0.758433726388391,0.693144300756571,0.885144733136003,0.64889502094497
"14",0.579520852300577,0.0652176280452492,0.0401442267942582,0.0470500073187978,0.191333989396515,0.132868213273082,0.146482199555378,0.203647909387618
"15",0.923706971326624,0.437608616510079,0.659416486001794,0.464352840280422,0.456745416664455,0.4827674655065,0.332887423878536,0.705815851427075
"16",0.97600800797835,0.847568429129013,0.866131524246866,0.868704630366422,0.787809831337428,0.75276826996653,0.883196209396452,0.775297326210819
"17",0.0372647141977527,0.0670496833908728,0.170699730714056,0.103879433430683,0.100422220906255,0.134686556945033,0.188006839732828,0.14808451802604
"18",0.999503609303263,0.709891513613137,0.848034125699286,0.654812292690215,0.644115203727838,0.587283274610949,0.821516518585095,0.603207747038583
"19",0.00262176984308801,0.0260447473784658,0.00204105743416298,0.0470500073187978,0.0609470296882706,0.132868213273082,0.0327910587745692,0.0416274985352748
"20",0.999998644976994,0.587857454624418,0.841654749481352,0.65897414135672,0.731226094679812,0.597579107882609,0.920858594546068,0.899636324574438
"21",0.546760771866215,0.868990804366054,0.718923642161793,0.785303809366437,0.731306942477751,0.693144300756571,0.344123858867402,0.690883100545266
"22",0.727308488319146,0.848959163149697,0.942891566771744,0.908055011277477,0.783858231254807,0.798648362099979,0.818372020069135,0.699085491763969
"23",0.00205161803803023,0.0400565164147875,0.00816138923991228,0.0470500073187978,0.0732290549275752,0.132868213273082,0.0313432676322555,0.0416274985352748
"24",0.0444387592675193,0.0391010526914401,0.00345783377982214,0.0470500073187978,0.0806942616123367,0.132868213273082,0.037656713218812,0.0847075554908007
"25",0.999642222177365,0.939297430561467,0.991237754997919,0.949998809148279,0.923680607645458,0.842931822816209,0.957669036645851,0.946038544215413
"26",0.000163944104093941,0.0522165681085873,0.00365977125351712,0.0470500073187978,0.088592308959908,0.132868213273082,0.0249005909115692,0.0416274985352748
"27",0.0463605109890965,0.045805856390726,0.00481845923615444,0.0470500073187978,0.108293477530991,0.132868213273082,0.0389282015295074,0.0640624325490332
"28",0.980967604708758,0.920102494899811,0.994975535995425,0.930453847080453,0.905843678470682,0.813471364176776,0.929819556410952,0.907074474847551
"29",0.076553425461727,0.0301698802901822,0.00872404430652566,0.0488355497137807,0.069680942246834,0.132868213273082,0.0568095506348493,0.125291421675421
"30",0.993391100528012,0.719141926260798,0.867048591069461,0.609653272963136,0.781440054905106,0.559250654020812,0.668575132610603,0.787088823483503
"31",0.36579058252453,0.881285190446803,0.795821153258748,0.904637815241119,0.76295080551444,0.793330563056359,0.792123898634316,0.812927444218055
"32",0.848329989534353,0.758118768271585,0.729361089753707,0.861869876320803,0.680271643378288,0.75276826996653,0.79267554640286,0.657659488142442
"33",0.000405966832947715,0.0669282110109598,0.0315309213111572,0.0488355497137807,0.106276807993992,0.132868213273082,0.060731841559155,0.0833227911615739
"34",0.164091238192234,0.742300717576621,0.603009424999534,0.578440658559369,0.681110529094647,0.548714753464905,0.427654166444896,0.543580633907869
"35",0.000910613746781831,0.0597063603816587,0.00453535034613667,0.0470500073187978,0.0913294638861444,0.132868213273082,0.031713409681067,0.0673133892940543
"36",0.730303149081475,0.847568429129013,0.654381727507693,0.881857023730489,0.777380067437942,0.757245934663394,0.786418871848639,0.737372182856442
"37",1,0.939297430561467,0.991237754997919,0.949998809148279,0.923680607645458,0.842931822816209,0.95806672078113,0.946038544215413
"38",0.0301548785017371,0.0588234259545122,0.0619017730215484,0.103879433430683,0.122834702064169,0.134686556945033,0.0662028838134877,0.0701223080324308
"39",0.00605838978797058,0.0522165681085873,0.00816138923991228,0.0470500073187978,0.0837969944397877,0.132868213273082,0.0313432676322555,0.0416274985352748
"40",0.999999871368462,0.897342955060152,0.988916443842375,0.909585161327085,0.880725876368502,0.805418394343229,0.962922626678822,0.94870114456412
"41",0.0248123056479666,0.11481788194192,0.00745398433440256,0.0470500073187978,0.1444199056754,0.132868213273082,0.0405445008677514,0.25195530135236
"42",0.000346207548488352,0.04645905803998,0.00676583910923462,0.0470500073187978,0.0841658048410265,0.132868213273082,0.0303819905494709,0.0833227911615739
"43",0.00432194248318936,0.0669282110109598,0.0315309213111572,0.0488355497137807,0.106276807993992,0.132868213273082,0.060731841559155,0.0833227911615739
"44",0.00443087102296426,0.0400565164147875,0.00816138923991228,0.0470500073187978,0.0843093493292161,0.132868213273082,0.0388010164889374,0.0416274985352748
"45",0.0107142804904148,0.0726053117425906,0.0193646145228661,0.0470500073187978,0.116173166558528,0.132868213273082,0.0403214341543354,0.111652375679969
"46",0.00306208901120816,0.0341023232206392,0.00204105743416298,0.0470500073187978,0.0739391242978234,0.132868213273082,0.0249005909115692,0.0416274985352748
"47",0.000466762462513361,0.0687699504304856,0.00365977125351712,0.0470500073187978,0.109489880642523,0.132868213273082,0.0327910587745692,0.0833227911615739
"48",0.976714198365663,0.88045329345162,0.965226276806468,0.929249400479911,0.849825318140542,0.806914347315153,0.819349171456496,0.878351466193216
"49",0.00100498019149067,0.0522165681085873,0.0166160489635982,0.0470500073187978,0.0987768426861482,0.132868213273082,0.0360850760283909,0.0667454003006648
"50",0.00591383428256446,0.0391010526914401,0.00987461021897913,0.0470500073187978,0.0851285534263558,0.132868213273082,0.0416704579708357,0.0673133892940543
"51",0.0402519082785278,0.0411624451814218,0.00872404430652566,0.0488355497137807,0.0710279587822714,0.132868213273082,0.0871808432601404,0.0833227911615739
"52",0.00138693629097468,0.168334119356622,0.274534096110601,0.203415730812131,0.16420441378762,0.261346504701961,0.266614668498554,0.0833227911615739
"53",0.04295978116925,0.126766744455247,0.0484543839793367,0.0470500073187978,0.1444199056754,0.132868213273082,0.0879937784215002,0.368226154346795
"54",0.545349159143816,0.866276901754808,0.916657164946816,0.801328059696631,0.799412309915497,0.694151699374724,0.869087750280369,0.682880422375002
"55",0.0853246038971096,0.0888608160451518,0.302653747151136,0.103879433430683,0.145653878172211,0.134686556945033,0.0864525518356656,0.131213937173749
"56",0.84500270989832,0.586017585902016,0.765119430750874,0.532127061711391,0.512826267227353,0.522062977239869,0.681534610869481,0.529643122222142
"57",0.157021631920249,0.11481788194192,0.274534096110601,0.203415730812131,0.137795794610677,0.261346504701961,0.266614668498554,0.152840528128248
"58",0.99999878121769,0.550209074367877,0.841654749481352,0.536721575616208,0.67470114505138,0.532691189370275,0.701170092323727,0.810728077179283
"59",0.0105440898756988,0.0706567370302119,0.00957603824584997,0.0470500073187978,0.100625481162721,0.132868213273082,0.0341616013334175,0.0833227911615739
"60",0.000714214836056824,0.044617277545402,0.00816138923991228,0.0470500073187978,0.0693408244638454,0.132868213273082,0.0313432676322555,0.0416274985352748
"61",0.173281275366234,0.0536394664948351,0.0391204703327574,0.0488355497137807,0.0907022007185802,0.132868213273082,0.0807720228722611,0.0833227911615739
"62",0.987455225884892,0.895321603813927,0.947595804756345,0.927130070929866,0.845648354838242,0.814617451578374,0.870191404827287,0.837534249818219
"63",0.58981147985329,0.904881687678624,0.87877640947423,0.713219751433819,0.874861126058519,0.650676669099402,0.825409753061867,0.661273843982925
"64",0.00245362686867465,0.0597063603816587,0.0528456768549087,0.0470500073187978,0.107458056503446,0.132868213273082,0.0904374736168459,0.0554711203357157
"65",0.0048171072564166,0.0834788405478594,0.0114237848020893,0.0488355497137807,0.117740129240238,0.132868213273082,0.0479941397670822,0.0833227911615739
"66",0.999702378295886,0.939297430561467,0.991237754997919,0.949998809148279,0.923680607645458,0.842931822816209,0.957669036645851,0.946038544215413
"67",0.991314667076852,0.850787714252429,0.896439626442227,0.90915489635189,0.747889010866059,0.797884935909969,0.886335376028137,0.72913310873077
"68",0.00430637615225269,0.0434622436901638,0.0186744088907784,0.0470500073187978,0.0669355966396724,0.132868213273082,0.0514118326591792,0.0458028816520442
"69",0.985180359885517,0.939297430561467,0.987121012901666,0.949998809148279,0.923680607645458,0.842931822816209,0.957698121685283,0.946038544215413
"70",0.0107672592298132,0.0400565164147875,0.00631728078205014,0.0470500073187978,0.0774707509316809,0.132868213273082,0.0327910587745692,0.0416274985352748
"71",0.000618220388573862,0.098414462094956,0.00696012338809178,0.0470500073187978,0.130818954123978,0.132868213273082,0.0266876767095786,0.0439221219860381
"72",0.00790045754226785,0.0706567370302119,0.0155880311444044,0.0470500073187978,0.090303509132091,0.132868213273082,0.0313432676322555,0.0833227911615739
"73",0.236057354180453,0.410120979307677,0.502192348818312,0.532127061711391,0.456642473375716,0.522062977239869,0.173091064380512,0.529643122222142
"74",0.99989719151378,0.925293736768401,0.995110735494062,0.915237637520211,0.88810872927625,0.800234672180067,0.946874274129994,0.946038544215413
"75",0.999878986104758,0.925293736768401,0.996375890410806,0.919297421350184,0.88810872927625,0.804674358996701,0.937545520338978,0.946038544215413
"76",0.000275927710134722,0.0597063603816587,0.0580113369377696,0.100293564811308,0.107458056503446,0.134686556945033,0.216529890785177,0.0554711203357157
"77",0.00242447939618203,0.045805856390726,0.00631728078205014,0.0470500073187978,0.108253420209534,0.132868213273082,0.0303819905494709,0.0416274985352748
"78",0.00444437768912968,0.0482723024360507,0.00670902151759918,0.0470500073187978,0.0669355966396724,0.132868213273082,0.0375879456209068,0.0458028816520442
"79",1,0.932551117548837,0.983113629279558,0.944454239068354,0.919939353901843,0.842931822816209,0.974546592239317,0.931965970519121
"80",1,0.864431666532325,0.988173579136407,0.949114343369801,0.830004381312558,0.837203171126874,0.899383023327342,0.800803478291785
"81",0.00663533187465794,0.0522165681085873,0.00631728078205014,0.0470500073187978,0.093451652227479,0.132868213273082,0.0336442956731234,0.0434144633954831
"82",0.999999993896419,0.939297430561467,0.989354908528784,0.949998809148279,0.923680607645458,0.842931822816209,0.899957765683772,0.946038544215413
"83",0.0017276688646474,0.0951826475887127,0.288283084381671,0.203415730812131,0.136456880872082,0.261346504701961,0.4300757202795,0.0416274985352748
"84",1,0.0452914999534303,0.00681964989326321,0.0470500073187978,0.0826339403890482,0.132868213273082,0.0910737988810539,0.0434144633954831
"85",0.174646777971184,0.0405805432313591,0.00639308878347442,0.0488355497137807,0.0917322283230699,0.132868213273082,0.0479941397670822,0.0833227911615739
"86",0.43548435920017,0.0822423692256642,0.151031522131312,0.0488355497137807,0.167303656937426,0.132868213273082,0.351888482095747,0.253507629832562
"87",0.000682134182761502,0.0290584472754913,0.012743838371065,0.0470500073187978,0.0576703551656775,0.132868213273082,0.0398467747892085,0.0416274985352748
"88",0.66060553804099,0.896657199504217,0.925263517058153,0.881857023730489,0.734820982836994,0.757245934663394,0.873719284766929,0.737372182856442
"89",0.601145624565794,0.237075545200505,0.0600778822304396,0.0482879097441207,0.233489597637689,0.133005789061769,0.204868914170588,0.229828656698677
"90",0.0435374962723825,0.0964237291624967,0.026609381214581,0.0470500073187978,0.143171787082045,0.132868213273082,0.0910737988810539,0.0954035571012892
"91",0.855602838137154,0.897342955060152,0.947669485845426,0.872811553102247,0.880725876368502,0.779583959933645,0.850196912571343,0.910163790649691
"92",0.00497861911852312,0.0581844959627433,0.00346894696562972,0.0470500073187978,0.0932571976135033,0.132868213273082,0.0514118326591792,0.0766933491543085
"93",0.641246760879913,0.708782721220887,0.89851970922517,0.605250081720279,0.593959586522986,0.548714753464905,0.617760915964064,0.705815851427075
"94",0.998655129927915,0.666978071732749,0.959874557390308,0.574037872163203,0.68016825783692,0.522062977239869,0.698020856993787,0.840353632280989
"95",0.0446549358838044,0.0938339701690384,0.0340538697251508,0.0488355497137807,0.132047112655311,0.132868213273082,0.227445317666082,0.0833227911615739
"96",0.999921942778764,0.909857350198548,0.994470017717901,0.91791680541323,0.830683908327025,0.797884935909969,0.929440954889329,0.906958233379266
"97",0.998691884340986,0.676023394636864,0.952405952649034,0.692092384992379,0.688473743277218,0.587283274610949,0.747455615983134,0.754944604593887
"98",0.00211937425217693,0.850787714252429,0.454371332946018,0.720333134310375,0.620415877375814,0.647343012967426,0.242855511645793,0.516446274536128
"99",0.999961277474317,0.803516397107651,0.758741256852101,0.90915489635189,0.708935092794165,0.797884935909969,0.875853241176869,0.737078743716834
"100",0.594474850541897,0.551976057866307,0.329627723384867,0.605250081720279,0.537316089499242,0.548714753464905,0.741559974023037,0.603570237507893
"101",0.437373289154164,0.367230146247651,0.0929567160867749,0.451354532124381,0.413345063227777,0.4827674655065,0.318608694257533,0.349842731177238
"102",0.0860646841298272,0.0597063603816587,0.0259760577530381,0.100293564811308,0.0965466037732291,0.134686556945033,0.0533766462620915,0.133104019068503
"103",0.938272956373265,0.524062402765383,0.722152233417506,0.486906218388966,0.53956000876937,0.470242481335148,0.368366447248335,0.651690245840552
"104",0.22042286472742,0.475232333242144,0.0390855422600365,0.459240404497104,0.432160408198938,0.470242481335148,0.34305166038156,0.349842731177238
"105",0.209626034525088,0.132555063651403,0.438429581152278,0.415336713033467,0.237924544279567,0.462974819152041,0.536140677482695,0.201183832550478
"106",0.738733510367307,0.406848570460973,0.472597524393699,0.532127061711391,0.419002928875985,0.522062977239869,0.252335727808352,0.458856823699232
"107",0.984504821819278,0.914140723997528,0.97215983501426,0.870796471317407,0.873107170177772,0.760618549964399,0.94877870449126,0.893363817070687
"108",1,0.914140723997528,0.962032562806802,0.870796471317407,0.873107170177772,0.760618549964399,0.928659246134544,0.893363817070687
"109",0.0711411127157037,0.0671849744571114,0.00930467552064415,0.0470500073187978,0.0949310262927571,0.132868213273082,0.111026268226017,0.079370117035783
"110",0.00770592798323769,0.0523128363703991,0.00670902151759918,0.0470500073187978,0.0882338272300522,0.132868213273082,0.0415908102070684,0.0458028816520442
"111",0.00083111787877155,0.0536898775949172,0.00631728078205014,0.0470500073187978,0.101755588329468,0.132868213273082,0.0327910587745692,0.0416274985352748
"112",1,0.561554571593614,0.629518480966556,0.564185187309419,0.575225546022455,0.532691189370275,0.761486950807405,0.773804977726436
"113",0.997359664271485,0.930077065029283,0.969047833590517,0.918309300600966,0.913724435710106,0.805418394343229,0.962922626678822,0.946038544215413
"114",0.957805886587403,0.864524029432041,0.603228778855554,0.785303809366437,0.648854109289844,0.693144300756571,0.667702820875359,0.382448867149991
"115",2.22044604925031e-16,0.0341023232206392,0.00352731396562149,0.0470500073187978,0.0780635726095755,0.132868213273082,0.0327910587745692,0.0416274985352748
"116",0.00729923375871622,0.0586962195578546,0.0121283198654537,0.0488355497137807,0.0872432475019838,0.132868213273082,0.0568095506348493,0.157918443603864
"117",0.00875953705660497,0.0434622436901638,0.0240384836947816,0.0470500073187978,0.0669615130610744,0.132868213273082,0.0491837039414536,0.0703229961221215
"118",0.00198200599403734,0.0462954328520999,0.0114237848020893,0.0488355497137807,0.078989348382486,0.132868213273082,0.0479941397670822,0.0833227911615739
"119",0.101022222215183,0.886757268149836,0.959629071935503,0.788400757712463,0.828452686444689,0.702138678391813,0.818380316525663,0.721700295113928
"120",0.323169635583906,0.437608616510079,0.654516121498795,0.464352840280422,0.456745416664455,0.4827674655065,0.460743058649572,0.705815851427075
"121",0.00428304435517421,0.103696072769576,0.0189535859975756,0.0470500073187978,0.124587275533821,0.132868213273082,0.0398467747892085,0.10944902231291
"122",0.000692362024586094,0.045805856390726,0.00204105743416298,0.0470500073187978,0.0972335822050536,0.132868213273082,0.0249005909115692,0.0416274985352748
"123",0.00266158076832523,0.0260447473784658,0.00352731396562149,0.0470500073187978,0.0645268385861029,0.132868213273082,0.0303819905494709,0.0416274985352748
"124",0.90760350832625,0.857173816594494,0.789869068959699,0.711258988245718,0.816703047791681,0.645154432240449,0.842189090073606,0.714165360831137
"125",0.993120619907381,0.930077065029283,0.974080049393126,0.930453847080453,0.917698811619298,0.813471364176776,0.940478454998873,0.946038544215413
"126",0.0477616366317659,0.0706567370302119,0.0361322618939931,0.0470500073187978,0.100625481162721,0.132868213273082,0.0428950260054241,0.0833227911615739
"127",0.999839332166478,0.897342955060152,0.963455649756257,0.78618270828365,0.828452686444689,0.703129195563934,0.920366255523388,0.88006073666999
"128",0.0237496986105791,0.320247497390482,0.0742809329709494,0.532127061711391,0.33867946335215,0.522062977239869,0.254166401574886,0.349842731177238
"129",0.000380307818070156,0.0690238526331553,0.0488157064099113,0.100293564811308,0.109630042143187,0.134686556945033,0.0784996968064831,0.10944902231291
"130",0.903508675136172,0.629522026832386,0.836276852774534,0.667945126871384,0.658969902095462,0.587283274610949,0.598919972008783,0.529643122222142
"131",0.999995412660034,0.920102494899811,0.994265089129495,0.949998809148279,0.905879058472964,0.842931822816209,0.957698121685283,0.954058151943628
"132",0.89005024450955,0.820306474662406,0.826903479976079,0.908055011277477,0.698068194427298,0.798648362099979,0.876359026720316,0.806672786077193
"133",0.0192265958649918,0.0716515988842927,0.0358687773030319,0.100293564811308,0.0977408991422977,0.134686556945033,0.0536204808101035,0.245007072537117
"134",0.999954904508632,0.602691398017673,0.841674664300986,0.464352840280422,0.647546475541117,0.4827674655065,0.376615475345863,0.899636324574438
"135",0.999681132017963,0.849178546952686,0.947669485845426,0.870747494388008,0.872974224367337,0.772169336556319,0.865083267509432,0.931869865760667
"136",0.00064986998494498,0.107346640193404,0.0316091433256271,0.0488355497137807,0.148287922826884,0.132868213273082,0.0648493596005592,0.0833227911615739
"137",0.738387716239535,0.830244269933752,0.888927964856278,0.913388439218653,0.721554974009367,0.797884935909969,0.467733904971311,0.751693785182213
"138",0.000283704948792329,0.0687864889018378,0.0315309213111572,0.0488355497137807,0.115575074001943,0.132868213273082,0.0721275727473826,0.10944902231291
"139",0.000450060783430335,0.0400565164147875,0.00365977125351712,0.0470500073187978,0.0774707509316809,0.132868213273082,0.0327910587745692,0.0416274985352748
"140",0.348755421630484,0.103696072769576,0.103112152348583,0.100293564811308,0.13040777342957,0.134686556945033,0.114230062036519,0.192245822042615
"141",0.0814783202811102,0.0754153610277266,0.127833236973569,0.100293564811308,0.112098872297115,0.134686556945033,0.146183511576695,0.134253355484982
"142",0.296594820536984,0.106470062223802,0.173792367964627,0.190300948291344,0.108108412693563,0.203901428149343,0.150759016682043,0.104385363013032
"143",0.874732860960417,0.845707581267565,0.962675286025723,0.91691330824577,0.818126075831595,0.798648362099979,0.833663230051929,0.800803478291785
"144",0.0427462611256899,0.320247497390482,0.220724327361187,0.518785778159469,0.351958970402771,0.515070785893159,0.196516622448134,0.349842731177238
"145",0.998348862658768,0.914140723997528,0.951287266159929,0.914838154524132,0.873153128657107,0.804674358996701,0.950957596126363,0.918766786945151
"146",0.892738759466571,0.866102445622057,0.961519316225607,0.91791680541323,0.771961704508843,0.797884935909969,0.846630243224341,0.878351466193216
"147",0.58690424393902,0.454741011766548,0.80886332534368,0.546414082629469,0.473190100028729,0.515070785893159,0.472296090607659,0.651690245840552
"148",0.00313396189796362,0.0301698802901822,0.0114237848020893,0.0488355497137807,0.069654051885471,0.132868213273082,0.0479941397670822,0.0833227911615739
"149",1,0.930407661499282,0.995670686711125,0.949114343369801,0.882044995618756,0.837203171126874,0.954122709096251,0.878351466193216
"150",0.0125673990414672,0.0801569414020669,0.0114237848020893,0.0488355497137807,0.138238410431109,0.132868213273082,0.0479941397670822,0.0833227911615739
"151",0.00128433795488573,0.0754153610277266,0.0358687773030319,0.100293564811308,0.112098872297115,0.134686556945033,0.0536204808101035,0.134253355484982
"152",0.995794415020435,0.655376881719057,0.8636760498927,0.692092384992379,0.643685686360754,0.587283274610949,0.832262255324249,0.799215623087222
"153",1,0.0629392247717431,0.0772889330147147,0.0470500073187978,0.0759362933997246,0.132868213273082,0.13663035574373,0.178706179711792
"154",0.999930082191546,0.930407661499282,0.995670686711125,0.949114343369801,0.882044995618756,0.837203171126874,0.95455212860827,0.906958233379266
"155",0.999980318975737,0.909857350198548,0.994470017717901,0.91791680541323,0.830683908327025,0.797884935909969,0.917259129089693,0.906958233379266
"156",0.177284149061398,0.0754153610277266,0.0443459741660747,0.100293564811308,0.118347926553433,0.134686556945033,0.0669835673838227,0.196379414489783
"157",0.921195688410695,0.80928745864807,0.808814893993588,0.855516464780808,0.702125801482749,0.75276826996653,0.787033777330658,0.526102389991673
"158",0.993909444165809,0.828765083518542,0.790671307524608,0.783062229383873,0.780197934919832,0.694151699374724,0.850593780211771,0.690883100545266
"159",0.996310625896186,0.615845187328082,0.884905194662833,0.574037872163203,0.58654370950976,0.522062977239869,0.456259795528853,0.716387893363585
"160",0.771390055049178,0.863833521972403,0.973258156910609,0.887839695810083,0.879234625483514,0.770834647734898,0.926773844433013,0.800803478291785
"161",0.971095686505293,0.845707581267565,0.962740622967251,0.88273596233071,0.818126075831595,0.772169336556319,0.711224955398859,0.765883289308011
"162",0.376234987762771,0.555502743255409,0.496756225490532,0.667945126871384,0.574066352467616,0.587283274610949,0.63231856218707,0.529643122222142
"163",0.000396644709936635,0.044617277545402,0.0122024054956087,0.0470500073187978,0.0774707509316809,0.132868213273082,0.0327910587745692,0.0416274985352748
"164",0.917231927745388,0.486266357007539,0.640297218298148,0.574037872163203,0.50393000324004,0.522062977239869,0.787942289024141,0.472037932321483
"165",0.00789038465498402,0.0405805432313591,0.0252334865719996,0.0488355497137807,0.0917322283230699,0.132868213273082,0.060044014030075,0.0833227911615739
"166",0.888503684614557,0.465420514918614,0.423816881176597,0.591155393172301,0.469537703287211,0.548714753464905,0.421233890556118,0.672717251821127
"167",0.905031190710158,0.897342955060152,0.980729221920126,0.909585161327085,0.880725876368502,0.805418394343229,0.91738243349358,0.910163790649691
"168",1,0.134538835412582,0.138212883142076,0.100293564811308,0.152352791047714,0.134686556945033,0.438672760987172,0.131213937173749
"169",0.53443302305301,0.805881383873111,0.380787963072008,0.737022673934423,0.766002095279807,0.669290291068459,0.707675114614623,0.63666704926709
"170",0.99999712543696,0.719141926260798,0.910221688041457,0.696013419214318,0.781440054905106,0.597579107882609,0.835545292191133,0.81959111040972
"171",0.000447355138471219,0.0400565164147875,0.00816138923991228,0.0470500073187978,0.0693408244638454,0.132868213273082,0.0313432676322555,0.0416274985352748
"172",0.999941340866722,0.939297430561467,0.996620966399725,0.919297421350184,0.922945654371143,0.804674358996701,0.958403037056021,0.918766786945151
"173",0.140565641523299,0.503360045008655,0.702696424146676,0.546696285116836,0.345214711608186,0.522062977239869,0.551533823360907,0.349842731177238
"174",0.998189857086992,0.914140723997528,0.983496877024536,0.914838154524132,0.879745874955407,0.804674358996701,0.923531358311224,0.918766786945151
"175",1,0.908674976916244,0.995670686711125,0.949114343369801,0.855994309003472,0.837203171126874,0.897955098121978,0.800803478291785
"176",0.941234972557778,0.930077065029283,0.995549272358403,0.918309300600966,0.913691723805177,0.805418394343229,0.938833891662579,0.946038544215413
"177",0.000209504010466588,0.0544490916692581,0.00957603824584997,0.0470500073187978,0.0707090226072124,0.132868213273082,0.0259501899839376,0.0833227911615739
"178",0.205561036220925,0.896657199504217,0.927925259002353,0.913794081828965,0.734820982836994,0.793330563056359,0.912579267074593,0.775297326210819
"179",0.634073032684238,0.314749396173565,0.190088408425018,0.0482879097441207,0.283820271777125,0.133005789061769,0.172447300945693,0.131054524252089
"180",0.923853417955126,0.10860932417541,0.41217747971367,0.100293564811308,0.20354986156438,0.134686556945033,0.209835797499274,0.298200145593704
"181",0.999992032883215,0.939297430561467,0.976661966137799,0.930453847080453,0.923680607645458,0.813471364176776,0.93887939844997,0.946038544215413
"182",0.0578732380726617,0.864524029432041,0.766304093505207,0.776144795537348,0.727148603703977,0.687155157283901,0.574317612133166,0.516446274536128
"183",0.000129371268602178,0.0471773109616706,0.110477701675753,0.0470500073187978,0.0693408244638454,0.132868213273082,0.138900026990683,0.124802047565867
"184",0.000132752769845299,0.045805856390726,0.00204105743416298,0.0470500073187978,0.0972335822050536,0.132868213273082,0.0249005909115692,0.0416274985352748
"185",0.999841355110507,0.930077065029283,0.99101488663476,0.918309300600966,0.913724435710106,0.805418394343229,0.938833891662579,0.946038544215413
"186",0.0204477908992875,0.0341023232206392,0.00631728078205014,0.0470500073187978,0.0780635726095755,0.132868213273082,0.0303819905494709,0.0416274985352748
"187",0.0290537912528186,0.0588234259545122,0.0679758828452078,0.0488355497137807,0.116422680105456,0.132868213273082,0.101283500146354,0.10944902231291
"188",0.108324967996281,0.129575516691019,0.274534096110601,0.203415730812131,0.12051972466333,0.261346504701961,0.258413421267441,0.0833227911615739
"189",0.979152938919219,0.868990804366054,0.792825234365859,0.90915489635189,0.741911658734285,0.797884935909969,0.743543144406601,0.806672786077193
"190",0.99973794036016,0.930077065029283,0.991237754997919,0.949998809148279,0.917730141537082,0.842931822816209,0.956219182628192,0.946038544215413
"191",0.00129005530301333,0.035083451730403,0.00365977125351712,0.0470500073187978,0.0806634896414289,0.132868213273082,0.0249005909115692,0.0416274985352748
"192",0.99930439298627,0.925293736768401,0.996375890410806,0.919297421350184,0.88810872927625,0.804674358996701,0.937545520338978,0.946038544215413
"193",0.782350502068447,0.883073876703653,0.884640021670745,0.859170981623418,0.812015195391307,0.746360955916126,0.721343754714385,0.690883100545266
"194",0.0330718701111903,0.742300717576621,0.827258409986999,0.667945126871384,0.681110529094647,0.587283274610949,0.592690705106885,0.543580633907869
"195",0.997164258291294,0.876899517962273,0.973921908766857,0.908055011277477,0.75919674207721,0.798648362099979,0.920322279912449,0.849242355088964
"196",0.398328029756727,0.132555063651403,0.438429581152278,0.415336713033467,0.237924544279567,0.462974819152041,0.536140677482695,0.201183832550478
"197",0.00788628644375108,0.0423664686452716,0.0111955401507948,0.0470500073187978,0.0732290549275752,0.132868213273082,0.0978098304739898,0.0992599027370681
"198",0.991080301051437,0.374162286414796,0.344592713468454,0.0482879097441207,0.307348098614843,0.133005789061769,0.262705198298484,0.381061810994903
"199",7.95246668759927e-05,0.058078084618839,0.00365977125351712,0.0470500073187978,0.088592308959908,0.132868213273082,0.0249005909115692,0.0416274985352748
"200",0.0026169141279465,0.0508752828912256,0.0149051904417844,0.0470500073187978,0.0809339323210208,0.132868213273082,0.0471545505523384,0.082244052494908
"201",0.184456779458655,0.0646601504416858,0.125696464193822,0.203415730812131,0.093963224085268,0.261346504701961,0.243603332583254,0.0434144633954831
"202",0.84663185528021,0.826063176425497,0.95260013713718,0.90915489635189,0.714703116164534,0.797884935909969,0.773844986439175,0.536215451357247
"203",0.545377850434963,0.88793994559575,0.913430579764734,0.889151885118448,0.853219937395013,0.769996136038422,0.913446570233762,0.823462386821697
"204",0.000294384599979001,0.0773508984212874,0.00453535034613667,0.0470500073187978,0.115925344834999,0.132868213273082,0.031713409681067,0.0554711203357157
"205",0.998977907523399,0.930407661499282,0.995670686711125,0.949114343369801,0.882044995618756,0.837203171126874,0.921151509545943,0.878351466193216
"206",0.000910715764582888,0.0400565164147875,0.00365977125351712,0.0470500073187978,0.0655126493759921,0.132868213273082,0.0249005909115692,0.0416274985352748
"207",2.22044604925031e-16,0.0536898775949172,0.00365977125351712,0.0470500073187978,0.0913294638861444,0.132868213273082,0.0249005909115692,0.0416274985352748
"208",0.00384374597339329,0.0936885084411319,0.0164586244249046,0.0470500073187978,0.138232518184528,0.132868213273082,0.0341616013334175,0.0833227911615739
"209",2.22044604925031e-16,0.88446505316096,0.955213215259059,0.943477531322107,0.853618892305375,0.837203171126874,0.935826312706349,0.806672786077193
"210",0.999994658798271,0.914140723997528,0.902179123198743,0.739581765721986,0.860849498624373,0.668240141573618,0.852233739657409,0.762126282580694
"211",0.804161638825555,0.667566553895911,0.89048419393323,0.574037872163203,0.571107711771356,0.522062977239869,0.81229864555011,0.584875326664272
"212",0.0028947321592585,0.098385784131071,0.0191245107082218,0.100293564811308,0.130360731971442,0.134686556945033,0.0754893682915095,0.131213937173749
"213",0.999997488700957,0.561554571593614,0.861540213423076,0.536721575616208,0.589932066613461,0.532691189370275,0.895643064725772,0.704571061717788
"214",0.726996110107286,0.847568429129013,0.471088426638688,0.861869876320803,0.777451859380829,0.75276826996653,0.698668505163302,0.775297326210819
"215",0.966653062395582,0.846495367941566,0.937646846755161,0.78618270828365,0.818214031064389,0.703129195563934,0.927444526446295,0.832180836680826
"216",0.0617731696153046,0.0452914999534303,0.0206060774987588,0.0470500073187978,0.0874021323446603,0.132868213273082,0.140984786228242,0.0640624325490332
"217",0.930458412549239,0.503360045008655,0.17464160671292,0.546696285116836,0.432160408198938,0.522062977239869,0.315184786131486,0.349842731177238
"218",0.00842622785029206,0.0671849744571114,0.0133083133663692,0.0470500073187978,0.0997701549077157,0.132868213273082,0.069964154871297,0.138637441641853
"219",1,0.85249886544335,0.913168809506369,0.90915489635189,0.791240481785377,0.797884935909969,0.925870421094202,0.806672786077193
"220",0.791051152610615,0.914140723997528,0.964101200617912,0.711258988245718,0.873795894152103,0.645154432240449,0.817676606411324,0.8177665260823
"221",0.000961631946187388,0.0260447473784658,0.00204105743416298,0.0470500073187978,0.0645268385861029,0.132868213273082,0.0327910587745692,0.0416274985352748
"222",0.996385248123045,0.650524355303784,0.922923414116694,0.564185187309419,0.748338643385213,0.532691189370275,0.765902181890798,0.87484776320761
"223",0.649896238613964,0.400796972034879,0.457242852432774,0.55963957331474,0.422101460700671,0.522062977239869,0.552579789950211,0.584875326664272
"224",0.999999840281804,0.817506547803704,0.859147192375892,0.65897414135672,0.875384357138631,0.597579107882609,0.868177843130099,0.899636324574438
"225",1,0.0715512431780665,0.0178499161117429,0.0488355497137807,0.125116512550269,0.132868213273082,0.0586747855944102,0.0833227911615739
"226",0.0256398137433143,0.0888608160451518,0.162297111919324,0.103879433430683,0.145653878172211,0.134686556945033,0.118287917517054,0.131213937173749
"227",0.0155046591770827,0.0452914999534303,0.0121818898716293,0.0470500073187978,0.0826339403890482,0.132868213273082,0.0910737988810539,0.0416274985352748
"228",0.0282630416917443,0.150935637427418,0.71065801703393,0.424867377595467,0.25310193474484,0.462974819152041,0.620202894779324,0.345140419374517
"229",0.362338809396132,0.0629392247717431,0.0211473489407698,0.0470500073187978,0.0803212119487312,0.132868213273082,0.1190447503087,0.227323545051914
"230",0.999761143037676,0.883284815393184,0.984377476731644,0.857784025387063,0.88145510996816,0.760618549964399,0.909664160678635,0.86730429148313
"231",0.0138937453567417,0.210852508517382,0.110477701675753,0.0482879097441207,0.209264919479911,0.133005789061769,0.171176440075289,0.124802047565867
"232",0.971021959501999,0.930077065029283,0.974530947726895,0.918309300600966,0.917698811619298,0.805418394343229,0.944880923264238,0.946038544215413
"233",0.580723328935457,0.655376881719057,0.807759184719812,0.667945126871384,0.658969902095462,0.587283274610949,0.598919972008783,0.651690245840552
"234",0.27674184775216,0.914140723997528,0.993723108215401,0.919297421350184,0.879701976030337,0.804674358996701,0.950924114066434,0.893363817070687
"235",0.0146824972918859,0.086919303320289,0.170699730714056,0.103879433430683,0.105210437572997,0.134686556945033,0.161489280528027,0.245007072537117
"236",0.17171837413711,0.443804361461068,0.535628423400232,0.532127061711391,0.431320799506577,0.522062977239869,0.311813973590872,0.540563083875039
"237",0.848663841588681,0.932551117548837,0.983113629279558,0.944454239068354,0.919939353901843,0.842931822816209,0.967587550008492,0.931965970519121
"238",0.971119103310267,0.615845187328082,0.939930368025669,0.574037872163203,0.586644319852185,0.522062977239869,0.460731261836013,0.754944604593887
"239",0.00223221879026757,0.0690238526331553,0.0277814610638995,0.100293564811308,0.121909568430442,0.134686556945033,0.0660175661949574,0.16224793695302
"240",0.938750600994895,0.88045329345162,0.98321760306577,0.91691330824577,0.827543704960295,0.798648362099979,0.834021615462835,0.878351466193216
"241",0.999938209208842,0.939297430561467,0.997163936683734,0.949998809148279,0.923709849750432,0.842931822816209,0.963463190349341,0.946038544215413
"242",0.0285779619604079,0.04645905803998,0.020445723636013,0.0470500073187978,0.0841658048410265,0.132868213273082,0.0428950260054241,0.0833227911615739
"243",0.568181308588654,0.475232333242144,0.488976094749504,0.546696285116836,0.461724662609052,0.522062977239869,0.662433096658132,0.349842731177238
"244",0.00251214411015155,0.0754153610277266,0.0267248547968972,0.0470500073187978,0.112098872297115,0.132868213273082,0.0419930529586859,0.112049304194745
"245",0.984908586092332,0.603101637417556,0.913273387883267,0.692092384992379,0.645989060702192,0.587283274610949,0.646101714236263,0.661587163054937
"246",0.999841562776416,0.874949170723568,0.953313008568199,0.867685700523137,0.827565345790188,0.778768273820604,0.862951424904816,0.867478520786357
"247",0.892749054264938,0.932551117548837,0.970593762738384,0.922917814813678,0.919939353901843,0.813471364176776,0.953016494226707,0.931965970519121
"248",0.996251841128698,0.914140723997528,0.988641843532582,0.919297421350184,0.879701976030337,0.804674358996701,0.923531358311224,0.918766786945151
"249",0.00122230625558017,0.0451981598242021,0.0629979576286315,0.0488355497137807,0.0917322283230699,0.132868213273082,0.0740267243625162,0.10944902231291
"250",0.214833603093143,0.57948937247789,0.385747505140225,0.478966059506882,0.564331499788283,0.4827674655065,0.575268929382744,0.421144044779788
"251",0.000187642501358875,0.0536898775949172,0.00816138923991228,0.0470500073187978,0.0965104212956219,0.132868213273082,0.0313432676322555,0.0416274985352748
"252",0.00621694383103028,0.0260447473784658,0.00204105743416298,0.0470500073187978,0.0576703551656775,0.132868213273082,0.0308742436103975,0.0553918110140367
"253",0.0254864329666868,0.305344608665607,0.345840879531779,0.444715338248318,0.337419923318035,0.470242481335148,0.36612559577253,0.349842731177238
"254",2.22044604925031e-16,0.0597063603816587,0.114945424825202,0.100293564811308,0.107458056503446,0.134686556945033,0.216670556885654,0.0734620112688512
"255",0.937039933906233,0.925293736768401,0.987072249354461,0.877606234889677,0.88810872927625,0.764998422214496,0.907219283344713,0.946038544215413
"256",0.999638892596975,0.930407661499282,0.995670686711125,0.949114343369801,0.869818745114354,0.837203171126874,0.916512817585387,0.878351466193216
"257",0.982599759380923,0.88793994559575,0.973591916044391,0.821345341323811,0.845428458516608,0.730823950907452,0.896909848302194,0.791480101582788
"258",0.035336152808667,0.0508752828912256,0.0119853249445692,0.0470500073187978,0.0809647983759009,0.132868213273082,0.0375879456209068,0.123742682715394
"259",0.00315533386273465,0.0597063603816587,0.0191245107082218,0.100293564811308,0.0913294638861444,0.134686556945033,0.0434797994413495,0.0554711203357157
"260",0.900497926055504,0.896657199504217,0.967305277914886,0.91791680541323,0.801407397061084,0.797884935909969,0.895862438833569,0.775297326210819
"261",1,0.0260447473784658,0.00631728078205014,0.0470500073187978,0.0609470296882706,0.132868213273082,0.0327910587745692,0.0416274985352748
"262",0.00805320734199906,0.0380119958062124,0.0107299462121866,0.0470500073187978,0.0825917858047447,0.132868213273082,0.0452871805966509,0.0640624325490332
"263",0.0102938582473244,0.0341023232206392,0.00204105743416298,0.0470500073187978,0.0739391242978234,0.132868213273082,0.0249005909115692,0.0416274985352748
"264",0.94916350394849,0.930407661499282,0.990260435231866,0.949114343369801,0.882044995618756,0.837203171126874,0.954122709096251,0.878351466193216
"265",0.00711633372287157,0.0706567370302119,0.00957603824584997,0.0470500073187978,0.100625481162721,0.132868213273082,0.0341616013334175,0.0833227911615739
"266",0.0303278967408177,0.57948937247789,0.250271006503916,0.574037872163203,0.430479497131608,0.522062977239869,0.422958462962206,0.472037932321483
"267",0.000238868513146472,0.035083451730403,0.00708683935561998,0.0470500073187978,0.0806634896414289,0.132868213273082,0.0249005909115692,0.0416274985352748
"268",0.468817833040095,0.79773261120794,0.75024931928869,0.788400757712463,0.745172097260407,0.702138678391813,0.63698117001446,0.590812259842261
"269",0.999197519103616,0.892320281317827,0.982786977992305,0.855516464780808,0.85249582743109,0.75276826996653,0.958699705911701,0.86730429148313
"270",0.236028541971274,0.57948937247789,0.510813004342782,0.478966059506882,0.521890613600778,0.4827674655065,0.447944956829267,0.534123415061578
"271",0.0240455657546625,0.0756399879099595,0.102392202572592,0.0470500073187978,0.0932571976135033,0.132868213273082,0.064261864385495,0.14808451802604
"272",0.018662980564481,0.0400565164147875,0.00365977125351712,0.0470500073187978,0.0732290549275752,0.132868213273082,0.0327910587745692,0.0434144633954831
"273",0.000223992859000449,0.0605452086342404,0.00957603824584997,0.0470500073187978,0.0707090226072124,0.132868213273082,0.0259501899839376,0.0833227911615739
"274",0.614486295215113,0.673171342756902,0.700091108237154,0.904193604966272,0.612085058679349,0.797884935909969,0.461102486812725,0.483757375456295
"275",0.987575546154326,0.914140723997528,0.967227290177095,0.864053569710631,0.873107170177772,0.760618549964399,0.887148432366909,0.893363817070687
"276",0.999999081222871,0.930077065029283,0.940595669070622,0.949998809148279,0.917730141537082,0.842931822816209,0.95806672078113,0.946038544215413
"277",0.992902989871679,0.847568429129013,0.946445285512007,0.91791680541323,0.76830700758221,0.797884935909969,0.905283894403822,0.823261933129374
"278",0.00119364911038606,0.098414462094956,0.00696012338809178,0.0470500073187978,0.117805481095293,0.132868213273082,0.0266876767095786,0.0439221219860381
"279",0.808513065115544,0.828458223861889,0.979762053266931,0.943416777389856,0.780370767203723,0.833349728016554,0.800541243481267,0.800803478291785
"280",0.999470261817363,0.866102445622057,0.979376765728375,0.91791680541323,0.801186956674061,0.797884935909969,0.944490435496853,0.878351466193216
"281",0.00262460971907357,0.0301698802901822,0.0233073452097187,0.0488355497137807,0.0658098069271413,0.132868213273082,0.0586747855944102,0.0833227911615739
"282",0.0363292434758701,0.0926887040823277,0.0184098465361997,0.0470500073187978,0.10636437908265,0.132868213273082,0.101612414913994,0.0833227911615739
"283",0.000969370911344131,0.0400565164147875,0.0049991582207148,0.0470500073187978,0.0655380535523653,0.132868213273082,0.0296061652015752,0.0640624325490332
"284",0.942695077768055,0.895481937602173,0.992251302712771,0.949114343369801,0.853618892305375,0.837203171126874,0.880692657381739,0.878351466193216
"285",0.999999997877276,0.874949170723568,0.941462968196352,0.67633633323551,0.811793005861768,0.638716840007094,0.929091081301498,0.778088768499395
"286",0.807505416291926,0.893451840943701,0.974557869732705,0.943477531322107,0.795847155394741,0.837203171126874,0.873000169552688,0.699085491763969
"287",0.702081444186918,0.400796972034879,0.347865091370664,0.55963957331474,0.474402614880317,0.522062977239869,0.482929796455015,0.584875326664272
"288",0.000930558005024112,0.111650948706263,0.170699730714056,0.103879433430683,0.13299744256208,0.134686556945033,0.161489280528027,0.245007072537117
"289",0.0030672581592345,0.0400565164147875,0.00708683935561998,0.0470500073187978,0.0693408244638454,0.132868213273082,0.0308742436103975,0.0553918110140367
"290",0.962991176426172,0.930407661499282,0.988306726787498,0.929249400479911,0.882044995618756,0.806914347315153,0.937593418527314,0.878351466193216
"291",0.026333508150368,0.406848570460973,0.167666632494564,0.444715338248318,0.275488773572605,0.470242481335148,0.126673142088353,0.349842731177238
"292",0.000272563465408281,0.0706567370302119,0.00701905249275005,0.0470500073187978,0.090303509132091,0.132868213273082,0.0249005909115692,0.0833227911615739
"293",0.00430363171608751,0.0260447473784658,0.00278969335798646,0.0470500073187978,0.054470153034619,0.132868213273082,0.031446806841635,0.0667454003006648
"294",0.00918915982461278,0.0834532126218714,0.0119853249445692,0.0470500073187978,0.118304643552867,0.132868213273082,0.0375879456209068,0.157918443603864
"295",0.00496722310773785,0.0400565164147875,0.00365977125351712,0.0470500073187978,0.0797255832003332,0.132868213273082,0.0308742436103975,0.0416274985352748
"296",0.999996665405186,0.910464259611729,0.982687732156352,0.909585161327085,0.931231879984771,0.805418394343229,0.938833891662579,0.94870114456412
"297",0.983037055320074,0.788637334102267,0.918574213504477,0.696013419214318,0.784605587688568,0.597579107882609,0.859142784834635,0.877435345920721
"298",0.0364614659986915,0.57948937247789,0.206995279615476,0.56090552568174,0.430479497131608,0.515070785893159,0.255415506425787,0.472037932321483
"299",0.635622323243057,0.779762918349952,0.954070212482323,0.90915489635189,0.690819810131238,0.797884935909969,0.872440159591211,0.785452992621583
"300",0.864189645755082,0.59247395669665,0.341597999508777,0.667945126871384,0.593973673191536,0.587283274610949,0.47839428975751,0.529643122222142
"301",0.999851540582596,0.598386340073834,0.889474421003931,0.536721575616208,0.637673535080518,0.532691189370275,0.848683424695077,0.787088823483503
"302",0.771451921650449,0.0812582816104695,0.0235945205457893,0.0488355497137807,0.10828900685012,0.132868213273082,0.176296321632605,0.229560648408747
"303",0.999948253308047,0.930077065029283,0.991237754997919,0.949998809148279,0.917698811619298,0.842931822816209,0.95806672078113,0.946038544215413
"304",0.99945510375776,0.914140723997528,0.986930640440772,0.864053569710631,0.873107170177772,0.760618549964399,0.928659246134544,0.893363817070687
"305",0.00120979337943767,0.0522165681085873,0.00631728078205014,0.0470500073187978,0.093451652227479,0.132868213273082,0.0327910587745692,0.0416274985352748
"306",0.443294446122463,0.374083558553566,0.250226391024665,0.532127061711391,0.4220002602023,0.522062977239869,0.325770197005052,0.349842731177238
"307",0.0102847092170922,0.106470062223802,0.10870470340187,0.0470500073187978,0.11949591064724,0.132868213273082,0.1190447503087,0.220598532787642
"308",0.996450244351313,0.92652482621061,0.993738404657519,0.946467168915918,0.882088154135855,0.833349728016554,0.950752592056044,0.878351466193216
"309",0.999737146871676,0.88446505316096,0.982786977992305,0.909585161327085,0.907858385496179,0.805418394343229,0.95484954155482,0.931869865760667
"310",0.996347823879148,0.826309012259563,0.864183149978436,0.785303809366437,0.726873827298245,0.693144300756571,0.743579362839428,0.751081422254994
"311",0.501889168880226,0.0687864889018378,0.20948695279332,0.103879433430683,0.109535163603034,0.134686556945033,0.161489280528027,0.16224793695302
"312",0.953412392352398,0.628393359358971,0.851433492685069,0.578546787328158,0.665598372932022,0.532691189370275,0.786071899500393,0.684631169543821
"313",0.999403485904536,0.925293736768401,0.991645790805044,0.889151885118448,0.887213298152988,0.769996136038422,0.933412196371436,0.946038544215413
"314",0.000141329689172254,0.0301698802901822,0.00701905249275005,0.0470500073187978,0.069654051885471,0.132868213273082,0.0259501899839376,0.0416274985352748
"315",0.996953192735388,0.890583768273106,0.978190290872392,0.788400757712463,0.831483185040003,0.702138678391813,0.875331160688447,0.844402090743476
"316",0.0576498295862977,0.0551874436484643,0.0247362311449869,0.0470500073187978,0.093451652227479,0.132868213273082,0.120780136576611,0.124802047565867
"317",0.666471216191324,0.383486031822902,0.127751897661466,0.546696285116836,0.400526821525098,0.522062977239869,0.543956539404316,0.349842731177238
"318",0.112805085182619,0.758118768271585,0.426392839401407,0.622579267660094,0.680271643378288,0.598182532968124,0.297266928655352,0.455737402038168
"319",0.00896055124120068,0.0509864578450922,0.0107394836740545,0.100293564811308,0.117463320856983,0.134686556945033,0.092448639432523,0.0673133892940543
"320",0.994442472558489,0.901082452683705,0.982884044541617,0.867685700523137,0.847061282947335,0.778768273820604,0.940695346781605,0.931965970519121
"321",0.0204707520274291,0.144266899801951,0.138212883142076,0.100293564811308,0.146800983194172,0.134686556945033,0.114788487864143,0.131213937173749
"322",0.949625317673762,0.782704089375548,0.901893562599843,0.908055011277477,0.748671801101304,0.798648362099979,0.789136365934764,0.699085491763969
"323",0.421825307910068,0.479994683317675,0.144856536388593,0.591155393172301,0.519090673490081,0.548714753464905,0.365707058566719,0.603570237507893
"324",0.896963839350734,0.847568429129013,0.879267139912029,0.91791680541323,0.787809831337428,0.797884935909969,0.856178308704271,0.775297326210819
"325",0.157637869756852,0.510703543086314,0.248567024698562,0.55963957331474,0.470580298053882,0.522062977239869,0.209690411487393,0.482989792856724
"326",0.19923922040509,0.103726120527666,0.0211473489407698,0.0470500073187978,0.117805481095293,0.132868213273082,0.0806131876271143,0.124802047565867
"327",0.00202938637444712,0.345236946164953,0.243761913255777,0.532127061711391,0.250268886241839,0.522062977239869,0.19741771264115,0.349842731177238
"328",0.00220130708429021,0.0784403346976406,0.0211473489407698,0.0470500073187978,0.0852062773695818,0.132868213273082,0.0806131876271143,0.124802047565867
"329",0.990670236152589,0.92652482621061,0.994756701104694,0.884100066794294,0.828291337158318,0.771334259755682,0.914429060470078,0.901995353895888
"330",0.00416176371686793,0.0515157962116546,0.00816138923991228,0.0470500073187978,0.0789857500858714,0.132868213273082,0.0388010164889374,0.0833227911615739
"331",0.936991200427205,0.890583768273106,0.933111566205794,0.717639359602391,0.814989558010273,0.668240141573618,0.685211314286342,0.844402090743476
"332",0.453487628672445,0.468967779178719,0.0809541254632012,0.574037872163203,0.472640103378776,0.522062977239869,0.418539498475613,0.472037932321483
"333",0.0432846322775986,0.0973696426613771,0.125696464193822,0.203415730812131,0.112104375848563,0.261346504701961,0.23867163901835,0.0416274985352748
"334",0.0777586509847724,0.562744987699932,0.67168942923471,0.654812292690215,0.596954899734928,0.587283274610949,0.510012942380079,0.529643122222142
"335",0.000127441334403164,0.0290584472754913,0.012743838371065,0.0470500073187978,0.0576703551656775,0.132868213273082,0.0398467747892085,0.0416274985352748
"336",0.934911726957527,0.655376881719057,0.667713950086532,0.605250081720279,0.670630472478799,0.548714753464905,0.80298486636788,0.705815851427075
"337",0.504814037376972,0.434278352584594,0.544884038543392,0.532127061711391,0.382808206969977,0.522062977239869,0.292997322509228,0.458856823699232
"338",0.00213162652860836,0.0736111973912948,0.00745398433440256,0.0470500073187978,0.0766998177194074,0.132868213273082,0.0311159726388368,0.125291421675421
"339",0.990589122498318,0.901082452683705,0.977724786870704,0.717639359602391,0.83978862748073,0.668240141573618,0.880112796950645,0.88006073666999
"340",0.72480640579116,0.129575516691019,0.45879454991558,0.203415730812131,0.12051972466333,0.261346504701961,0.315370485950698,0.0833227911615739
"341",0.698304793942112,0.734832502990788,0.856131106936638,0.605250081720279,0.5746493634664,0.548714753464905,0.505753541918045,0.616901643339106
"342",0.985156758408097,0.662922374199927,0.850204921553549,0.672027942602156,0.757717563669069,0.597579107882609,0.871765936560755,0.833078348275584
"343",1,0.0411624451814218,0.0178499161117429,0.0488355497137807,0.0710279587822714,0.132868213273082,0.0648493596005592,0.0833227911615739
"344",0.99971849642876,0.889881089367911,0.923083850722307,0.823014342045072,0.792336100426114,0.715455645976645,0.85962476614406,0.809482548626961
"345",0.284678620408702,0.541021232489895,0.61483831616057,0.667945126871384,0.482133774825343,0.587283274610949,0.569499426876588,0.529643122222142
