"","LRR_predictions_PG","GAM_predictions","LDA_predictions","CTREE_predictions_PG","RF_predictions_PG","XGB_predictions_PG","LGBM_predictions_PG","RE_RF_predictions_PG","RE_boosting_predictions_PG","RE_bag_predictions","PLTR_predictions_PG","lambda.min","lambda.min","lambda.min","lambda.min"
"1",0.344892295605685,0.152844725909153,0.00502144442550224,0.0542635658914729,0.2175,0.0757835507392883,0.265752277888337,0.104105884523142,0.0388039213786172,0.0459006082417677,0.316056514452361,0.0934748274812689,0.0181819619611922,0.0505793022663494,0.405134798711305
"2",0.336109042496105,0.0177920922744653,0.0140138017787626,0.0542635658914729,0.049888018112156,0.0102775692939758,0.00991544353537436,0.0652855144893009,0.00864088077576208,0.0459006082417677,0.0762803620850547,0.0702753419155021,0.0181819619611922,0.00633000645421344,0.0326609580296617
"3",0.336109042496105,0.0107890785469532,0.00374179578556337,0.0542635658914729,0.0621428571428571,0.00804829597473145,0.0072862378048447,0.104105884523142,0.0362398325418047,0.0459006082417677,0.113874131162901,0.065880036494752,0.0181819619611922,0.0258821237259167,0.0428576761555303
"4",0.642618095296202,0.976829024152175,0.983899392825915,0.895161290322581,0.602429219600726,0.889050528407097,0.819893279603018,0.579833275298271,0.851375321066038,0.761813542728729,0.629842718929864,0.910337718252132,0.828672650782414,0.677757062177932,0.562119801023646
"5",0.577798911307394,0.900184749601065,0.967896121530842,0.895161290322581,0.755916666666667,0.981129046529531,0.858246423180828,0.610433992440614,0.712995422619836,0.700419119917833,0.605987148715136,0.728753816609349,0.68401910426775,0.910255589359348,0.577350365734202
"6",0.336829560538727,0.0223135255197933,0.00607913447714383,0.0542635658914729,0.0564444444444444,0.00212323665618896,0.00408654114188462,0.0652855144893009,0.0267306244540198,0.0459006082417677,0.0937450120427678,0.0719679552257853,0.0181819619611922,0.00906548998220626,0.051060868526583
"7",0.599184678673316,0.975616352354189,0.98774411324026,0.895161290322581,0.968333333333333,0.992463990580291,0.994002011433939,0.94314525721824,0.960064047901421,0.963248699521524,0.904300548121797,0.820350863159042,0.986966736262324,0.989271301311447,0.962409843984111
"8",0.607085633209716,0.977620808496832,0.919872256743792,0.895161290322581,0.788978515128401,0.9712915122509,0.96088202063334,0.763483765167366,0.861988384887788,0.799556565387351,0.778291848518621,0.833408535975984,0.886849135982383,0.739733651394624,0.854795351615992
"9",0.586824899037483,0.544205536992098,0.908083779021308,0.895161290322581,0.808416666666667,0.642731457948685,0.880181947044849,0.94314525721824,0.877863548414038,0.924426524876689,0.746462055440324,0.755512360972,0.7998316042047,0.720038500278707,0.692905927427633
"10",0.61475660700848,0.997782861684939,0.993922954212902,0.895161290322581,0.961666666666667,0.992318272124976,0.992328413222001,0.94314525721824,0.987156493917569,0.963248699521524,0.929882977053933,0.866018125107685,0.986966736262324,0.994703972224707,0.984912851759866
"11",0.336109042496105,0.00962475007364103,0.00733456734756909,0.0542635658914729,0.151176470588235,0.0776202082633972,0.194849948720383,0.104105884523142,0.0788917858970182,0.0569040813078803,0.146148641257229,0.0702753419155021,0.0469000157146788,0.0456368929120527,0.100738523671227
"12",0.35574783226707,0.167234366171196,0.0150102377186268,0.0542635658914729,0.162,0.030055820941925,0.00369247958514847,0.0652855144893009,0.0220590825476967,0.0459006082417677,0.174471736917802,0.130876540739577,0.0181819619611922,0.00906548998220626,0.143788109409035
"13",0.582444758875285,0.71933443417568,0.91730477865007,0.895161290322581,0.85315664160401,0.971892151981592,0.967376066289639,0.88953326855351,0.937327107237047,0.938883371948582,0.866842172289849,0.757631210525767,0.962586234860839,0.958741205758686,0.954083631386672
"14",0.336137848608256,0.00377683032293422,0.00452532370600213,0.0542635658914729,0,0.000671148300170898,0.000639022040425512,0.0652855144893009,0.0166787334492553,0.0459006082417677,0.0647729363672509,0.065943135985581,0.0181819619611922,0.00288010377653763,0.0136774713220492
"15",0.510631509918127,0.156973652447418,0.733162627312577,0.621212121212121,0.347056166056166,0.0294312834739685,0.0575951812406916,0.48502439060875,0.198818122904606,0.534634839167296,0.442380360756207,0.643048694381572,0.282991327419077,0.116055205806824,0.287750253654889
"16",0.585180699751002,0.96257515010159,0.987303188898109,0.895161290322581,0.838705406911929,0.816405192017555,0.970772561265711,0.763483765167366,0.788058506701409,0.700419119917833,0.864989153686458,0.768746056293273,0.872043041127542,0.81642469606998,0.926947151339856
"17",0.33661332528878,0.0285126866577825,0.00423132183567834,0.0542635658914729,0.176666666666667,0.320300042629242,0.309413251466834,0.104105884523142,0.310100202320956,0.287980736148302,0.125859803081678,0.066992417748897,0.267529815753022,0.381157080003019,0.0760524607239526
"18",0.641368617634761,0.999925623926694,0.995953812994056,0.895161290322581,0.900083333333333,0.935474127531052,0.834807685371458,0.88953326855351,0.865916914228379,0.938883371948582,0.81338586692814,0.958060023143733,0.962586234860839,0.870992434341724,0.839563627275136
"19",0.40175864926509,0.108692016196442,0.00427434629581642,0.0542635658914729,0.27875,0.0156122446060181,0.00528569722949344,0.104105884523142,0.0837977000675368,0.0459006082417677,0.136847189488932,0.103201530421285,0.0181819619611922,0.00994353785694234,0.0647600069897986
"20",0.510631509918127,0.121129410885575,0.586264910562245,0.621212121212121,0.672579365079365,0.94763558357954,0.828137829094605,0.610433992440614,0.806722221818576,0.588952981800693,0.673833074537807,0.643048694381572,0.858562057020736,0.859816844706797,0.792606370972712
"21",0.607085633209716,0.630706903024334,0.985344659686154,0.895161290322581,0.903666666666667,0.959734205156565,0.947050821533648,0.763483765167366,0.896983221464325,0.799556565387351,0.814722146408931,0.875249840189234,0.923272479055257,0.948579799005243,0.903676607586012
"22",0.616741923432372,0.971362885590351,0.976083888319011,0.895161290322581,0.999166666666667,0.993578819092363,0.979110876222459,0.94314525721824,0.987156493917569,0.963248699521524,0.929882977053933,0.873561110995083,0.986966736262324,0.994703972224707,0.984912851759866
"23",0.59115382507006,0.998328690145642,0.985425102940911,0.895161290322581,0.86,0.414379835128784,0.827904732112401,0.88953326855351,0.809170389593762,0.938883371948582,0.822645947083143,0.806107176365789,0.962586234860839,0.901038038607444,0.895106144633091
"24",0.399085519708051,0.0116509139600515,0.0272264279215316,0.0542635658914729,0.147742424242424,0.051457941532135,0.0473807813296255,0.104105884523142,0.0672688441405328,0.177866799013123,0.125859803081678,0.0953025494035537,0.144005515532774,0.0411145182430111,0.0793540172146029
"25",0.336109042496105,0.0937853181873908,0.0185029155641826,0.0542635658914729,0.1865,0.117971181869507,0.164579289005788,0.104105884523142,0.310100202320956,0.287980736148302,0.161027057110058,0.0702753419155021,0.267529815753022,0.243492792021428,0.172899072786199
"26",0.351395877735462,0.161276482664619,0.00617466712640137,0.0542635658914729,0.231666666666667,0.476549088954926,0.564319276761595,0.104105884523142,0.325496668211938,0.287980736148302,0.227305181285305,0.107772026302723,0.267529815753022,0.579911935731966,0.204389409807724
"27",0.336152252121358,0.00457297291500116,0.00672125032167461,0.0542635658914729,0.1225,0.0195765495300293,0.00329989508757272,0.104105884523142,0.0432368330954503,0.0459006082417677,0.113874131162901,0.0659747067905514,0.0181819619611922,0.0272249929898747,0.0428576761555303
"28",0.399046822459318,0.0462282157294247,0.0178593350048936,0.0542635658914729,0.209782608695652,0.0197935104370117,0.140508277748943,0.104105884523142,0.0861763894188487,0.0569040813078803,0.118373960437219,0.0951921494555371,0.0469000157146788,0.040862852910698,0.0447880488511281
"29",0.642877466685875,0.996824084218036,0.984130902912183,0.895161290322581,0.883386152162014,0.967868879437447,0.98343528657477,0.763483765167366,0.853622721878216,0.799556565387351,0.758055194496887,0.939017778225944,0.886017870443519,0.822320691090441,0.812145624460833
"30",0.336109042496105,0.0188248278843055,0.00775463618929613,0.0542635658914729,0.11,0.0109779834747314,0.0176360752539567,0.104105884523142,0.0334150282875959,0.0459006082417677,0.132865486798736,0.0702753419155021,0.0181819619611922,0.0192770888449135,0.098304897025278
"31",0.39181842740071,0.0682087007287143,0.142907464279602,0.0542635658914729,0.071468253968254,0.158981561660767,0.274463439746539,0.125787140181041,0.112988772237357,0.0459006082417677,0.130548826110418,0.119312659484367,0.0256244500001704,0.22529599142584,0.0608481696818792
"32",0.517274460006389,0.995693248421416,0.907846866462426,0.621212121212121,0.846,0.997957398416474,0.996897718730163,0.88953326855351,0.913875231344145,0.903980072780189,0.832608048511634,0.68992054632143,0.962586234860839,0.965347842965806,0.925656836471195
"33",0.621458906622933,0.995538190005573,0.994302879320183,0.895161290322581,0.9225,0.989481063559651,0.965398470399053,0.763483765167366,0.95397990820716,0.799556565387351,0.814722146408931,0.872229248365183,0.946996850847535,0.948579799005243,0.907613333135899
"34",0.336109042496105,0.192008967618127,0.0110398015044106,0.0542635658914729,0.284671497584541,0.940893009305,0.870302926564708,0.104105884523142,0.325496668211938,0.336546414770082,0.132865486798736,0.0702753419155021,0.492521201386287,0.593246155901899,0.115959581574658
"35",0.511179888818712,0.229606462423694,0.560902547530442,0.621212121212121,0.502616959064327,0.627732217311859,0.542846759915025,0.48502439060875,0.537603154799474,0.588952981800693,0.470580545435065,0.647037894912001,0.59116080669121,0.709565961296841,0.381675699017931
"36",0.422197669339255,0.000691479659793839,0.00972564001966033,0.0542635658914729,0.121034482758621,0.00475269556045532,0.0030628994456368,0.125787140181041,0.168537395288316,0.0459006082417677,0.130548826110418,0.157212256385499,0.0181819619611922,0.0460418253154048,0.059956519406676
"37",0.654773744852289,0.998916898727446,0.97689008024221,0.895161290322581,0.977391304347826,0.994745459873229,0.99930119072787,0.94314525721824,0.961338989271068,0.963248699521524,0.904300548121797,0.941733152042342,0.986966736262324,0.974776183973237,0.968537774111085
"38",0.406591982458409,0.168790328058968,0.343810700322403,0.0542635658914729,0.163876363100501,0.0356383323669434,0.0385115395543772,0.125787140181041,0.159400072843193,0.0459006082417677,0.158309012497121,0.157004171373485,0.0181819619611922,0.0756385068454326,0.0884797958089478
"39",0.336109042496105,0.0454878466074966,0.00458836707069017,0.0542635658914729,0.305833333333333,0.795174911618233,0.757117720585485,0.104105884523142,0.322519214909116,0.213428973865108,0.132865486798736,0.0702753419155021,0.308927494640663,0.255392496369897,0.098304897025278
"40",0.465935577948941,0.596235989445279,0.0551771511230189,0.230769230769231,0.424444444444444,0.618684321641922,0.586530984936592,0.193149239282215,0.623394948554804,0.308515964010741,0.290040233250552,0.313453875068324,0.352684327590106,0.40400105535714,0.409257316091538
"41",0.664669780149777,0.999631927614275,0.998193996081705,0.895161290322581,0.924761904761905,0.993048015981913,0.995253144102049,0.94314525721824,0.980882272342676,0.963248699521524,0.904300548121797,0.982622647475755,0.986966736262324,0.989091968100196,0.971227779358398
"42",0.336109042496105,0.440339964248599,0.804163083517532,0.230769230769231,0.368964921600824,0.375299215316772,0.656095843576442,0.527075503070617,0.310100202320956,0.308515964010741,0.213445090765715,0.0702753419155021,0.352684327590106,0.408745217674053,0.115959581574658
"43",0.628568055180556,0.941653373112254,0.961338086908324,0.895161290322581,0.8695,0.98527555167675,0.966034951604035,0.763483765167366,0.95397990820716,0.799556565387351,0.814722146408931,0.88857152260072,0.946996850847535,0.948579799005243,0.909527021316092
"44",0.336109042496105,0.00102589592681087,0.00532339489195588,0.230769230769231,0.0511666666666667,0.00346988439559937,0.00240899012652393,0.0652855144893009,0.0128091736442629,0.0503954577358589,0.0686453849751301,0.0702753419155021,0.0268820883633759,0.00288010377653763,0.0216203554242055
"45",0.336829560538727,0.00242854896694406,0.00740618453696234,0.0542635658914729,0.0552994864612512,0.0016244649887085,0.0119530680131987,0.0652855144893009,0.0205777727997784,0.0459006082417677,0.0762803620850547,0.0719679552257853,0.0181819619611922,0.00227820206572929,0.0326609580296617
"46",0.338171741591234,0.0190585214151277,0.014793123317034,0.0542635658914729,0.03275,0.00223362445831299,0.00209779296962924,0.0652855144893009,0.0149262455339626,0.0459006082417677,0.16569144340016,0.0752165686521352,0.0181819619611922,0.00906548998220626,0.0953367030084666
"47",0.514663024306735,0.988991544170927,0.85261896246265,0.621212121212121,0.790833333333333,0.993254591710865,0.990433409846962,0.94314525721824,0.929576807522622,0.903980072780189,0.910176855095674,0.741724088948696,0.962586234860839,0.961327139755563,0.972733233558489
"48",0.581730339135121,0.928325827090799,0.965223339188269,0.895161290322581,0.853537272717025,0.913139954209328,0.841284837449561,0.908849162784766,0.898725828419903,0.924911464473253,0.603664907038791,0.751127684169807,0.961519873423083,0.860181467982455,0.453117623513186
"49",0.649735831404705,0.997424717241418,0.997824254309225,0.895161290322581,0.967894736842105,0.930896811187267,0.962994625507567,0.94314525721824,0.983676860305983,0.963248699521524,0.904300548121797,0.962023884872951,0.986966736262324,0.992960542488676,0.962409843984111
"50",0.510631509918127,0.154197584238987,0.789592156329064,0.621212121212121,0.708230769230769,0.843418881297112,0.585556055625578,0.610433992440614,0.836453251343798,0.588952981800693,0.673833074537807,0.643048694381572,0.858562057020736,0.857982397091102,0.76056263925203
"51",0.336109042496105,0.00491171409591373,0.00309940960056918,0.0542635658914729,0.0144264705882353,0.00188827514648438,0.00604905304319661,0.0652855144893009,0.0128091736442629,0.0459006082417677,0.0720105077793191,0.065880036494752,0.0181819619611922,0.00376117291056405,0.0207479939329463
"52",0.604798417970554,0.930023889307754,0.967432666580109,0.895161290322581,0.871428571428572,0.979811366647482,0.890530763149194,0.94314525721824,0.973766659327519,0.963248699521524,0.922098010143683,0.846153245432196,0.986966736262324,0.977576033673877,0.976077920887581
"53",0.336109042496105,0.062246205791349,0.00410527526905137,0.230769230769231,0.337857142857143,0.666437298059464,0.684038327587241,0.104105884523142,0.322519214909116,0.230368075770927,0.132865486798736,0.0702753419155021,0.400061898664002,0.277966531116533,0.115959581574658
"54",0.570777575677768,0.796233005878566,0.978811956437211,0.895161290322581,0.615368142996171,0.744923233985901,0.661002401690134,0.659893083906495,0.810726717086032,0.652130503677552,0.645084451766919,0.711610802177475,0.37537685072754,0.733660765461836,0.690316288774818
"55",0.644922663755338,0.997642993175435,0.992246592125677,0.895161290322581,0.9095,0.985074494034052,0.973842929222508,0.94314525721824,0.961338989271068,0.963248699521524,0.904300548121797,0.943132144983206,0.986966736262324,0.98760434165678,0.96483179267213
"56",0.620464550021674,0.970005594775148,0.95246228788293,0.895161290322581,0.978465517241379,0.998158036964014,0.993742520920471,0.94314525721824,0.989404145576647,0.963248699521524,0.913697605085364,0.877898736112922,0.986966736262324,0.99713555144475,0.976699522656298
"57",0.64095013000388,0.92875384630434,0.976887430986333,0.895161290322581,0.969140350877193,0.952658843249083,0.969819568080419,0.94314525721824,0.944759561801308,0.963248699521524,0.913697605085364,0.924161401898118,0.986966736262324,0.980066000682905,0.977725373467645
"58",0.637453413603758,0.995760873273316,0.983477585852418,0.895161290322581,0.979666666666667,0.997878150781617,0.992393808543869,0.94314525721824,0.987156493917569,0.963248699521524,0.929882977053933,0.927621667967837,0.986966736262324,0.994703972224707,0.985251384347458
"59",0.337117980488153,0.0208400722163291,0.0118890243032607,0.0542635658914729,0.115201149425287,0.0154924392700195,0.0428878871279506,0.104105884523142,0.111407619107474,0.177866799013123,0.132865486798736,0.0726554728398757,0.144005515532774,0.15542155204334,0.115959581574658
"60",0.518370345341675,0.919286802880054,0.966728693327859,0.621212121212121,0.534107142857143,0.817652195692062,0.893169892762173,0.774901267237041,0.885741628994516,0.883023050920031,0.644893538783799,0.697325439126633,0.961519873423083,0.902112454618193,0.658295439549145
"61",0.621466498728957,0.720686608932813,0.93635729285909,0.895161290322581,0.830965517241379,0.805566370487213,0.637451144449121,0.763483765167366,0.7671793065426,0.799556565387351,0.746462055440324,0.864334662784277,0.832780224743048,0.628620864980988,0.716857881132498
"62",0.653707879175108,0.953735952531693,0.938786923656521,0.895161290322581,0.8595,0.996242810739204,0.994774701948233,0.94314525721824,0.989404145576647,0.963248699521524,0.913697605085364,0.936300678138378,0.986966736262324,0.997140161344025,0.979181881902634
"63",0.336109042496105,0.00600106453911618,0.0166087285557831,0.0542635658914729,0.0325546847788227,0.00259333848953247,0.0159493767740448,0.0652855144893009,0.0128091736442629,0.0459006082417677,0.0762803620850547,0.0702753419155021,0.0181819619611922,0.00301952040262496,0.0326609580296617
"64",0.412335430979165,0.0230524872751808,0.00663132955873744,0.0542635658914729,0.241314102564103,0.157958745956421,0.237015075945328,0.125787140181041,0.312122525125254,0.150115859758573,0.234758640671841,0.138199292573494,0.237651005937607,0.105868547561656,0.174744100358322
"65",0.599827082749181,0.933543167238466,0.915608465315524,0.895161290322581,0.843052818828681,0.9947061939165,0.980279823618808,0.763483765167366,0.878050409963383,0.799556565387351,0.778291848518621,0.810699520154506,0.92087047832591,0.920559784510625,0.851912469309182
"66",0.510631509918127,0.294796571737516,0.504919104972415,0.621212121212121,0.553903283850652,0.297236204147339,0.103464964417737,0.610433992440614,0.3819800242886,0.588952981800693,0.607807878313985,0.626988549366836,0.376324231720034,0.137739282323859,0.555706133229642
"67",0.636071043370775,0.999999996971284,0.993317304913574,0.895161290322581,0.97,0.98921936377883,0.983037713587506,0.94314525721824,0.971449040281357,0.963248699521524,0.929882977053933,0.91152944040547,0.986966736262324,0.992564833926005,0.98590615519977
"68",0.510631509918127,0.334640703884675,0.905701387089126,0.621212121212121,0.400607142857143,0.0785992741584778,0.104623763697785,0.610433992440614,0.287365422373709,0.588952981800693,0.607807878313985,0.643048694381572,0.487081008693536,0.652708566046381,0.555706133229642
"69",0.675458161122031,1,0.999999354306808,0.895161290322581,0.94480701754386,0.986854545772076,0.996854866513192,0.94314525721824,0.973856143006871,0.963248699521524,0.913697605085364,0.981567959782059,0.986966736262324,0.985320418365841,0.976169442623777
"70",0.336109042496105,0.513344498966576,0.795740055833534,0.230769230769231,0.482121784345922,0.741900861263275,0.657864115742436,0.527075503070617,0.310100202320956,0.308515964010741,0.213445090765715,0.0702753419155021,0.352684327590106,0.408745217674053,0.115959581574658
"71",0.510631509918127,0.204202673532288,0.808732811494769,0.621212121212121,0.376607142857143,0.101075947284698,0.096692812665765,0.610433992440614,0.632796696144929,0.588952981800693,0.595470980125778,0.643048694381572,0.487081008693536,0.745681160015369,0.566068974782292
"72",0.336109042496105,0.312576871048842,0.00837393804194347,0.0542635658914729,0.31992337164751,0.0762311816215515,0.0892609147371908,0.104105884523142,0.114794495754261,0.150115859758573,0.132865486798736,0.0702753419155021,0.157200494999809,0.0857653931367977,0.098304897025278
"73",0.391795356033159,0.00843871400449494,0.0210353333952051,0.0542635658914729,0.101742424242424,0.085179328918457,0.088362857485624,0.104105884523142,0.104567935473303,0.177866799013123,0.125859803081678,0.0826220684722997,0.144005515532774,0.0843282800826756,0.0776871790619172
"74",0.607085633209716,0.91700654889513,0.987342385861596,0.895161290322581,0.780632183908046,0.933827057480812,0.964359371231308,0.763483765167366,0.7671793065426,0.799556565387351,0.746462055440324,0.867484088382001,0.832780224743048,0.84437972803285,0.707413132685512
"75",0.336109042496105,0.017254876211886,0.0278739469958571,0.0542635658914729,0.0175,0.0203264951705933,0.00386182106907112,0.0652855144893009,0.0139171030573019,0.0459006082417677,0.079830617420706,0.0702753419155021,0.0181819619611922,0.00512796186188685,0.021621869155736
"76",0.62268804929809,0.772733675449714,0.905207273381452,0.895161290322581,0.805915435139573,0.973584709689021,0.898746678581023,0.94314525721824,0.933966368335501,0.943610035356083,0.759452159299003,0.869099560111707,0.910506103472896,0.898500353640444,0.823139450201269
"77",0.512244311042678,0.745315875489038,0.855367121638073,0.621212121212121,0.602678571428572,0.871249735355377,0.913936889504906,0.88953326855351,0.870232674059359,0.88230201122623,0.648369536930893,0.654723043791863,0.892666080152635,0.736962794502911,0.67521609596144
"78",0.336109042496105,0.0359761249794371,0.0082787937409996,0.230769230769231,0.189333333333333,0.463080644607544,0.610266440643138,0.104105884523142,0.310100202320956,0.308515964010741,0.125859803081678,0.0702753419155021,0.352684327590106,0.551715447280797,0.0760524607239526
"79",0.336109042496105,0.348745956653666,0.0406999932670298,0.0542635658914729,0.229166666666667,0.0105045437812805,0.0215974035227629,0.104105884523142,0.0311004634666421,0.0459006082417677,0.125859803081678,0.065880036494752,0.0181819619611922,0.0353800659465905,0.0640334924102432
"80",0.513655304071127,0.286779881777642,0.551453722840164,0.621212121212121,0.580061403508772,0.698773622512817,0.403972297397246,0.828768624138632,0.662207541130986,0.883023050920031,0.630520946698741,0.649172164010944,0.961519873423083,0.527019293139096,0.547292330822345
"81",0.510631509918127,0.922988096143987,0.854107124151469,0.621212121212121,0.444940476190476,0.783568277955055,0.913867965802037,0.610433992440614,0.544068578685436,0.588952981800693,0.595470980125778,0.643048694381572,0.63178921055104,0.548823540661651,0.610822732380371
"82",0.599827082749181,0.751871145220055,0.962367074763837,0.895161290322581,0.876303681492587,0.989821247756481,0.961003351346015,0.763483765167366,0.927547585714471,0.799556565387351,0.778291848518621,0.810699520154506,0.946996850847535,0.971904782958868,0.851912469309182
"83",0.336137848608256,0.00312984812715909,0.00283838494097338,0.0542635658914729,0.1675,0.028037965297699,0.0243293022598525,0.104105884523142,0.0566905666841891,0.0459006082417677,0.152690234078349,0.065943135985581,0.0181819619611922,0.036089809022349,0.0969902853923444
"84",0.33751475597149,0.0968334624615946,0.0574628722270932,0.0542635658914729,0.193493930905696,0.0810987949371338,0.00893432484570026,0.125787140181041,0.169148772191366,0.0459006082417677,0.123647876339614,0.0941837115547147,0.0181819619611922,0.061446606943053,0.0382134881811985
"85",0.336109042496105,0.043053219634134,0.0648873773042173,0.0542635658914729,0.197277777777778,0.0321685075759888,0.174776829769538,0.125787140181041,0.072930634616968,0.0459006082417677,0.130548826110418,0.0958465513212489,0.0181819619611922,0.061446606943053,0.0595449073256304
"86",0.336109042496105,0.11144027531849,0.0482534521214635,0.0542635658914729,0.198468253968254,0.410071849822998,0.233104236973071,0.125787140181041,0.527317767106339,0.150115859758573,0.130548826110418,0.0958465513212489,0.237651005937607,0.326019422987358,0.0595449073256304
"87",0.392195328084555,0.0305227855210352,0.132747216528804,0.0542635658914729,0.044367816091954,0.00191229581832886,0.00492831425281481,0.0652855144893009,0.0225405588622694,0.0459006082417677,0.0686453849751301,0.0891045883028882,0.0181819619611922,0.00729837814765193,0.022113078480842
"88",0.336397158440104,0.00159174279070696,0.00481281023983431,0.0542635658914729,0.0331111111111111,0.0006866455078125,0.000576976293585844,0.0652855144893009,0.0166787334492553,0.0459006082417677,0.0686453849751301,0.0709479259853559,0.0181819619611922,0.00288010377653763,0.0216203554242055
"89",0.599827082749181,0.162803197050572,0.826955353387035,0.895161290322581,0.7945,0.864121720194817,0.605619986315122,0.763483765167366,0.834032291989416,0.799556565387351,0.778291848518621,0.810699520154506,0.92087047832591,0.900562748229351,0.851912469309182
"90",0.399039083160848,0.00295998327536987,0.00450802993120445,0.0542635658914729,0.325,0.125326037406921,0.137087827610663,0.104105884523142,0.163522391303724,0.150115859758573,0.125022557923519,0.101307595823232,0.157200494999809,0.152009263811199,0.0695242057647281
"91",0.603887828382727,0.980537668644429,0.972118189743904,0.895161290322581,0.997561403508772,0.998179327347316,0.996341937718267,0.94314525721824,0.985413202722976,0.963248699521524,0.929882977053933,0.842176102353573,0.986966736262324,0.991406900020961,0.984212673035674
"92",0.510639574502347,0.519457127182224,0.796156102916582,0.621212121212121,0.645,0.949887920171022,0.963424308965792,0.610433992440614,0.714882275342621,0.588952981800693,0.595470980125778,0.643107504636415,0.63178921055104,0.789966972175469,0.566068974782292
"93",0.577838275299615,0.43193908083801,0.818362602160144,0.895161290322581,0.658910572186434,0.938053645193577,0.365230453588396,0.610433992440614,0.739459199366491,0.700419119917833,0.632781553893879,0.72900698140502,0.68401910426775,0.881921759542004,0.676076674615838
"94",0.577798911307394,0.96465312333069,0.977742530952037,0.895161290322581,0.817052449965494,0.855576738715172,0.974217478596851,0.610433992440614,0.891554181660443,0.700419119917833,0.683395241306593,0.728753816609349,0.858562057020736,0.900163820010754,0.76885231117552
"95",0.336109042496105,0.254885866273285,0.81534630232272,0.230769230769231,0.207676470588235,0.0188700556755066,0.0163528364763832,0.527075503070617,0.0226954460122313,0.0503954577358589,0.194979072379083,0.0702753419155021,0.0268820883633759,0.0272249929898747,0.0790623910646237
"96",0.341074226233483,0.205331372910195,0.0101183062310177,0.0542635658914729,0.251034482758621,0.025065541267395,0.019543166442927,0.104105884523142,0.0388039213786172,0.0459006082417677,0.316056514452361,0.0826826963786642,0.0181819619611922,0.0272070630605006,0.405134798711305
"97",0.39231073155888,0.164612080748537,0.020404867289971,0.0542635658914729,0.19,0.058998703956604,0.0702763071528642,0.104105884523142,0.157062862772125,0.150115859758573,0.137998903893434,0.089417024853287,0.157200494999809,0.149557601943131,0.10036596562972
"98",0.510631509918127,0.618269776220785,0.612990645291314,0.621212121212121,0.291666666666667,0.126998364925385,0.37744760576249,0.610433992440614,0.352728146695348,0.588952981800693,0.595470980125778,0.643048694381572,0.536092053266229,0.206873641741265,0.566068974782292
"99",0.632358998515732,0.980942533386303,0.984121387141143,0.895161290322581,0.923333333333333,0.994832340162247,0.989368500192365,0.94314525721824,0.983676860305983,0.963248699521524,0.904300548121797,0.914996664106826,0.986966736262324,0.99713555144475,0.96483179267213
"100",0.649664138950631,1,0.994679914038146,0.895161290322581,0.796666666666667,0.810547143220901,0.196216129054494,0.763483765167366,0.763833613676523,0.799556565387351,0.805015501973061,0.998918926047577,0.832780224743048,0.620873710853057,0.926971977382094
"101",0.571172858676723,0.647338187712285,0.810891957392067,0.895161290322581,0.554784482758621,0.798071175813675,0.986670676396781,0.527075503070617,0.668696683210534,0.652130503677552,0.673649802369033,0.702350039030262,0.425040340850198,0.880301228920186,0.793925912779635
"102",0.339400749651684,0.0354409348242423,0.00976522940967986,0.0542635658914729,0.18,0.00914794206619263,0.0180583706661397,0.104105884523142,0.0388039213786172,0.0459006082417677,0.279314862361913,0.0734452945327301,0.0181819619611922,0.0243279100292744,0.218576752086469
"103",0.336109042496105,0.0336127231583864,0.00495062554899827,0.0542635658914729,0.187009803921569,0.10804694890976,0.0857424533089083,0.104105884523142,0.0427586975639091,0.0459006082417677,0.120304478967001,0.0702753419155021,0.0256244500001704,0.0336708910038385,0.0666020363733212
"104",0.510631509918127,0.999663741305135,0.872162355341425,0.621212121212121,0.405190476190476,0.337007164955139,0.275974927156621,0.610433992440614,0.594058219617296,0.588952981800693,0.622535069993685,0.643048694381572,0.593155030990229,0.70134583795024,0.70571561550492
"105",0.584295224300044,0.968870319819699,0.974372286865435,0.621212121212121,0.714144736842105,0.923992648720741,0.416837639912946,0.774901267237041,0.596586310400799,0.883023050920031,0.630520946698741,0.947069887417298,0.961519873423083,0.715523670359489,0.547292330822345
"106",0.623961771195626,0.903265980341661,0.946822631775693,0.895161290322581,0.879230769230769,0.956388801336288,0.905364209607901,0.94314525721824,0.94187046188709,0.963248699521524,0.904300548121797,0.890005647847358,0.986966736262324,0.985749493812652,0.96483179267213
"107",0.685344625491251,0.999313903702086,0.990092944933001,0.895161290322581,0.9595,0.996001048013568,0.971901325693922,0.94314525721824,0.987156493917569,0.963248699521524,0.929882977053933,0.98647831844576,0.986966736262324,0.994703972224707,0.987703273681153
"108",0.513373122156548,0.999937573156227,0.882615861518802,0.621212121212121,0.684702380952381,0.984964546747506,0.990169487130265,0.88953326855351,0.963055458166833,0.903980072780189,0.770535880478823,0.662786465807649,0.962586234860839,0.907844003967468,0.86004794299981
"109",0.336109042496105,0.00978288081817647,0.01036204705875,0.0542635658914729,0.05,0.0027739405632019,0.0150605746428884,0.0652855144893009,0.0205777727997784,0.0459006082417677,0.0720105077793191,0.0702753419155021,0.0181819619611922,0.0108423542936712,0.0207479939329463
"110",0.428736758213953,0.0328760164914246,0.0243984280889792,0.0542635658914729,0.2695,0.351616382598877,0.121235128598698,0.193149239282215,0.410008780974065,0.123447439516224,0.237889450487092,0.174777207629467,0.104998869145409,0.172405123751145,0.279233403099038
"111",0.399046822459318,0.046430117435118,0.0169603144372761,0.0542635658914729,0.304642857142857,0.698404431343079,0.639323623442155,0.104105884523142,0.325496668211938,0.336546414770082,0.137998903893434,0.101330925761541,0.492521201386287,0.593246155901899,0.102465336254503
"112",0.656864437751848,0.999999980072819,0.916615493105643,0.895161290322581,0.99825,0.989091489464045,0.98706951729655,0.94314525721824,0.977563418251553,0.963248699521524,0.929882977053933,0.963206958056185,0.986966736262324,0.992564833926005,0.987703273681153
"113",0.336109042496105,0.00942462526463381,0.0102617616342594,0.0542635658914729,0.121034482758621,0.00771671533584595,0.0386133060813435,0.104105884523142,0.053009744927117,0.0459006082417677,0.120304478967001,0.0702753419155021,0.0181819619611922,0.0258821237259167,0.0666020363733212
"114",0.336109042496105,0.00703758229588669,0.00533004330867424,0.0542635658914729,0.103333333333333,0.0223186016082764,0.0253966444916024,0.0652855144893009,0.0139171030573019,0.0459006082417677,0.0937450120427678,0.0702753419155021,0.0181819619611922,0.00906548998220626,0.051060868526583
"115",0.339538244285671,0.00107964733337841,0.00226905854757908,0.0542635658914729,0.0645,0.00210225582122803,0.00160546871917427,0.0652855144893009,0.0149262455339626,0.0459006082417677,0.136847189488932,0.0737772705467018,0.0181819619611922,0.00477983178873472,0.0620247333780364
"116",0.629577151904756,0.00060918407784789,0.938928350210995,0.895161290322581,0.873944444444444,0.940080232918262,0.911820299237403,0.763483765167366,0.95397990820716,0.799556565387351,0.814722146408931,0.89192589883097,0.922685470718695,0.960923416607114,0.909527021316092
"117",0.336109042496105,0.130812694739764,0.0659614077891276,0.0542635658914729,0.190176470588235,0.0550777316093445,0.0729702296030855,0.193149239282215,0.072930634616968,0.0459006082417677,0.217894494678163,0.0958465513212489,0.0181819619611922,0.0363609376584452,0.169740557074495
"118",0.517379221101447,0.99333807287587,0.925157161839492,0.621212121212121,0.856,0.986640937626362,0.99611415938433,0.88953326855351,0.965138285927897,0.903980072780189,0.861699261703255,0.690632671786959,0.962586234860839,0.987199088105317,0.952022396431953
"119",0.571568050891306,0.534099601980612,0.943007258771528,0.895161290322581,0.78807662835249,0.983195824548602,0.881275337555411,0.88953326855351,0.962569315476006,0.924426524876689,0.605987148715136,0.705021293677455,0.892666080152635,0.978367336705812,0.571718989634573
"120",0.510631509918127,0.266383140250129,0.826430023564333,0.621212121212121,0.425130952380952,0.198204696178436,0.484257167589087,0.48502439060875,0.373503012092993,0.534634839167296,0.470580545435065,0.643048694381572,0.324456852498386,0.397174799001448,0.381675699017931
"121",0.391949174276521,0.00152754498930869,0.0219553495091926,0.0542635658914729,0.0761111111111111,0.00161480903625488,0.00416852989781718,0.104105884523142,0.0183331275041923,0.0459006082417677,0.15181281113861,0.0884413469221969,0.0181819619611922,0.00548721311382776,0.10423628240107
"122",0.510631509918127,0.924509917442077,0.846695733391556,0.621212121212121,0.675346100759144,0.988168791867793,0.974939028280597,0.610433992440614,0.821787623219836,0.588952981800693,0.622535069993685,0.643048694381572,0.833007075472028,0.9343271449418,0.665905580423148
"123",0.336109042496105,0.00389353339966024,0.00820629629246347,0.0542635658914729,0.0495,0.00700634717941284,0.0104065445857192,0.0652855144893009,0.00864088077576208,0.0459006082417677,0.0762803620850547,0.0702753419155021,0.0181819619611922,0.00633000645421344,0.0326609580296617
"124",0.510631509918127,0.124173909113813,0.507214582183068,0.621212121212121,0.322018113465482,0.456678807735443,0.609664699077746,0.48502439060875,0.34584727873347,0.534634839167296,0.427092829850921,0.626988549366836,0.416274977301343,0.32514818991558,0.202247449096693
"125",0.579743049116889,0.88889217026411,0.985436438556603,0.895161290322581,0.797777777777778,0.932295419275761,0.784735885311759,0.908849162784766,0.910443097946717,0.924911464473253,0.756268733470355,0.803125078831892,0.961519873423083,0.779826775997367,0.698783080067669
"126",0.392972610053795,0.00378784531836323,0.0483695246715038,0.0542635658914729,0.0955555555555556,0.00107687711715698,0.000666362181581903,0.0652855144893009,0.0164097080334902,0.0459006082417677,0.0937450120427678,0.0912274628235238,0.0181819619611922,0.00575210355420088,0.0521887448437932
"127",0.641368617634761,1,0.99999638661922,0.895161290322581,0.934057971014493,0.970306808128953,0.982354465971084,0.94314525721824,0.845028104839295,0.938883371948582,0.822645947083143,0.962869902445352,0.962586234860839,0.890094627427962,0.89292333611634
"128",0.336109042496105,0.00273992543379056,0.00414543116825434,0.0542635658914729,0.0611764705882353,0.00350230932235718,0.00236187638563559,0.104105884523142,0.0139171030573019,0.0459006082417677,0.120304478967001,0.0702753419155021,0.0181819619611922,0.00486677388185147,0.0666020363733212
"129",0.336109042496105,0.000768832121294133,0.00546215659169356,0.0542635658914729,0.0258333333333333,0.00156635046005249,0.00421527522345409,0.0652855144893009,0.00864088077576208,0.0459006082417677,0.0686453849751301,0.0702753419155021,0.0181819619611922,0.00433062733737193,0.0216203554242055
"130",0.339603382768557,0.0417978131162021,0.0111829505156485,0.0542635658914729,0.121428571428571,0.00306427478790283,0.0201468764722973,0.0652855144893009,0.0286419002749895,0.0459006082417677,0.174471736917802,0.0788223642845503,0.0181819619611922,0.00728065036373625,0.143788109409035
"131",0.510631509918127,0.480789652449907,0.739611961669094,0.621212121212121,0.509728070175439,0.666082233190536,0.489315079776573,0.610433992440614,0.330273943733358,0.588952981800693,0.595470980125778,0.643048694381572,0.63178921055104,0.275734877548537,0.610822732380371
"132",0.336109042496105,0.0268820942656787,0.0136655268026394,0.0542635658914729,0.224409090909091,0.236689507961273,0.212747459892155,0.104105884523142,0.217277768079352,0.287980736148302,0.132865486798736,0.0702753419155021,0.267529815753022,0.243492792021428,0.115959581574658
"133",0.336109042496105,0.0491288352637601,0.00206771699228066,0.0542635658914729,0.195357142857143,0.118689477443695,0.192928949361816,0.104105884523142,0.15077840700069,0.150115859758573,0.125859803081678,0.065880036494752,0.157200494999809,0.142351920224129,0.0640334924102432
"134",0.528328653706324,0.975977110564531,0.864156364016309,0.621212121212121,0.765178571428571,0.992229158058763,0.995805533039641,0.88953326855351,0.799305394950962,0.903980072780189,0.832608048511634,0.75979217580293,0.962586234860839,0.958079885051709,0.925656836471195
"135",0.337550837828619,0.00977048051072668,0.00702711523342026,0.0542635658914729,0.14,0.0150783658027649,0.0212146432235733,0.104105884523142,0.0388039213786172,0.0459006082417677,0.120304478967001,0.0736981043141972,0.0181819619611922,0.0258821237259167,0.0666020363733212
"136",0.336109042496105,0.00849132715602796,0.0121032769094009,0.0542635658914729,0.0841666666666667,0.0040547251701355,0.00295577294261699,0.0652855144893009,0.0166787334492553,0.0459006082417677,0.0647729363672509,0.065880036494752,0.0181819619611922,0.00548721311382776,0.0136774713220492
"137",0.336109042496105,0.00405607717911156,0.00253726661444641,0.0542635658914729,0.179642857142857,0.0684478282928467,0.038987018176867,0.104105884523142,0.0639737756741303,0.0569040813078803,0.113874131162901,0.065880036494752,0.0653157456612105,0.0529149171330357,0.0428576761555303
"138",0.570540362503022,0.975246090291743,0.967988557554689,0.895161290322581,0.699719485495348,0.940476473420858,0.959338231929314,0.610433992440614,0.719362187027273,0.700419119917833,0.605987148715136,0.698047197195135,0.63178921055104,0.789966972175469,0.571718989634573
"139",0.510631509918127,0.999738489795747,0.948524135599217,0.621212121212121,0.425357142857143,0.870704114437103,0.938795462612058,0.610433992440614,0.823674716517699,0.588952981800693,0.673833074537807,0.643048694381572,0.858562057020736,0.900578840626781,0.76056263925203
"140",0.391933791486174,0.000530403000281257,0.00896940780415023,0.0542635658914729,0.099367816091954,0.00446236133575439,0.00300609491834483,0.0652855144893009,0.0102480025209012,0.0459006082417677,0.0845219307449862,0.0884000426936995,0.0256244500001704,0.00567161384293146,0.0347844018383312
"141",0.510631509918127,0.978813018987289,0.839898261641856,0.621212121212121,0.51577380952381,0.875381641089916,0.835613638005847,0.610433992440614,0.684717344591412,0.588952981800693,0.622535069993685,0.643048694381572,0.63178921055104,0.551642506418765,0.70571561550492
"142",0.611694821804475,0.850987063300632,0.955797316293213,0.895161290322581,0.968632183908046,0.997053791070357,0.993571302169212,0.94314525721824,0.966893951438677,0.963248699521524,0.904300548121797,0.853674024307034,0.986966736262324,0.99227277203847,0.964041664670319
"143",0.570848733295825,0.368135472331197,0.87095019283757,0.895161290322581,0.513194444444444,0.380420863628387,0.0932337876350728,0.610433992440614,0.461472264478632,0.47728509619428,0.607807878313985,0.685401317561217,0.295605866093469,0.40225238742587,0.606287327647634
"144",0.336137848608256,0.000731251779515257,0.00162039948123529,0.0542635658914729,0.0274264705882353,0.00380188226699829,0.0143162060590646,0.104105884523142,0.0334150282875959,0.0459006082417677,0.113874131162901,0.065943135985581,0.0181819619611922,0.0192770888449135,0.0428576761555303
"145",0.399851984185978,0.00033124250969648,0.00842318243020632,0.0542635658914729,0.0260344827586207,0.00162893533706665,0.00182732095691103,0.0652855144893009,0.015301828691129,0.0459006082417677,0.0686453849751301,0.103783395562638,0.0181819619611922,0.0057622498785959,0.0226167710086024
"146",0.40291495006556,0.0204119519644534,0.0397011364068691,0.0542635658914729,0.190833333333333,0.0214025378227234,0.0882447908200003,0.0652855144893009,0.106744041392563,0.123447439516224,0.181861895161727,0.113581503531779,0.104998869145409,0.0476545731837856,0.126297521635257
"147",0.599827082749181,0.936671227814621,0.971887391656746,0.895161290322581,0.751978927203065,0.853507697582245,0.851911215116002,0.659893083906495,0.8304229030513,0.761813542728729,0.617763057984478,0.810699520154506,0.765121927000636,0.745143978240694,0.538329733445436
"148",0.336109042496105,0.0214672782871037,0.00666975345866525,0.0542635658914729,0.13,0.0489839911460876,0.0515316752836103,0.104105884523142,0.0432368330954503,0.0459006082417677,0.132865486798736,0.0702753419155021,0.0181819619611922,0.0304363135295357,0.098304897025278
"149",0.336109042496105,0.066402083918486,0.0124461627349428,0.0542635658914729,0.214166666666667,0.0848698019981384,0.313578071320326,0.104105884523142,0.120059095431736,0.0569040813078803,0.113874131162901,0.0702753419155021,0.0469000157146788,0.0750609365392158,0.0428576761555303
"150",0.336109042496105,0.0333486724775922,0.0152639160864897,0.0542635658914729,0.0833333333333333,0.00334960222244263,0.0172893365221189,0.0652855144893009,0.0166787334492553,0.0459006082417677,0.0720105077793191,0.0702753419155021,0.0181819619611922,0.00477983178873472,0.0207479939329463
"151",0.39301880232714,0.0559825846963361,0.0546918206380852,0.0542635658914729,0.144732895457033,0.00396972894668579,0.00225825437216097,0.0652855144893009,0.0314449956505556,0.0459006082417677,0.0937450120427678,0.0913549953918881,0.0181819619611922,0.0107251944484593,0.0521887448437932
"152",0.336145050326723,0.619873755155017,0.0745341736735282,0.0542635658914729,0.299177339901478,0.749072074890137,0.491557691437084,0.193149239282215,0.421667313492076,0.123447439516224,0.217894494678163,0.0959576297288978,0.104998869145409,0.295835877089262,0.169740557074495
"153",0.510631509918127,0.613317968769292,0.783898123263425,0.621212121212121,0.753412698412699,0.990886573679745,0.961150948686259,0.610433992440614,0.907068624144095,0.588952981800693,0.673833074537807,0.643048694381572,0.858562057020736,0.9343271449418,0.76056263925203
"154",0.402092235237754,0.0792443296697113,0.0442810907979026,0.0542635658914729,0.28694170771757,0.146986782550812,0.130448048708753,0.104105884523142,0.0457621172100258,0.0459006082417677,0.301155545615383,0.110875627638031,0.0256244500001704,0.0354031860074469,0.318226636538546
"155",0.336109042496105,0.201130989963008,0.0119679127980444,0.0542635658914729,0.06,0.0257166624069214,0.096809192819911,0.104105884523142,0.0681848085031408,0.0459006082417677,0.125859803081678,0.065880036494752,0.0181819619611922,0.0364282720583432,0.0640334924102432
"156",0.510849251735864,0.489538700119698,0.953937441181511,0.621212121212121,0.288511904761905,0.0570517778396606,0.167423674115971,0.40115638453968,0.4452867571457,0.534634839167296,0.442380360756207,0.644635053267827,0.288126923243001,0.399882121224174,0.287750253654889
"157",0.510631509918127,0.913617930317719,0.897139522313893,0.621212121212121,0.580138888888889,0.684823930263519,0.845043886786694,0.610433992440614,0.68909117804188,0.588952981800693,0.66001427692487,0.643048694381572,0.858562057020736,0.661620159522941,0.66592150032817
"158",0.336109042496105,0.426382329546216,0.0760771141425328,0.0542635658914729,0.0966666666666667,0.0728431940078735,0.0431015906050717,0.104105884523142,0.0643191968454651,0.123447439516224,0.132865486798736,0.0702753419155021,0.104998869145409,0.0154009380592059,0.115959581574658
"159",0.585180699751002,0.162778258002937,0.872466678710006,0.895161290322581,0.740897435897436,0.348241925239563,0.527369512365685,0.763483765167366,0.575459406038224,0.700419119917833,0.778291848518621,0.758363212552195,0.564726425535325,0.672545845874786,0.846004962895039
"160",0.336238679597068,0.0618369222938828,0.0205392543864436,0.0542635658914729,0.214928571428571,0.0927720665931702,0.032876081863337,0.104105884523142,0.0672688441405328,0.177866799013123,0.132865486798736,0.0705772722671947,0.144005515532774,0.0484856815929414,0.098304897025278
"161",0.510631509918127,0.867144226442219,0.919652086331705,0.621212121212121,0.620619374523265,0.941889014095068,0.849353535695224,0.763483765167366,0.755956150806318,0.588952981800693,0.729164305994495,0.656139781362051,0.68401910426775,0.72841809677769,0.815279077834742
"162",0.644838553635924,0.975722799806901,0.880267153705913,0.895161290322581,0.9795,0.986882309429348,0.973809149038207,0.94314525721824,0.977563418251553,0.963248699521524,0.929882977053933,0.921574459623487,0.986966736262324,0.992564833926005,0.986532254582911
"163",0.635621973170389,0.6186667026991,0.824064135124237,0.895161290322581,0.676953221914202,0.802452996373177,0.360652984004725,0.659893083906495,0.800115990449261,0.761813542728729,0.629842718929864,0.896817015091196,0.765121927000636,0.661828628974361,0.55644139871412
"164",0.608593444282029,0.997610337511958,0.971265048142361,0.895161290322581,0.931473684210526,0.911667831242085,0.963971029520626,0.94314525721824,0.97470237862216,0.954274661456238,0.778291848518621,0.840264707899942,0.960751945923369,0.924267678983945,0.854795351615992
"165",0.336109042496105,0.0163914865046193,0.0129774272043124,0.0542635658914729,0.1,0.00967961549758911,0.0170940171977392,0.104105884523142,0.0334150282875959,0.0459006082417677,0.161027057110058,0.0702753419155021,0.0181819619611922,0.0403034550980103,0.148026992483379
"166",0.336181060061515,0.00285876566475404,0.00582661402664225,0.0542635658914729,0.0455741652983032,0.00148004293441772,0.00213232450623544,0.0652855144893009,0.00864088077576208,0.0459006082417677,0.0686453849751301,0.0704429332916965,0.0181819619611922,0.00288010377653763,0.0216203554242055
"167",0.338634171745376,0.0239989932745582,0.0238914785947907,0.0542635658914729,0.218676470588235,0.0439115762710571,0.00644736659307675,0.104105884523142,0.0566905666841891,0.0459006082417677,0.326818099480634,0.0763651866579053,0.0181819619611922,0.0453420944031982,0.308330213860063
"168",0.593295617632834,0.85491421418745,0.956245165378894,0.895161290322581,0.852777777777778,0.976107344031334,0.972266657208781,0.763483765167366,0.951364566622456,0.799556565387351,0.846239677636531,0.789931118704447,0.922685470718695,0.924053038877358,0.933623854027888
"169",0.510631509918127,0.201503758022841,0.841944506831884,0.621212121212121,0.261666666666667,0.0712953805923462,0.0615342204014549,0.48502439060875,0.227520630621124,0.534634839167296,0.470580545435065,0.643048694381572,0.369493296215556,0.197561555590254,0.381675699017931
"170",0.336123445399831,0.0859932972392676,0.0215382640917231,0.0542635658914729,0.259287581699346,0.29425972700119,0.415507308789232,0.193149239282215,0.527317767106339,0.213428973865108,0.226794448131184,0.0900487304188289,0.308927494640663,0.341150601689404,0.190833633902471
"171",0.336145050326723,0.00556892123771371,0.00476170762729327,0.0542635658914729,0.0495,0.00471872091293335,0.042779887591323,0.0652855144893009,0.0243505101116187,0.0459006082417677,0.0686453849751301,0.070359091481041,0.0256244500001704,0.015997093052524,0.0216203554242055
"172",0.645990739222851,0.994630081326491,0.987471783448891,0.895161290322581,0.969666666666667,0.98749025259167,0.970611907330337,0.94314525721824,0.980882272342676,0.963248699521524,0.922098010143683,0.924415089777912,0.986966736262324,0.994891651334696,0.979567903163356
"173",0.399046822459318,0.00189557338458703,0.0100742477117064,0.0542635658914729,0.109367816091954,0.00311142206192017,0.00945865605240529,0.0652855144893009,0.0226100268813024,0.0459006082417677,0.0937450120427678,0.101330925761541,0.0181819619611922,0.00433062733737193,0.0533401342669119
"174",0.510631509918127,0.491440311531727,0.790427531104831,0.621212121212121,0.593146825396825,0.850227802991867,0.635334971121814,0.610433992440614,0.79822953599003,0.588952981800693,0.607807878313985,0.626988549366836,0.423390015159069,0.56793852867252,0.555706133229642
"175",0.510631509918127,0.14877047514424,0.649922102253873,0.621212121212121,0.36604589124326,0.0749062299728394,0.187197968651444,0.48502439060875,0.517875625536105,0.588952981800693,0.442380360756207,0.643048694381572,0.585063046599,0.444928360356843,0.287750253654889
"176",0.336109042496105,0.00327668732898107,0.0136202703162178,0.0542635658914729,0.0233333333333333,0.00225299596786499,0.00468655020123876,0.0652855144893009,0.00864088077576208,0.0459006082417677,0.0647729363672509,0.0702753419155021,0.0181819619611922,0.00227820206572929,0.0136774713220492
"177",0.572753078000506,0.717595717249821,0.936069014826369,0.895161290322581,0.541891625615764,0.928879030048847,0.894331298601172,0.828768624138632,0.781586493678959,0.924911464473253,0.644893538783799,0.712950662103616,0.961519873423083,0.826172195130749,0.663458543098522
"178",0.603694079922023,0.933812122170637,0.970550743882241,0.895161290322581,0.877,0.995233953464776,0.989407518580803,0.94314525721824,0.989404145576647,0.963248699521524,0.913697605085364,0.829582719628773,0.986966736262324,0.996829559726742,0.975627604326034
"179",0.66625758750808,0.9995097565109,0.991559918541582,0.895161290322581,0.95,0.992850687820464,0.936971362547666,0.94314525721824,0.961878313535953,0.963248699521524,0.908663722934753,0.966860504510577,0.986966736262324,0.959050850829352,0.968659389315867
"180",0.510631509918127,0.966555483766683,0.958890565672458,0.621212121212121,0.631616959064327,0.944641765207052,0.96884564768532,0.610433992440614,0.565367042913644,0.588952981800693,0.595470980125778,0.643048694381572,0.63178921055104,0.621119326058326,0.566068974782292
"181",0.336109042496105,0.00128539166247676,0.00145216577142078,0.0542635658914729,0.225357142857143,0.0445224046707153,0.122777571894338,0.0652855144893009,0.0624767428288618,0.150115859758573,0.0762803620850547,0.0702753419155021,0.157200494999809,0.0688594979735203,0.0326609580296617
"182",0.336109042496105,0.00459742208403145,0.00641394423157816,0.0542635658914729,0.0175,0.00135725736618042,0.0058513586335082,0.104105884523142,0.00864088077576208,0.0459006082417677,0.120304478967001,0.0702753419155021,0.0181819619611922,0.00288010377653763,0.0666020363733212
"183",0.399356435713234,0.00282996853024656,0.0296609662986135,0.0542635658914729,0.111111111111111,0.00405353307723999,0.000782456641301456,0.104105884523142,0.0249315170584876,0.0459006082417677,0.125022557923519,0.102268039381124,0.0181819619611922,0.0215860032468272,0.0695242057647281
"184",0.510631509918127,0.581530147031301,0.784682361337159,0.621212121212121,0.373916666666667,0.316874027252197,0.216210368160446,0.610433992440614,0.489707601022144,0.588952981800693,0.622535069993685,0.643048694381572,0.63178921055104,0.480137059283107,0.70571561550492
"185",0.391833808580919,0.0558708696654321,0.187028688282046,0.0542635658914729,0.209645593869732,0.0391990542411804,0.0145179616473674,0.125787140181041,0.198642842742083,0.0459006082417677,0.158309012497121,0.119366516110385,0.0181819619611922,0.0766824213222672,0.0935912871048089
"186",0.391956865752159,0.0267840945541237,0.0490101837590125,0.0542635658914729,0.175555555555556,0.0298159718513489,0.0102778835719048,0.104105884523142,0.0397560805988279,0.0459006082417677,0.15181281113861,0.0884620055707894,0.0181819619611922,0.0506118335469645,0.10423628240107
"187",0.392618532953428,0.0684938219717832,0.0601559155660721,0.0542635658914729,0.0977011494252873,0.191348493099213,0.188780230294296,0.104105884523142,0.104567935473303,0.177866799013123,0.132865486798736,0.0902550237252513,0.144005515532774,0.162685015666581,0.118342219784346
"188",0.391803046435303,2.22044604925031e-16,0.000473381864903695,0.0542635658914729,0.303608374384236,0.212543547153473,0.0448077873051789,0.104105884523142,0.15159356706084,0.150115859758573,0.118373960437219,0.0826414910533226,0.237651005937607,0.259084486536768,0.0438127193176634
"189",0.336952124183423,0.00231867114867985,0.00724251874390641,0.0542635658914729,0.0636111111111111,0.0347398519515991,0.0178321450037253,0.0652855144893009,0.0243505101116187,0.0459006082417677,0.0686453849751301,0.0722594138924826,0.0256244500001704,0.0149601041008501,0.0216203554242055
"190",0.336109042496105,0.00968633959358053,0.0301913361436451,0.230769230769231,0.133111111111111,0.0107059478759766,0.00550588028605422,0.125787140181041,0.072930634616968,0.0503954577358589,0.123647876339614,0.0900067496260597,0.0268820883633759,0.0417789514388268,0.0382134881811985
"191",0.628568055180556,0.379450983797239,0.965048707541845,0.895161290322581,0.916333333333333,0.985274091362953,0.853241726557199,0.763483765167366,0.95397990820716,0.799556565387351,0.814722146408931,0.88857152260072,0.946996850847535,0.948579799005243,0.909527021316092
"192",0.458539998151241,0.0256361252655092,0.022048963459991,0.0542635658914729,0.266034482758621,0.288977742195129,0.0821284524235502,0.193149239282215,0.421667313492076,0.177866799013123,0.237889450487092,0.281946492290902,0.144005515532774,0.433785214100592,0.298151350750625
"193",0.510631509918127,0.170255248464586,0.797248592247682,0.621212121212121,0.44490664160401,0.563178777694702,0.389032224256182,0.48502439060875,0.593521341215382,0.534634839167296,0.442380360756207,0.643048694381572,0.473604530833487,0.602114313347865,0.287750253654889
"194",0.336109042496105,0.000791128744998115,0.0030151605000841,0.0542635658914729,0.0636764705882353,0.00560331344604492,0.00919161471261854,0.0652855144893009,0.0643191968454651,0.123447439516224,0.0686453849751301,0.0702753419155021,0.104998869145409,0.00812204316842254,0.0216203554242055
"195",0.391872262471019,0.0127556819896841,0.0471814487248687,0.0542635658914729,0.130573522762428,0.00723075866699219,0.00886183811742117,0.0652855144893009,0.0164892296586744,0.0459006082417677,0.0715021780582123,0.088234999926198,0.0256244500001704,0.00954952011706268,0.022113078480842
"196",0.608294316012805,0.982158277783098,0.966318717401204,0.895161290322581,0.977,0.994932371657342,0.992843456712007,0.94314525721824,0.989404145576647,0.963248699521524,0.913697605085364,0.850132066336076,0.986966736262324,0.995778241458271,0.975627604326034
"197",0.585180699751002,0.866937569550863,0.9512767082657,0.895161290322581,0.884228070175439,0.981093106791377,0.939654592442916,0.763483765167366,0.846686410016541,0.700419119917833,0.814722146408931,0.758363212552195,0.872043041127542,0.843007287724515,0.897490516815829
"198",0.36549547485132,0.639279783130234,0.0195820280941975,0.0542635658914729,0.284166666666667,0.0713017582893372,0.0928751170568109,0.104105884523142,0.0388039213786172,0.0459006082417677,0.302764166625678,0.164257936759489,0.0181819619611922,0.0505793022663494,0.299414857066902
"199",0.394097163775834,0.00139241129152097,0.0136056612849098,0.0542635658914729,0.141034482758621,0.0033266544342041,0.00561206240798195,0.0652855144893009,0.0164097080334902,0.0459006082417677,0.158697173248477,0.0943765935365973,0.0181819619611922,0.00649610338505078,0.101102575914621
"200",0.336109042496105,0.251544886545857,0.00485308089081818,0.0542635658914729,0.56,0.910821586847305,0.731010089382745,0.104105884523142,0.562499870374709,0.336546414770082,0.125859803081678,0.065880036494752,0.492521201386287,0.642497500461699,0.0640334924102432
"201",0.642989304700996,0.999138404307643,0.983226534541793,0.895161290322581,0.998965517241379,0.99775140080601,0.998541603872158,0.94314525721824,0.989404145576647,0.963248699521524,0.929882977053933,0.923105517236686,0.986966736262324,0.99713555144475,0.986222711348632
"202",0.33620266681626,0.248474091213269,0.04290248154763,0.0542635658914729,0.179920634920635,0.0375434160232544,0.00491149164537064,0.104105884523142,0.0226491065225661,0.0459006082417677,0.113874131162901,0.0660853152597895,0.0256244500001704,0.0149601041008501,0.0428576761555303
"203",0.519216312951163,0.859000137172462,0.912788929504808,0.621212121212121,0.665672514619883,0.884430445730686,0.922270179711565,0.908849162784766,0.89643068341344,0.883023050920031,0.820796273517868,0.755914981773907,0.961519873423083,0.895224218856347,0.819418167946077
"204",0.399046822459318,0.0232208981172296,0.141970087251582,0.0542635658914729,0.107978927203065,0.0157829523086548,0.0567330527202321,0.125787140181041,0.112988772237357,0.0459006082417677,0.130548826110418,0.136542787680727,0.0181819619611922,0.128549797574775,0.0621780707080608
"205",0.510631509918127,0.94889762201635,0.726396904112027,0.621212121212121,0.557472222222222,0.986327181570232,0.960939509797256,0.610433992440614,0.754451734732509,0.588952981800693,0.595470980125778,0.643048694381572,0.63178921055104,0.784598417617139,0.566068974782292
"206",0.570382202377962,0.874718601185724,0.983123135378034,0.895161290322581,0.606442355889724,0.944504596292973,0.750223612288946,0.48502439060875,0.724824932464764,0.700419119917833,0.481516469496489,0.696965987270343,0.68401910426775,0.839935290572329,0.387127202246314
"207",0.374522613167894,0.0160386944374569,0.00639307098652445,0.0542635658914729,0.143034482758621,0.00793349742889404,0.0103564854475578,0.0652855144893009,0.0149262455339626,0.0459006082417677,0.144363456736986,0.22268041839408,0.0181819619611922,0.0120434344852219,0.0953305314012767
"208",0.336923283705407,0.0772239826388584,0.00584405393027053,0.0542635658914729,0.258676470588235,0.700209558010101,0.541290347660384,0.104105884523142,0.544950163438214,0.287980736148302,0.125859803081678,0.0676843568116641,0.267529815753022,0.642497500461699,0.0640334924102432
"209",0.336109042496105,0.00315255608875511,0.00386598828448404,0.0542635658914729,0,0.0011783242225647,0.00250107683718005,0.0652855144893009,0.0139171030573019,0.0459006082417677,0.0647729363672509,0.065880036494752,0.0181819619611922,0.00967774745445982,0.0136774713220492
"210",0.510631509918127,0.057373044850613,0.739168798549492,0.621212121212121,0.398611111111111,0.229027330875397,0.047801521506288,0.48502439060875,0.383443023662555,0.588952981800693,0.470580545435065,0.643048694381572,0.68401910426775,0.476917598501225,0.381675699017931
"211",0.576697069145383,0.937971974088282,0.951558771983129,0.895161290322581,0.883132183908046,0.99065700545907,0.983679411490465,0.88953326855351,0.864947293569723,0.938883371948582,0.822645947083143,0.738438624828703,0.962586234860839,0.97214025866098,0.89292333611634
"212",0.513856857262525,0.16354949723542,0.805872377483627,0.621212121212121,0.447083333333333,0.363787710666656,0.380600931562686,0.828768624138632,0.687644910893379,0.883023050920031,0.603664907038791,0.650629614538769,0.961519873423083,0.31192033391017,0.441726663102906
"213",0.336152252121358,0.255749315730271,0.0357845630779733,0.0542635658914729,0.364940476190476,0.465872704982758,0.759442433522658,0.193149239282215,0.163111537269755,0.0569040813078803,0.237889450487092,0.0959798592139747,0.0469000157146788,0.262307833019085,0.238018623354986
"214",0.577421715578531,0.967106957609662,0.966155851604164,0.895161290322581,0.91,0.94222678989172,0.978969833230143,0.88953326855351,0.890318317412004,0.938883371948582,0.822645947083143,0.742965909917997,0.962586234860839,0.958103293070376,0.89292333611634
"215",0.336109042496105,0.0532845959256213,0.0196246413926043,0.0542635658914729,0.174891304347826,0.0521781444549561,0.00909224270697693,0.193149239282215,0.0226954460122313,0.0459006082417677,0.190308371106992,0.0695092773495806,0.0181819619611922,0.0267919168235038,0.131562528479583
"216",0.599850322386108,0.813894696357666,0.988559040705386,0.895161290322581,0.77707662835249,0.968494761735201,0.904335180506963,0.763483765167366,0.909400556285182,0.799556565387351,0.758055194496887,0.857361653168421,0.946996850847535,0.95339633907967,0.790142795395463
"217",0.510631509918127,0.811151608100128,0.892767779333936,0.621212121212121,0.727970494417863,0.925006806850433,0.93555464117958,0.763483765167366,0.835525894830932,0.588952981800693,0.770633832264321,0.716433338072206,0.63178921055104,0.853963804644028,0.850985775333549
"218",0.656864437751848,0.999293355667759,0.961549777878779,0.895161290322581,0.929473684210526,0.998653646674938,0.999188984360705,0.94314525721824,0.973856143006871,0.963248699521524,0.913697605085364,0.94260590211359,0.986966736262324,0.985297036640293,0.979181881902634
"219",0.646610446515077,0.996434175165619,0.980673286226029,0.895161290322581,0.953666666666667,0.989030376076698,0.992367854631444,0.94314525721824,0.980882272342676,0.963248699521524,0.929882977053933,0.925905246271782,0.986966736262324,0.994891651334696,0.986532254582911
"220",0.336109042496105,0.00125054141471135,0.00408599840762225,0.0542635658914729,0.0211764705882353,0.00295847654342651,0.00482240058333775,0.0652855144893009,0.0139171030573019,0.0459006082417677,0.0686453849751301,0.0702753419155021,0.0181819619611922,0.00967774745445982,0.0216203554242055
"221",0.336123445399831,0.0687911871521882,0.0347920522794857,0.0542635658914729,0.20817701863354,0.00370031595230103,0.00758805159181271,0.125787140181041,0.0362398325418047,0.0459006082417677,0.144466475591685,0.0741626777037234,0.0181819619611922,0.0138713111466571,0.106465290988753
"222",0.336109042496105,0.0724357672447011,0.0151762065303288,0.0542635658914729,0.144872647009828,0.107649385929108,0.190486632606701,0.104105884523142,0.104567935473303,0.177866799013123,0.132865486798736,0.0702753419155021,0.144005515532774,0.075828353857112,0.115959581574658
"223",0.577798911307394,0.936734226135325,0.949791951465195,0.895161290322581,0.654748125937031,0.953377809375525,0.890704153803801,0.610433992440614,0.78480011662158,0.700419119917833,0.683395241306593,0.728753816609349,0.833007075472028,0.910255589359348,0.76885231117552
"224",0.413541755052735,0.656237506773774,0.175484022503236,0.0542635658914729,0.196468253968254,0.135932981967926,0.118130760820099,0.193149239282215,0.527317767106339,0.150115859758573,0.389407358883139,0.217245628502947,0.237651005937607,0.367405543644647,0.545512454842817
"225",0.510631509918127,0.195076856147997,0.59588237543526,0.621212121212121,0.467075757575758,0.599468529224396,0.517288458846922,0.610433992440614,0.382922465540314,0.588952981800693,0.622535069993685,0.643048694381572,0.536092053266229,0.503329502626497,0.665905580423148
"226",0.510631509918127,0.975626462172105,0.65701254113601,0.621212121212121,0.475,0.669435739517212,0.936177147708309,0.610433992440614,0.744650501565624,0.588952981800693,0.622535069993685,0.643048694381572,0.536092053266229,0.881740743276797,0.665905580423148
"227",0.510631509918127,0.688371728802172,0.691912914367207,0.621212121212121,0.589195307108351,0.698980987071991,0.534590694300385,0.610433992440614,0.670289466011077,0.588952981800693,0.607807878313985,0.626988549366836,0.628529678296059,0.595862069289592,0.555706133229642
"228",0.510631509918127,0.835969175968187,0.634101245073592,0.621212121212121,0.486083333333333,0.552149742841721,0.70027962068783,0.610433992440614,0.63236569730299,0.588952981800693,0.622535069993685,0.643048694381572,0.536092053266229,0.60008452765799,0.665905580423148
"229",0.399062301207545,0.00323542512139667,0.0165786570688899,0.0542635658914729,0.05,0.000926852226257324,0.0036021314026645,0.0652855144893009,0.0102480025209012,0.0459006082417677,0.0686453849751301,0.101377599938915,0.0256244500001704,0.00377363539319327,0.0226167710086024
"230",0.336159453992157,0.127061553685839,0.0186893989246399,0.0542635658914729,0.335544513457557,0.274976491928101,0.157570198681138,0.104105884523142,0.0509477914575983,0.0459006082417677,0.120304478967001,0.0703926171312099,0.0256244500001704,0.0316641674279619,0.0666020363733212
"231",0.635831237101994,0.565726622882523,0.924808201170811,0.895161290322581,0.692833333333333,0.197782516479492,0.086974850746322,0.659893083906495,0.737221051891024,0.799556565387351,0.613416221236,0.897479002351621,0.768866676016708,0.473463122570747,0.45086856181578
"232",0.589732711930308,0.931201889112774,0.964159176185147,0.895161290322581,0.889230769230769,0.947971500456333,0.983292781870705,0.94314525721824,0.918374760599889,0.938883371948582,0.922098010143683,0.784628824492934,0.966538703287263,0.984364453577835,0.975534053804001
"233",0.399046822459318,0.000109762813970115,0.00294515431123715,0.0542635658914729,0.0205344827586207,0.000787496566772461,0.00109608034810772,0.0652855144893009,0.00950569286883711,0.0459006082417677,0.0720105077793191,0.0951921494555371,0.0181819619611922,0.00376117291056405,0.0217050969886589
"234",0.336109042496105,0.0724408642826886,0.0257188128088727,0.0542635658914729,0.355510351966874,0.0236591696739197,0.0585677446917866,0.193149239282215,0.161179034795602,0.177866799013123,0.190308371106992,0.0695092773495806,0.144005515532774,0.0554783477210807,0.154168782805218
"235",0.609753663898594,0.980605419843415,0.979958596653901,0.895161290322581,0.962275041050903,0.998035107506439,0.984820405741236,0.94314525721824,0.943956439151321,0.963248699521524,0.908663722934753,0.87737498333975,0.986966736262324,0.964253941084904,0.962554230512189
"236",0.336109042496105,0.00663770761738718,0.0033082486482626,0.230769230769231,0.135,0.0478549599647522,0.0537276234672533,0.104105884523142,0.104567935473303,0.192674829933399,0.125859803081678,0.065880036494752,0.200610772814659,0.075828353857112,0.0760524607239526
"237",0.584295224300044,0.930202951878177,0.982060475398773,0.621212121212121,0.88475,0.97374845854938,0.971189949830382,0.88953326855351,0.909811900290759,0.903980072780189,0.861699261703255,0.950438182494789,0.962586234860839,0.97760250242035,0.952022396431953
"238",0.510631509918127,0.253222616282076,0.710776461532098,0.621212121212121,0.499738455988456,0.500858724117279,0.337492466502626,0.610433992440614,0.575432383883657,0.588952981800693,0.607807878313985,0.626988549366836,0.628529678296059,0.472777355233213,0.555706133229642
"239",0.610605750168425,0.992250665842963,0.97905654215005,0.895161290322581,0.962391304347826,0.993173300754279,0.997626670344563,0.94314525721824,0.978380419053193,0.963248699521524,0.913697605085364,0.856294292739966,0.986966736262324,0.986743552724886,0.976169442623777
"240",0.336109042496105,0.514925639722287,0.79410236014708,0.230769230769231,0.463312260536399,0.759613946080208,0.650031467259007,0.527075503070617,0.310100202320956,0.308515964010741,0.213445090765715,0.0702753419155021,0.352684327590106,0.408745217674053,0.115959581574658
"241",0.61729101884012,0.999007312861378,0.961237888292942,0.895161290322581,0.898473684210526,0.977026151493192,0.994809671557732,0.94314525721824,0.944759561801308,0.963248699521524,0.913697605085364,0.875584725212056,0.986966736262324,0.979469362305831,0.976169442623777
"242",0.66605422465328,0.985233485425032,0.961967184918546,0.895161290322581,0.99,0.996969609055668,0.990743534786085,0.94314525721824,0.987156493917569,0.963248699521524,0.929882977053933,0.976394371461878,0.986966736262324,0.994703972224707,0.984566670379151
"243",0.510631509918127,0.725013735250658,0.835521730387511,0.621212121212121,0.274583333333333,0.590708166360855,0.509095446540001,0.610433992440614,0.394927941107741,0.534634839167296,0.622535069993685,0.643048694381572,0.324456852498386,0.444572217797693,0.70571561550492
"244",0.589560916756321,0.635655352092524,0.744026672556962,0.895161290322581,0.86470695970696,0.963727675378323,0.977119980781545,0.94314525721824,0.842673067122915,0.938883371948582,0.898779271521944,0.771695369178691,0.966538703287263,0.934783112073687,0.940121389339936
"245",0.610852001025524,0.954221940436426,0.956067188959157,0.895161290322581,0.955275041050903,0.978882035240531,0.966662220399213,0.94314525721824,0.961338989271068,0.963248699521524,0.904300548121797,0.860681173826766,0.986966736262324,0.988216986656931,0.963234461222701
"246",0.596034564743713,0.982409573232952,0.93872412020592,0.895161290322581,0.928632183908046,0.996910333167762,0.997972349733504,0.94314525721824,0.950766802445904,0.938883371948582,0.913697605085364,0.817594058628622,0.966538703287263,0.968663351400392,0.974507660404246
"247",0.405455681804042,1,0.999999999945451,0.230769230769231,0.460333333333333,0.0497224926948547,0.0230710103056159,0.40115638453968,0.110006693459765,0.163071793353624,0.269093621354561,0.428814868900723,0.217673467938411,0.0842759555351942,0.0620247333780364
"248",0.336109042496105,0.0270178247954328,0.0101448650207363,0.0542635658914729,0.07,0.0024067759513855,0.00120553352917486,0.0652855144893009,0.0166787334492553,0.0459006082417677,0.0720105077793191,0.065880036494752,0.0181819619611922,0.00476640186874742,0.0207479939329463
"249",0.513856857262525,0.896309106887066,0.814066922054069,0.621212121212121,0.748894736842105,0.979323642328382,0.965554009081136,0.88953326855351,0.931428614166148,0.903980072780189,0.861699261703255,0.66621376484685,0.962586234860839,0.951401552715919,0.952022396431953
"250",0.336145050326723,0.0269104258221156,0.00508088220457925,0.0542635658914729,0.0886666666666667,0.0125091671943665,0.0881096183500552,0.0652855144893009,0.0311456801829687,0.0569040813078803,0.0762803620850547,0.070359091481041,0.0469000157146788,0.0257418292198235,0.0326609580296617
"251",0.572231768104281,0.911858698867501,0.900397813559427,0.895161290322581,0.694743905519768,0.959147054702044,0.952660231449951,0.88953326855351,0.928652444365241,0.924426524876689,0.632781553893879,0.70947744048807,0.892666080152635,0.907478190612609,0.671011162188488
"252",0.592524442867542,0.359513731587808,0.951444181921177,0.895161290322581,0.625,0.968263614922762,0.952671838717618,0.659893083906495,0.858015814432537,0.799556565387351,0.67899590080859,0.78569093573189,0.946996850847535,0.788924088610876,0.644883784100345
"253",0.570382202377962,0.696498122013013,0.973130241412745,0.895161290322581,0.732309202541586,0.923335574567318,0.650505318233954,0.763483765167366,0.773274582926653,0.700419119917833,0.737735693708896,0.708974588122177,0.68401910426775,0.806946985076901,0.818723366503412
"254",0.675458161122031,0.999937544576351,0.996550379376933,0.895161290322581,0.960333333333333,0.990361414849758,0.995002384303948,0.94314525721824,0.943109357466781,0.963248699521524,0.904300548121797,0.98678732153248,0.986966736262324,0.9665970656876,0.964041664670319
"255",0.391795356033159,0.206035616116689,0.160726780695673,0.0542635658914729,0.222715517241379,0.030569851398468,0.0534124535265634,0.193149239282215,0.132762770037942,0.0459006082417677,0.24592977407831,0.119231913935003,0.0181819619611922,0.0789114431481093,0.242222058165599
"256",0.592353749671572,0.925985061291388,0.940141532279202,0.895161290322581,0.905564102564102,0.993064180016518,0.990288951288418,0.94314525721824,0.953437158600773,0.938883371948582,0.929882977053933,0.798820443993461,0.966538703287263,0.991318348062496,0.983850689168033
"257",0.336109042496105,0.0500474041107761,0.00808566307513732,0.0542635658914729,0.214443573667712,0.35838919878006,0.383050408029136,0.104105884523142,0.1455232774455,0.150115859758573,0.132865486798736,0.0702753419155021,0.237651005937607,0.0742764237504776,0.115959581574658
"258",0.336109042496105,0.0143938786675026,0.0153202333276594,0.0542635658914729,0.143361973775017,0.0380547642707825,0.0655462671652288,0.0652855144893009,0.0243505101116187,0.0459006082417677,0.0686453849751301,0.0702753419155021,0.0256244500001704,0.0149601041008501,0.0216203554242055
"259",0.336735850203344,0.00206395830684928,0.00268852132306647,0.0542635658914729,0.0647619047619048,0.0191152095794678,0.00593650958102127,0.0652855144893009,0.0643191968454651,0.123447439516224,0.0647729363672509,0.0672651867996734,0.104998869145409,0.0121942227097174,0.0136774713220492
"260",0.336109042496105,0.0875221196371099,0.0241674162596867,0.0542635658914729,0.1285,0.152681410312653,0.080678439131268,0.193149239282215,0.168690086202377,0.0459006082417677,0.207478164296742,0.0900067496260597,0.0181819619611922,0.267699506082053,0.113705458371726
"261",0.510631509918127,0.41672513407559,0.490063926661295,0.621212121212121,0.4604329004329,0.587189704179764,0.233810149413498,0.610433992440614,0.541359776064526,0.588952981800693,0.595470980125778,0.643048694381572,0.63178921055104,0.47915794431472,0.566068974782292
"262",0.336109042496105,0.00387187921709317,0.00948177060457887,0.0542635658914729,0.0210344827586207,0.000741899013519287,0.00244180937698764,0.0652855144893009,0.00864088077576208,0.0459006082417677,0.0686453849751301,0.0702753419155021,0.0181819619611922,0.00227178494399127,0.0216203554242055
"263",0.336109042496105,0.0227349739915963,0.0125629206576407,0.0542635658914729,0.211388888888889,0.200458109378815,0.120743104071419,0.104105884523142,0.0394465617490271,0.0459006082417677,0.120304478967001,0.0702753419155021,0.0256244500001704,0.0354031860074469,0.0666020363733212
"264",0.336109042496105,0.0137827948460626,0.00937771044469056,0.0542635658914729,0.0283333333333333,0.0058128833770752,0.010910776974583,0.0652855144893009,0.0102480025209012,0.0459006082417677,0.0686453849751301,0.0702753419155021,0.0256244500001704,0.00926800554944723,0.0216203554242055
"265",0.337399306744755,0.0041399877506649,0.00815842550081405,0.0542635658914729,0.0114487734487734,0.000782489776611328,0.000628106943556064,0.0652855144893009,0.0176815352203472,0.0459006082417677,0.0647729363672509,0.0687593051868609,0.0256244500001704,0.0033403919264701,0.0136774713220492
"266",0.341328130432561,0.0670006575203702,0.00968939317265087,0.0542635658914729,0.154837662337662,0.091346800327301,0.126787269810122,0.104105884523142,0.325496668211938,0.287980736148302,0.227305181285305,0.0782202863326647,0.267529815753022,0.265257887728007,0.204389409807724
"267",0.510631509918127,0.878676307545108,0.774601204525453,0.621212121212121,0.513384920634921,0.798654571175575,0.674491256443143,0.610433992440614,0.671027491950034,0.588952981800693,0.607807878313985,0.626988549366836,0.628529678296059,0.489062536276559,0.600774903906684
"268",0.337817902344659,0.00932294615994295,0.00942647616721271,0.0542635658914729,0.0310344827586207,0.024680495262146,0.0471910033761586,0.104105884523142,0.0260961675918439,0.0459006082417677,0.120304478967001,0.0743479080457696,0.0256244500001704,0.0149601041008501,0.0666020363733212
"269",0.510631509918127,0.0614002344204388,0.380272088492099,0.621212121212121,0.182436868686869,0.0754045844078064,0.0699423501984779,0.40115638453968,0.264479945185008,0.534634839167296,0.427092829850921,0.626988549366836,0.324456852498386,0.225671820579065,0.202247449096693
"270",0.34334807890011,0.0499366636025429,0.0019598390384655,0.0542635658914729,0.1875,0.0150472521781921,0.0660697809012024,0.104105884523142,0.0403282774256404,0.0569040813078803,0.302764166625678,0.083512847162496,0.0469000157146788,0.0218095580940821,0.299414857066902
"271",0.336109042496105,0.00313068134828311,0.0118591446980747,0.0542635658914729,0.0930757575757576,0.00299060344696045,0.00519549875995407,0.0652855144893009,0.00864088077576208,0.0459006082417677,0.0647729363672509,0.065880036494752,0.0181819619611922,0.00383808735673725,0.0136774713220492
"272",0.714017677285856,0.999999998105344,0.999787653157586,0.895161290322581,0.961666666666667,0.987269880250096,0.981120898042641,0.94314525721824,0.959904387211583,0.963248699521524,0.929882977053933,0.997872986115678,0.986966736262324,0.991009505156807,0.989026499239133
"273",0.336123445399831,0.00811178714147784,0.0129286609426515,0.0542635658914729,0.0775,0.00710713863372803,0.00410487001400955,0.104105884523142,0.0362398325418047,0.0459006082417677,0.113874131162901,0.0659115792220561,0.0181819619611922,0.0403296579680983,0.0428576761555303
"274",0.642618095296202,0.985273950682452,0.984498426899988,0.895161290322581,0.857004830917874,0.969632681459188,0.900709076761513,0.763483765167366,0.848928144823732,0.799556565387351,0.796943156869413,0.915835795512651,0.923272479055257,0.948579799005243,0.873255506357919
"275",0.510639574502347,0.221057466543911,0.610679381247224,0.621212121212121,0.228692355889724,0.023192822933197,0.0379961014165619,0.48502439060875,0.310033615079431,0.534634839167296,0.427092829850921,0.627048471019945,0.369493296215556,0.122142356035751,0.202247449096693
"276",0.585180699751002,0.954369609555716,0.971136224485013,0.895161290322581,0.86540226681531,0.940175574272871,0.844145058374751,0.763483765167366,0.871251045003553,0.700419119917833,0.814722146408931,0.758363212552195,0.872043041127542,0.857982397091102,0.897490516815829
"277",0.510631509918127,0.961965782809793,0.923434741401036,0.621212121212121,0.563690476190476,0.955045342445374,0.935551322595111,0.610433992440614,0.909184232539381,0.588952981800693,0.673833074537807,0.643048694381572,0.858562057020736,0.941192271347654,0.76056263925203
"278",0.336109042496105,0.00552583192344029,0.00574270356214397,0.230769230769231,0.0925,0.0585917830467224,0.0551382692366953,0.104105884523142,0.0205777727997784,0.0503954577358589,0.132865486798736,0.0702753419155021,0.0268820883633759,0.0144781046963663,0.115959581574658
"279",0.513050618111328,0.910600903359485,0.881723506940563,0.621212121212121,0.713690476190476,0.884207971394062,0.978672820005293,0.88953326855351,0.943658746770852,0.903980072780189,0.847584814182411,0.660492028847373,0.962586234860839,0.982717847765317,0.928505803224871
"280",0.646096163022613,0.999419955717724,0.99246922178465,0.895161290322581,0.9495,0.998120378004387,0.985411465553368,0.94314525721824,0.961338989271068,0.963248699521524,0.904300548121797,0.940687141387109,0.986966736262324,0.988216986656931,0.96560517828128
"281",0.337125192541933,0.0154016413451505,0.0275511826443252,0.0542635658914729,0.209573844030366,0.00755059719085693,0.00623468939864885,0.193149239282215,0.0388039213786172,0.0459006082417677,0.173402724587316,0.0718825603140662,0.0181819619611922,0.0267919168235038,0.0902072316750194
"282",0.336109042496105,0.0212837275019874,0.0152922417011446,0.0542635658914729,0.15,0.0144048929214478,0.0126562172710688,0.104105884523142,0.053009744927117,0.0459006082417677,0.161027057110058,0.0702753419155021,0.0181819619611922,0.0403034550980103,0.148026992483379
"283",0.577798911307394,0.885326322514228,0.963997219754312,0.895161290322581,0.675414792603698,0.887357801198959,0.890786239929777,0.610433992440614,0.595247225718832,0.700419119917833,0.605987148715136,0.728753816609349,0.764656330894369,0.603032874576602,0.577350365734202
"284",0.336109042496105,0.00656851542794279,0.00633543301474215,0.230769230769231,0.0410344827586207,0.0435518622398376,0.0911311192949454,0.0652855144893009,0.0311456801829687,0.0624059747874627,0.0686453849751301,0.0702753419155021,0.0683846988199855,0.0194901453836243,0.0216203554242055
"285",0.33611624390988,0.0927866246079198,0.0248354279776592,0.0542635658914729,0.320843685300207,0.0550523996353149,0.105946666990328,0.125787140181041,0.228724477588585,0.123447439516224,0.10157579915787,0.0695258510265491,0.104998869145409,0.0641503877383855,0.0297919220302201
"286",0.570382202377962,0.889001558295098,0.988705508760585,0.895161290322581,0.635277777777778,0.148831307888031,0.165793393087385,0.610433992440614,0.597882277813126,0.700419119917833,0.591038458744839,0.682132575765081,0.423390015159069,0.529661717174068,0.455839669223418
"287",0.337579704676375,0.0151965665428256,0.00723622503404758,0.0542635658914729,0.0286666666666667,0.00683635473251343,0.01404839613723,0.0652855144893009,0.0338420320093689,0.0459006082417677,0.0647729363672509,0.069170596386021,0.0256244500001704,0.0179203243647915,0.0136774713220492
"288",0.651175769712172,0.97604818659413,0.968579392292692,0.895161290322581,0.910277777777778,0.988428812474012,0.982963814347504,0.94314525721824,0.987156493917569,0.954274661456238,0.814722146408931,0.930804278084336,0.960751945923369,0.988723779311643,0.915055498581404
"289",0.33611624390988,0.025225072218852,0.0454670740497359,0.0542635658914729,0.123666666666667,0.000668883323669434,0.00128263957485228,0.0652855144893009,0.017618920860203,0.0459006082417677,0.0647729363672509,0.065895806104203,0.0181819619611922,0.00637271653241248,0.0136774713220492
"290",0.34334807890011,0.0040941189603996,0.00445982320761123,0.0542635658914729,0.0426050420168067,0.0097697377204895,0.00111730008005591,0.0652855144893009,0.0149262455339626,0.0459006082417677,0.158697173248477,0.0889725078329987,0.0181819619611922,0.00615066879414194,0.0990280457091085
"291",0.337190104437541,0.793696312008582,0.0297986874883047,0.0542635658914729,0.267141625615764,0.217544913291931,0.48027259567033,0.193149239282215,0.460452695193094,0.150115859758573,0.237889450487092,0.0992293063836455,0.157200494999809,0.396672049903111,0.238018623354986
"292",0.510631509918127,0.576377469909439,0.690703230389177,0.621212121212121,0.517023809523809,0.855306074023247,0.737054940679222,0.610433992440614,0.727254280088589,0.588952981800693,0.607807878313985,0.626988549366836,0.628529678296059,0.639888718379605,0.600774903906684
"293",0.34334807890011,0.0744254062745909,0.00671617514839725,0.0542635658914729,0.133034482758621,0.0154795050621033,0.0531363912633152,0.0652855144893009,0.0286419002749895,0.0459006082417677,0.144363456736986,0.0889725078329987,0.0181819619611922,0.0120434344852219,0.0953305314012767
"294",0.515783468864288,0.289835538030244,0.891388145290164,0.621212121212121,0.779333333333333,0.771071076393127,0.894377139344687,0.88953326855351,0.909242533985007,0.903980072780189,0.81615807985968,0.679689847266599,0.962586234860839,0.983976893963359,0.890700650600109
"295",0.616592245969672,0.993714013290965,0.988088422876732,0.895161290322581,0.9425,0.986624686047435,0.962366398603837,0.88953326855351,0.961671953267973,0.938883371948582,0.866842172289849,0.906312410600697,0.962586234860839,0.98910421749848,0.954083631386672
"296",0.336109042496105,0.00711310900434135,0.00396992532114294,0.0542635658914729,0.0819444444444444,0.111660182476044,0.189000351249071,0.104105884523142,0.310100202320956,0.287980736148302,0.125859803081678,0.065880036494752,0.267529815753022,0.253636118063758,0.0760524607239526
"297",0.669980077813896,0.992690567189003,0.98631938996216,0.895161290322581,0.979666666666667,0.997067590942606,0.993832680747364,0.94314525721824,0.966893951438677,0.963248699521524,0.904300548121797,0.968807626724738,0.986966736262324,0.988619346785252,0.96710302822668
"298",0.336469206451938,0.0181177183114003,0.0594548659666836,0.0542635658914729,0.144222222222222,0.00750553607940674,0.0169476062132949,0.125787140181041,0.072930634616968,0.0459006082417677,0.130548826110418,0.0969625232705911,0.0181819619611922,0.0391371621762882,0.0595449073256304
"299",0.510631509918127,0.814371024813635,0.817387476968723,0.621212121212121,0.425555555555556,0.597686678171158,0.711158433591269,0.527075503070617,0.649564050790917,0.534634839167296,0.673833074537807,0.643048694381572,0.716143897615292,0.680305212349213,0.792606370972712
"300",0.336109042496105,0.0120488166265626,0.0061351005508231,0.230769230769231,0.0945833333333333,0.0115565657615662,0.0528541976478296,0.0652855144893009,0.0311456801829687,0.0624059747874627,0.0647729363672509,0.065880036494752,0.0683846988199855,0.0194901453836243,0.0136774713220492
"301",0.641368617634761,0.99675807733521,0.979409060531613,0.895161290322581,0.873833333333333,0.996069567278028,0.992356197495873,0.88953326855351,0.975518265881207,0.938883371948582,0.866842172289849,0.960757921590887,0.962586234860839,0.991318348062496,0.953063770555172
"302",0.336109042496105,0.0248080360103064,0.025713588495005,0.0542635658914729,0.122277777777778,0.0134417414665222,0.00397667007108579,0.0652855144893009,0.0267306244540198,0.0459006082417677,0.0845219307449862,0.0702753419155021,0.0181819619611922,0.00728554678789652,0.0340191589154342
"303",0.391864571585632,0.0162711545928802,0.0476456178419197,0.0542635658914729,0.0400766283524904,0.00965189933776855,0.0179685064385975,0.104105884523142,0.0397560805988279,0.0459006082417677,0.125022557923519,0.088214389160189,0.0181819619611922,0.0258821237259167,0.0680485822099121
"304",0.336109042496105,0.0558388595405111,0.0256153160876351,0.0542635658914729,0.257891304347826,0.00187724828720093,0.0143471948667801,0.193149239282215,0.0268457963946103,0.0459006082417677,0.173402724587316,0.0695092773495806,0.0256244500001704,0.0119918535573502,0.0902072316750194
"305",0.577854020619655,0.992038253763444,0.974350288192596,0.895161290322581,0.773846469622332,0.968879260122776,0.901965398469161,0.610433992440614,0.765769686774301,0.700419119917833,0.632781553893879,0.72910820574623,0.63178921055104,0.629501402579937,0.676076674615838
"306",0.36549547485132,0.0598785027547286,0.00543168462914772,0.0542635658914729,0.160357142857143,0.0118486881256104,0.0273606649258945,0.0652855144893009,0.0624767428288618,0.150115859758573,0.181861895161727,0.173994156370402,0.157200494999809,0.0857653931367977,0.121300193567875
"307",0.596725217846918,0.987625035491914,0.970334173077123,0.895161290322581,0.931465517241379,0.99032077845186,0.995451090188835,0.94314525721824,0.97873210469216,0.963248699521524,0.929882977053933,0.808067849204761,0.986966736262324,0.996131906662604,0.984212673035674
"308",0.637451285914274,0.983109761314704,0.981755534092167,0.895161290322581,0.933965517241379,0.995138219557703,0.978583665372969,0.94314525721824,0.989404145576647,0.963248699521524,0.778291848518621,0.908414195385243,0.986966736262324,0.99713555144475,0.865863437161836
"309",0.33611624390988,0.00167892901265373,0.00987430355398032,0.0542635658914729,0.0758333333333333,0.00211375951766968,0.0029532605536254,0.0652855144893009,0.00864088077576208,0.0459006082417677,0.0686453849751301,0.0702920844530109,0.0181819619611922,0.00323153969873817,0.0216203554242055
"310",0.510631509918127,0.363338095492122,0.958863222437683,0.621212121212121,0.713964646464647,0.981014482676983,0.935020049386516,0.763483765167366,0.788552687461603,0.588952981800693,0.80801206318237,0.716433338072206,0.724842615367976,0.908278379654935,0.901000947922499
"311",0.510631509918127,0.108158622557838,0.612932787831308,0.621212121212121,0.294242424242424,0.289656221866608,0.193028821989972,0.610433992440614,0.567477864205724,0.588952981800693,0.580399573970475,0.626988549366836,0.376324231720034,0.398409581172439,0.450131229214676
"312",0.510631509918127,0.868878643767248,0.787078285198709,0.621212121212121,0.573639751552795,0.495314538478851,0.367523244710332,0.610433992440614,0.589153669576952,0.588952981800693,0.595470980125778,0.643048694381572,0.798136327720336,0.463721681837508,0.566068974782292
"313",0.58633184074654,0.0762318918734743,0.750788427816764,0.895161290322581,0.758375506072875,0.0637599229812622,0.322587394123084,0.908849162784766,0.786940536762372,0.924426524876689,0.613416221236,0.752518437827349,0.7998316042047,0.436939200133537,0.411340661609707
"314",0.33611624390988,0.0567547633972111,0.0177134710092196,0.0542635658914729,0.128055555555556,0.0116112232208252,0.0198370347239367,0.104105884523142,0.0643191968454651,0.123447439516224,0.132865486798736,0.0702920844530109,0.104998869145409,0.0103095578488867,0.098304897025278
"315",0.510631509918127,0.555226006347755,0.786690394344961,0.621212121212121,0.318777777777778,0.492735624313354,0.0992639537067859,0.48502439060875,0.440416230232327,0.534634839167296,0.427092829850921,0.626988549366836,0.416274977301343,0.224210436261565,0.202247449096693
"316",0.336123445399831,0.0107087098378749,0.0117617665100565,0.0542635658914729,0.06125,0.0023227334022522,0.0202885362205095,0.104105884523142,0.0128091736442629,0.0459006082417677,0.132865486798736,0.0703088306776509,0.0181819619611922,0.00433062733737193,0.098304897025278
"317",0.395207412592432,0.271031136663408,0.133964785991113,0.0542635658914729,0.168767104542967,0.467430353164673,0.227918786662752,0.193149239282215,0.439077666016644,0.123447439516224,0.389407358883139,0.131676335411772,0.104998869145409,0.244098715467978,0.545512454842817
"318",0.336109042496105,0.00149222772971387,0.00203830275464996,0.0542635658914729,0.0453333333333333,0.00358611345291138,0.0132044386856764,0.0652855144893009,0.0166787334492553,0.0459006082417677,0.0937450120427678,0.0702753419155021,0.0181819619611922,0.00906548998220626,0.051060868526583
"319",0.336109042496105,0.00536213779551162,0.0141074510609365,0.0542635658914729,0.183277777777778,0.00287920236587524,0.0104078881774907,0.0652855144893009,0.00864088077576208,0.0459006082417677,0.0686453849751301,0.0702753419155021,0.0181819619611922,0.00324065903878933,0.0216203554242055
"320",0.336109042496105,0.00200501139315105,0.00509287689342568,0.0542635658914729,0.0533333333333333,0.00210356712341309,0.00808655859399126,0.0652855144893009,0.0166787334492553,0.0459006082417677,0.0762803620850547,0.0702753419155021,0.0181819619611922,0.00288823424516148,0.0326609580296617
"321",0.336109042496105,0.00808370218122398,0.0155007005691276,0.0542635658914729,0.0558333333333333,0.00518423318862915,0.0198679921092785,0.104105884523142,0.00864088077576208,0.0459006082417677,0.138654024632837,0.0702753419155021,0.0181819619611922,0.00433062733737193,0.0666064850575333
"322",0.510631509918127,0.0564321860348234,0.654395998754446,0.621212121212121,0.382523809523809,0.265446543693542,0.314481835821185,0.610433992440614,0.569297486729756,0.588952981800693,0.595470980125778,0.643048694381572,0.536092053266229,0.434983561725836,0.610822732380371
"323",0.574331813912079,0.986158424960191,0.913374804517931,0.895161290322581,0.845333333333333,0.877168342471123,0.95899398380097,0.88953326855351,0.902908025674047,0.938883371948582,0.838630169799712,0.723322473096081,0.962586234860839,0.890094627427962,0.927226741046986
"324",0.336109042496105,0.0133790055865881,0.0105038142602848,0.230769230769231,0.1355,0.134061932563782,0.0564968083575079,0.104105884523142,0.100158398334533,0.134465881993029,0.125859803081678,0.0702753419155021,0.148939319054204,0.0426789041250684,0.0760524607239526
"325",0.599865815227772,0.599864497471322,0.957535561585112,0.895161290322581,0.778804698527929,0.834962829947472,0.338628187833747,0.763483765167366,0.895243790411211,0.799556565387351,0.758055194496887,0.810896048360281,0.92087047832591,0.923090409604641,0.790142795395463
"326",0.336109042496105,0.219850405142593,0.047399298622519,0.0542635658914729,0.324780193236715,0.0773455500602722,0.294372182893496,0.193149239282215,0.0268457963946103,0.0459006082417677,0.18250226548575,0.0741274996783779,0.0256244500001704,0.0179487761971028,0.136444949261463
"327",0.392403063002656,0.00158297257971704,0.00684084955347121,0.0542635658914729,0.0534099616858238,0.000665843486785889,0.00109947525078433,0.0652855144893009,0.015301828691129,0.0459006082417677,0.0674802475464479,0.0841693071032102,0.0181819619611922,0.0122448325062109,0.0139917665395258
"328",0.644720285491183,0.958253189916906,0.974647550818514,0.895161290322581,0.916111111111111,0.997474679956213,0.963838507065359,0.94314525721824,0.989404145576647,0.963248699521524,0.929882977053933,0.921277652244,0.986966736262324,0.995778241458271,0.986532254582911
"329",0.338388467289096,0.0939103204314839,0.0206038286253847,0.0542635658914729,0.170605042016807,0.0614669919013977,0.0351498133300724,0.104105884523142,0.0566905666841891,0.0459006082417677,0.340650538442127,0.0757529938563386,0.0181819619611922,0.0506118335469645,0.415331872096856
"330",0.336109042496105,0.0930144644009137,0.00552220956162324,0.0542635658914729,0.0769444444444444,0.185043096542358,0.378485652802186,0.104105884523142,0.217277768079352,0.287980736148302,0.125859803081678,0.065880036494752,0.267529815753022,0.253636118063758,0.0760524607239526
"331",0.570382202377962,0.842002900372039,0.963606078448317,0.895161290322581,0.596872694605078,0.775904521346092,0.600180174735305,0.763483765167366,0.543186502495065,0.700419119917833,0.702310458559534,0.694471312476562,0.423390015159069,0.498604611668166,0.649731067542335
"332",0.336109042496105,0.00566301037097882,0.00591344568059188,0.230769230769231,0.051,0.11236160993576,0.0441899166406538,0.104105884523142,0.0672688441405328,0.192674829933399,0.132865486798736,0.0702753419155021,0.200610772814659,0.0433099004824566,0.115959581574658
"333",0.336109042496105,0.00433303799295839,0.00146599453463673,0.0542635658914729,0.133333333333333,0.00995928049087524,0.00662551451111942,0.0652855144893009,0.0211381867793641,0.0569040813078803,0.0720105077793191,0.065880036494752,0.0469000157146788,0.015427831238151,0.0207479939329463
"334",0.344877712152713,0.0979572018316815,0.0139898653689833,0.0542635658914729,0.195,0.0475796461105347,0.028622860401302,0.104105884523142,0.0388039213786172,0.0459006082417677,0.302764166625678,0.0877244856809363,0.0181819619611922,0.0304363135295357,0.299414857066902
"335",0.336109042496105,0.00351494223483609,0.0104185654049506,0.230769230769231,0.1165,0.00914406776428223,0.0210171485202761,0.0652855144893009,0.0166787334492553,0.0503954577358589,0.0937450120427678,0.0702753419155021,0.0268820883633759,0.00615480998830576,0.051060868526583
"336",0.510631509918127,0.57508633679553,0.833466993462843,0.621212121212121,0.53199292615597,0.192889034748077,0.734833165565307,0.48502439060875,0.373503012092993,0.534634839167296,0.470580545435065,0.643048694381572,0.525333820309837,0.466887004780328,0.381675699017931
"337",0.336469206451938,0.00577010763510447,0.00358320420620624,0.0542635658914729,0.0653333333333333,0.00352150201797485,0.00308304607164975,0.0652855144893009,0.0267306244540198,0.0459006082417677,0.0937450120427678,0.0711169986365251,0.0181819619611922,0.0107251944484593,0.051060868526583
"338",0.510631509918127,0.777149388415964,0.78794210822841,0.621212121212121,0.688671497584541,0.953000653535128,0.908732081868273,0.610433992440614,0.821787623219836,0.588952981800693,0.622535069993685,0.643048694381572,0.833007075472028,0.881921759542004,0.665905580423148
"339",0.34334807890011,0.0458839699289328,0.00841317515359028,0.0542635658914729,0.0687963875205255,0.0138662457466125,0.0447554741975136,0.0652855144893009,0.0149262455339626,0.0459006082417677,0.144363456736986,0.0889725078329987,0.0181819619611922,0.01621092388251,0.0953305314012767
"340",0.510631509918127,0.589764850782284,0.769289485074219,0.621212121212121,0.34733918128655,0.466732382774353,0.36690435609941,0.48502439060875,0.330273943733358,0.588952981800693,0.442380360756207,0.643048694381572,0.63178921055104,0.442393225136276,0.287750253654889
"341",0.336109042496105,0.041405019358874,0.00644264048317053,0.0542635658914729,0.206388888888889,0.434465706348419,0.26429901422514,0.104105884523142,0.161179034795602,0.177866799013123,0.125859803081678,0.065880036494752,0.144005515532774,0.150826828110565,0.0640334924102432
"342",0.510631509918127,0.995501057789809,0.963526730603885,0.621212121212121,0.718174603174603,0.929471164941788,0.902679714993042,0.610433992440614,0.85089423043316,0.588952981800693,0.673833074537807,0.643048694381572,0.858562057020736,0.889541775367054,0.76056263925203
"343",0.336425976732045,0.0568734233388489,0.018688382456791,0.0542635658914729,0.175428571428571,0.0999117493629456,0.0301916848858831,0.104105884523142,0.104567935473303,0.177866799013123,0.161027057110058,0.071015510449501,0.144005515532774,0.0757042273399123,0.172899072786199
"344",0.570469192227101,0.742001122364348,0.986905859905444,0.895161290322581,0.648214285714286,0.840534374117851,0.371404479245004,0.610433992440614,0.875278725997917,0.700419119917833,0.632781553893879,0.697560923584876,0.68401910426775,0.854816145391505,0.671011162188488
"345",0.391787665684726,0.194969290288208,0.0313850660556503,0.230769230769231,0.321534482758621,0.477625072002411,0.906779487322046,0.104105884523142,0.325496668211938,0.358799624789786,0.132865486798736,0.0880085205664985,0.591462243609805,0.580076910039697,0.118342219784346
