"","LRR_predictions_AUC","GAM_predictions","LDA_predictions","CTREE_predictions_AUC","RF_predictions_AUC","XGB_predictions_AUC","LGBM_predictions_AUC","RE_RF_predictions_AUC","RE_boosting_predictions_AUC","RE_bag_predictions","PLTR_predictions_AUC","SRE_RF_predictions_AUC","SRE_bag_predictions_AUC","SRE_boosting_predictions_AUC","SRE_PLTR_predictions_AUC"
"1",0.179164152630939,0.0216222391721738,0.00831544355416687,0.053030303030303,0.0523859649122807,0.133538782596588,0.0748884559195011,0.0892410789551619,0.0691093880807706,0.1023160911591,0.0764500760608278,0.176869593579386,0.140532070944441,0.0905250791544201,0.0847315454876588
"2",0.79753360256624,0.997209078909225,0.988613847073569,0.933333333333333,0.87,0.988423438742757,0.996176740568348,0.89542731841839,0.953768155050746,0.931866091047135,0.88658543551912,0.753472985129767,0.873549892212897,0.920321033662318,0.879474419434244
"3",0.179164152630939,0.0311631300253037,0.00671993518876861,0.053030303030303,0.0542857142857143,0.0065796971321106,0.00769820195828369,0.0892410789551619,0.0225650848774176,0.0637988723957658,0.130675739939216,0.176869593579386,0.114279353354288,0.066046294689915,0.141635455014642
"4",0.745083966441596,0.987398801268433,0.993875135801425,0.933333333333333,0.955,0.967675101011992,0.999145899169791,0.89542731841839,0.969594343810883,0.931866091047135,0.896603929522796,0.740994403564037,0.873549892212897,0.933341091979404,0.880411968320971
"5",0.730658457706649,0.999770002176087,0.999456536105021,0.933333333333333,0.98,0.998633358976804,0.998008992007791,0.89542731841839,0.973537291668262,0.931866091047135,0.905715867247298,0.737811344688756,0.873549892212897,0.939919979568484,0.881398049054313
"6",0.723255421917188,0.945228719728859,0.992795679670792,0.933333333333333,0.93,0.96071832254529,0.962948870172366,0.872549576196033,0.946407800297434,0.926237742473426,0.905715867247298,0.736210391079006,0.873549892212897,0.910342091550349,0.881398049054313
"7",0.745083966441596,0.999986752626689,0.999777862764779,0.933333333333333,0.99,0.99812197056599,0.999706140660101,0.89542731841839,0.973537291668262,0.931866091047135,0.906587154663373,0.740994403564037,0.873549892212897,0.956026484353257,0.881398049054313
"8",0.179164152630939,0.0763704357831825,0.00777717156152455,0.053030303030303,0.199354218880535,0.0740841031074524,0.0299258866510995,0.173405168220179,0.32775986375276,0.189950396669543,0.168975244386668,0.176869593579386,0.20837591185384,0.259272398967642,0.172386699505599
"9",0.179164152630939,0.0334342282532657,0.00180817442877718,0.053030303030303,0.13,0.0375134944915771,0.0177402482860131,0.0892410789551619,0.0774962033765172,0.0637988723957658,0.115104515923124,0.176869593579386,0.114279353354288,0.104428862771315,0.140559940371828
"10",0.179164152630939,0.00215053535471587,0.000792574239259397,0.053030303030303,0,0.000354528427124023,0.000202636753516416,0.0892410789551619,0.0132502506124737,0.0637988723957658,0.0601527750402872,0.176869593579386,0.114279353354288,0.0456807361266757,0.0833250750173503
"11",0.752103219700408,0.991716104075258,0.988470121625336,0.933333333333333,0.88,0.997985330875963,0.999576635296219,0.89542731841839,0.969594343810883,0.931866091047135,0.89565024365549,0.742576474927692,0.873549892212897,0.911410920474549,0.880411968320971
"12",0.179164152630939,0.0100445300504688,0.00218218912249562,0.053030303030303,0.085,0.00440073013305664,0.0185607025415815,0.0892410789551619,0.00552171115888983,0.0637988723957658,0.0662910312811427,0.176869593579386,0.114279353354288,0.031910205870498,0.0840054551025112
"13",0.708078623202027,0.999992358226141,0.998137546288886,0.933333333333333,0.93,0.929376274347305,0.992884353683953,0.872549576196033,0.870713963016453,0.926237742473426,0.856345717259203,0.732989724510207,0.873549892212897,0.882886983645958,0.820951959951395
"14",0.708078623202027,0.671074461722912,0.973350714555943,0.933333333333333,0.7,0.0792515277862549,0.0246731333071997,0.869189193061896,0.816406523250239,0.896205977001803,0.742380438704249,0.732989724510207,0.813098830909405,0.775678760082308,0.7176228796631
"15",0.723255421917188,0.99063046446479,0.996339400004616,0.933333333333333,0.94,0.997122218599543,0.998722275704812,0.89542731841839,0.965646842704199,0.931866091047135,0.906587154663373,0.736210391079006,0.873549892212897,0.935054351352407,0.881398049054313
"16",0.690400151124061,0.947315208118578,0.975683223202401,0.614285714285714,0.683333333333333,0.960821751505136,0.642889599440506,0.774894045944599,0.788275558090116,0.73844568983637,0.847508893152247,0.694431669958983,0.732322756803364,0.678530731223263,0.81498691027691
"17",0.19186443250839,0.89793212935844,0.0496515333136031,0.053030303030303,0.35,0.189606308937073,0.727358524233831,0.173405168220179,0.29827009995099,0.122961857648296,0.267652973683951,0.206070266815244,0.171985452966835,0.191863889133275,0.270744473312777
"18",0.197714197092111,0.231553701632846,0.000697078196172792,0.053030303030303,0.28,0.0447006225585938,0.00505873879600779,0.0892410789551619,0.0914613484596706,0.0637988723957658,0.130675739939216,0.207424890520808,0.114279353354288,0.12443978041072,0.141635455014642
"19",0.745083966441596,0.996483391853142,0.993214463379466,0.933333333333333,0.94,0.985322787426412,0.997822228554726,0.869189193061896,0.955422421494108,0.896205977001803,0.89565024365549,0.740994403564037,0.83387844576678,0.914384729848223,0.880411968320971
"20",0.690400151124061,0.999977892906571,0.998743984600501,0.614285714285714,0.83,0.931709639728069,0.997175993236086,0.667883690933913,0.831575607045561,0.754606978054875,0.799668585721415,0.694431669958983,0.732046811311776,0.83757359746755,0.767600718785644
"21",0.723255421917188,0.987617817264201,0.989120850705403,0.933333333333333,0.85,0.405758142471313,0.453034720935669,0.869189193061896,0.855937748842317,0.858624479225696,0.856317309095992,0.736210391079006,0.818989758816941,0.787608428487269,0.834243781973943
"22",0.197714197092111,0.063555389460625,0.0421424472451564,0.053030303030303,0.095,0.165629029273987,0.141097837551644,0.0892410789551619,0.277425327926564,0.1023160911591,0.0815465340395119,0.207424890520808,0.200734778490485,0.291028637467188,0.0878908087683799
"23",0.715728074136719,0.65194332367811,0.946363552190186,0.933333333333333,0.6775,0.924499206244946,0.980034020069318,0.756310248402755,0.728217607509074,0.858624479225696,0.632878575835664,0.734603178230602,0.832558110819158,0.780437507379767,0.622954293009625
"24",0.79753360256624,0.999519062656328,0.997226551308339,0.933333333333333,0.99,0.995239275041968,0.999093142590438,0.89542731841839,0.961711057666407,0.931866091047135,0.906587154663373,0.753472985129767,0.873549892212897,0.939258100582636,0.881398049054313
"25",0.179164152630939,0.0110954982172391,0.00708286931698827,0.053030303030303,0.01,0.0163941383361816,0.0078514265685701,0.0892410789551619,0.0579607126961075,0.0637988723957658,0.132698007268122,0.176869593579386,0.114279353354288,0.0800918020029933,0.141970530980455
"26",0.179164152630939,0.0324453276076944,0.00777051774821,0.053030303030303,0.245576441102757,0.154697120189667,0.0470790971619631,0.173405168220179,0.297484880852031,0.189950396669543,0.167541409998769,0.176869593579386,0.20837591185384,0.245509632557162,0.172386699505599
"27",0.778863351713284,0.995160952048338,0.994142320713696,0.933333333333333,0.9,0.991719259880483,0.945245212018771,0.869189193061896,0.943001973300983,0.896205977001803,0.843306625611835,0.748841337190244,0.83387844576678,0.85070577970547,0.832939960199942
"28",0.708078623202027,0.963858278542634,0.938253769582628,0.933333333333333,0.86,0.976423788815737,0.998606268072769,0.89542731841839,0.881075259764285,0.931866091047135,0.814750524453266,0.732989724510207,0.873549892212897,0.870750590588456,0.811795316360458
"29",0.179164152630939,0.0226265368420861,0.0112072874802611,0.053030303030303,0.052,0.0467552542686462,0.00143144960718983,0.0892410789551619,0.0219239302348055,0.0637988723957658,0.132698007268122,0.176869593579386,0.114279353354288,0.0504847357922459,0.141970530980455
"30",0.730658457706649,0.664252230133441,0.930871230508001,0.933333333333333,0.854,0.486458241939545,0.842249492277059,0.869189193061896,0.936642025324778,0.896205977001803,0.841898551459612,0.737811344688756,0.820186557121044,0.862795382064584,0.832939960199942
"31",0.19186443250839,0.0657749621574277,0.0452506067393082,0.053030303030303,0.04,0.00771814584732056,0.0118183426606208,0.0892410789551619,0.0516382995906489,0.0637988723957658,0.073500012185471,0.206070266815244,0.114279353354288,0.0769661072378375,0.0871402232123397
"32",0.715728074136719,0.944918387521187,0.987274426639076,0.933333333333333,0.87,0.974172340705991,0.949218943229028,0.89542731841839,0.865323592079946,0.931866091047135,0.828445852958559,0.734603178230602,0.873049851133005,0.857252865019167,0.813147477650818
"33",0.785220593302025,0.992978045020443,0.996667412640164,0.933333333333333,0.98,0.997064933879301,0.999082289049102,0.89542731841839,0.961510795462122,0.823236784306731,0.896603929522796,0.750391623366567,0.588869784124305,0.917458656044559,0.880411968320971
"34",0.203697359882734,0.365668923344343,0.223559160361677,0.053030303030303,0.232,0.0174797177314758,0.0746356933140491,0.173405168220179,0.172620886784837,0.0637988723957658,0.393700018933734,0.208786077226963,0.114279353354288,0.170592225345203,0.385775625077173
"35",0.179164152630939,0.021667313211331,0.00292594703124589,0.053030303030303,0.223,0.214067995548248,0.0217651984246319,0.173405168220179,0.220055975285521,0.122961857648296,0.147776325585352,0.176869593579386,0.171985452966835,0.248947467945144,0.175916650383247
"36",0.256363377061904,0.415132923356222,0.0413280811570352,0.173913043478261,0.346666666666667,0.510730594396591,0.307992997658584,0.173405168220179,0.334815681102502,0.203344375710131,0.359757361965537,0.219911870375182,0.243661034354052,0.292400302754386,0.383674879754074
"37",0.222449461813665,0.0111366057311126,0.00990499303478743,0.053030303030303,0.236666666666667,0.0567942261695862,0.00949102488547866,0.173405168220179,0.18992350073988,0.0637988723957658,0.393700018933734,0.212909023556694,0.114279353354288,0.162152140222667,0.385775625077173
"38",0.179164152630939,0.00674441207026303,0.00312688373061384,0.053030303030303,0.102,0.0148600935935974,0.00770342917550729,0.173405168220179,0.0979039337458778,0.0789563811536988,0.165513611739737,0.176869593579386,0.137295616894187,0.142255760315883,0.177206920295227
"39",0.179164152630939,0.0185004649887272,0.00622872996552941,0.053030303030303,0.045,0.0129410624504089,0.00188578913003745,0.0892410789551619,0.0516382995906489,0.0637988723957658,0.0695286487773195,0.176869593579386,0.114279353354288,0.0689849592549443,0.0840054551025112
"40",0.179164152630939,0.000546077827755032,0.000663716482756153,0.053030303030303,0.07,0.0694925785064697,0.0189660704032581,0.0892410789551619,0.10665765253597,0.0637988723957658,0.068868733824639,0.176869593579386,0.114279353354288,0.128227014905469,0.0840054551025112
"41",0.179164152630939,0.0038504504425129,0.00153413944827356,0.053030303030303,0.065,0.0282366871833801,0.00330704421289648,0.0892410789551619,0.0132502506124737,0.0637988723957658,0.0761424883999964,0.176869593579386,0.114279353354288,0.0408003831372608,0.0873594973939353
"42",0.179164152630939,0.0644546362516993,0.00399044632556299,0.053030303030303,0.0466666666666667,0.00142264366149902,0.000814536292799508,0.0892410789551619,0.009455498401935,0.0637988723957658,0.119337716770983,0.176869593579386,0.114279353354288,0.041477797617793,0.140559940371828
"43",0.179164152630939,0.0245207733053718,0.00397679273180093,0.053030303030303,0.240952380952381,0.0785344243049622,0.0478290324035817,0.0892410789551619,0.0842911229804823,0.203344375710131,0.114368486641322,0.176869593579386,0.243661034354052,0.148909450581651,0.123539053322965
"44",0.179164152630939,0.0870905080649671,0.00625049383389565,0.053030303030303,0.108052631578947,0.263983428478241,0.02829840835519,0.173405168220179,0.32775986375276,0.189950396669543,0.168975244386668,0.176869593579386,0.20837591185384,0.259272398967642,0.172386699505599
"45",0.690400151124061,0.291291409122502,0.575943217038532,0.614285714285714,0.421,0.83768518269062,0.697838327432503,0.324805249118716,0.410682480029877,0.577259624296747,0.460738881812471,0.694431669958983,0.576836664079853,0.453149269945546,0.515854224594548
"46",0.690400151124061,0.866408178394207,0.838208051737271,0.614285714285714,0.82125,0.876794330775738,0.913876579358062,0.811514595353768,0.918478311368912,0.754606978054875,0.819775701484586,0.694431669958983,0.6643809353522,0.840059648358661,0.806983550366079
"47",0.730658457706649,0.999991635607596,0.999766183227068,0.933333333333333,0.98,0.964553151279688,0.995056066667039,0.89542731841839,0.973537291668262,0.905839747839655,0.905684132331607,0.737811344688756,0.872496654137183,0.923771148248515,0.881398049054313
"48",0.179164152630939,0.0443782478703351,0.00240854414125863,0.053030303030303,0.070952380952381,0.182344734668732,0.0497539106441874,0.0892410789551619,0.0225650848774176,0.0637988723957658,0.104275638570803,0.176869593579386,0.114279353354288,0.0591249648236992,0.122581330377182
"49",0.179164152630939,0.0232040397066543,0.00875773930150775,0.053030303030303,0.0393542188805347,0.011458158493042,0.00095470836339618,0.0892410789551619,0.116349066243757,0.1023160911591,0.0764500760608278,0.176869593579386,0.140532070944441,0.131739500917617,0.0847315454876588
"50",0.179164152630939,0.000473055088200771,0.00031239887074228,0.053030303030303,0.02,0.00103950500488281,0.00112864387485402,0.0892410789551619,0.00552171115888983,0.0637988723957658,0.0601527750402872,0.176869593579386,0.114279353354288,0.0284571730966289,0.0833250750173503
"51",0.179164152630939,0.0698951633593314,0.011209254737156,0.053030303030303,0.137385964912281,0.00398451089859009,0.000462270645680688,0.0892410789551619,0.0501298059566794,0.1023160911591,0.14400874132705,0.176869593579386,0.140532070944441,0.0902200458199679,0.142782018105908
"52",0.715728074136719,0.894876774746214,0.988790969932093,0.933333333333333,0.845,0.998766107368283,0.973769647227447,0.841586762507217,0.863779582898836,0.887985942458949,0.739576359684323,0.734603178230602,0.833282943951167,0.815576807440906,0.724345429353322
"53",0.179164152630939,0.0105950599108542,0.00273384320316533,0.173913043478261,0.315,0.0906527042388916,0.0409812709162617,0.173405168220179,0.322580947098469,0.122961857648296,0.153745902443217,0.176869593579386,0.171985452966835,0.319642594254169,0.171049842846498
"54",0.708078623202027,0.828606781336053,0.989410465521804,0.933333333333333,0.655,0.507955551147461,0.486255554983735,0.756310248402755,0.778664826294205,0.858624479225696,0.538847900158429,0.732989724510207,0.831958829745213,0.77182061217466,0.538721368974637
"55",0.752103219700408,0.999932967204827,0.998892017744954,0.933333333333333,0.99,0.990682533942163,0.997511278565009,0.89542731841839,0.965646842704199,0.905839747839655,0.906555682755977,0.742576474927692,0.872496654137183,0.93597465095097,0.881398049054313
"56",0.765748409059956,0.999873428245898,0.999199760937972,0.933333333333333,0.98,0.958830520510674,0.993094744243587,0.89542731841839,0.973537291668262,0.931866091047135,0.905715867247298,0.745721620963677,0.873549892212897,0.939919979568484,0.881398049054313
"57",0.765748409059956,0.935935828334385,0.996949674294682,0.933333333333333,0.88,0.721495717763901,0.899009026786699,0.869189193061896,0.949415273417257,0.858624479225696,0.841948003216841,0.745721620963677,0.818989758816941,0.886810829849154,0.832939960199942
"58",0.19186443250839,0.331008195075965,0.0439453002603813,0.053030303030303,0.12,0.0135141611099243,0.105615471281304,0.0892410789551619,0.0731655584376878,0.0637988723957658,0.130675739939216,0.206070266815244,0.114279353354288,0.0883357997033347,0.141635455014642
"59",0.179164152630939,0.0345822625166734,0.0145531663581481,0.053030303030303,0.119576441102757,0.0106155276298523,0.0316672083972275,0.0892410789551619,0.149752565955611,0.1023160911591,0.134388509719536,0.176869593579386,0.200734778490485,0.213097968513102,0.137948083147184
"60",0.785220593302025,0.939470384581599,0.96415621159506,0.933333333333333,0.88,0.944744668900967,0.975227105841856,0.89542731841839,0.953768155050746,0.931866091047135,0.88555113834137,0.750391623366567,0.873549892212897,0.890054241910991,0.879474419434244
"61",0.179164152630939,6.09310687366757e-05,0.00016877265934407,0.053030303030303,0,0.00339919328689575,0.000975727742671565,0.0892410789551619,0.086495444091649,0.0637988723957658,0.068868733824639,0.176869593579386,0.114279353354288,0.102322158441089,0.0840054551025112
"62",0.179164152630939,0.0220319771244131,0.00963950236273193,0.053030303030303,0.0120526315789474,0.0446115136146545,0.00866232708443115,0.0892410789551619,0.0297830097579108,0.1023160911591,0.0764500760608278,0.176869593579386,0.140532070944441,0.062902479282493,0.0847315454876588
"63",0.79753360256624,0.999931319296218,0.995033983990977,0.933333333333333,0.96,0.997423400636762,0.995137551100537,0.89542731841839,0.973537291668262,0.931866091047135,0.89565024365549,0.753472985129767,0.873549892212897,0.939919979568484,0.880411968320971
"64",0.7379352150118,0.978360753139142,0.991037006515517,0.933333333333333,0.93,0.99085424374789,0.992211540104117,0.869189193061896,0.943001973300983,0.896205977001803,0.857618685273182,0.739406021261326,0.83387844576678,0.918618414323462,0.834243781973943
"65",0.758991712872939,0.9986680511668,0.992844732538817,0.933333333333333,1,0.997827371349558,0.99943235729582,0.89542731841839,0.969594343810883,0.931866091047135,0.906587154663373,0.744152219244126,0.873549892212897,0.929485611995994,0.881398049054313
"66",0.179164152630939,0.000961890440306977,0.000506139344638449,0.053030303030303,0.195,0.239226818084717,0.0928613437235855,0.173405168220179,0.220055975285521,0.122961857648296,0.152417594552773,0.176869593579386,0.171985452966835,0.201639494828827,0.171049842846498
"67",0.79753360256624,1,0.991262491993459,0.933333333333333,0.98,0.986565704457462,0.999176689271437,0.89542731841839,0.94040386379043,0.905839747839655,0.896569477877821,0.753472985129767,0.872496654137183,0.933678297512795,0.880411968320971
"68",0.708078623202027,1,0.96884689203389,0.933333333333333,0.855,0.98187318444252,0.998226610645946,0.89542731841839,0.862794566954146,0.931866091047135,0.829897091263498,0.732989724510207,0.873549892212897,0.863262332627265,0.813147477650818
"69",0.179164152630939,0.00940622462381597,0.00465018911432975,0.053030303030303,0.05,0.0165863633155823,0.00897586751275106,0.0892410789551619,0.0132502506124737,0.0637988723957658,0.068868733824639,0.176869593579386,0.114279353354288,0.0456807361266757,0.0840054551025112
"70",0.690400151124061,0.896339088716688,0.794967641366745,0.614285714285714,0.595,0.842532306909561,0.885905585357191,0.549837688403293,0.834938422241253,0.660020087607686,0.697365770339535,0.694431669958983,0.564726923938153,0.772325232733122,0.707492457247865
"71",0.745083966441596,1,0.999980581734556,0.933333333333333,0.97,0.995403329376131,0.999299496535802,0.89542731841839,0.969594343810883,0.931866091047135,0.896603929522796,0.740994403564037,0.873549892212897,0.92254642248183,0.880411968320971
"72",0.179164152630939,1,0.998861171292284,0.173913043478261,0.682052631578947,0.281204402446747,0.686110960799983,0.0892410789551619,0.574164838556356,0.299185853489935,0.332410749256079,0.176869593579386,0.385406084116066,0.600673486897593,0.211166726725792
"73",0.79753360256624,0.999996255358934,0.9964232015635,0.933333333333333,0.91,0.985077185556293,0.998056976567872,0.725243946699546,0.897052226379053,0.754606978054875,0.882406126741728,0.755004035662697,0.732322756803364,0.870946437371688,0.879474419434244
"74",0.179164152630939,0.00289206802052734,0.000502918974433693,0.173913043478261,0.2,0.110502481460571,0.0136923565799157,0.0892410789551619,0.201042697781821,0.203344375710131,0.0695286487773195,0.176869593579386,0.243661034354052,0.207743366066728,0.0840054551025112
"75",0.179164152630939,2.22044604925031e-16,0.000396248017480511,0.053030303030303,0.04,0.00103139877319336,0.00406205842060972,0.0892410789551619,0.0290868480838049,0.110372673284998,0.068868733824639,0.176869593579386,0.166748830972707,0.0621501372236601,0.0840054551025112
"76",0.179164152630939,0.402171161933478,0.0782759647714704,0.053030303030303,0.09,0.00927025079727173,0.0158077580538482,0.0892410789551619,0.0172450575443716,0.0637988723957658,0.068868733824639,0.176869593579386,0.114279353354288,0.0538015496805577,0.0840054551025112
"77",0.745083966441596,0.991483365245305,0.993396918105434,0.933333333333333,0.91,0.996779513778165,0.987946856213171,0.841586762507217,0.950261966354485,0.887985942458949,0.841948003216841,0.740994403564037,0.83387844576678,0.863048805942434,0.832939960199942
"78",0.179164152630939,0.178006009386671,0.00978814601890497,0.053030303030303,0.255,0.0112553834915161,0.0228472342256162,0.0892410789551619,0.071378309479268,0.0637988723957658,0.118763365635881,0.176869593579386,0.114279353354288,0.108054220821637,0.130470684610616
"79",0.179164152630939,0.00803739694572515,0.0023887775898788,0.053030303030303,0.0366666666666667,0.000774502754211426,0.00035427537248615,0.0892410789551619,0.00822247548483424,0.0637988723957658,0.110289481330705,0.176869593579386,0.114279353354288,0.038672474963899,0.123539053322965
"80",0.758991712872939,0.965460320678094,0.984156931360788,0.933333333333333,0.97,0.992467324715108,0.993621670870782,0.872549576196033,0.946407800297434,0.898296084019959,0.906555682755977,0.744152219244126,0.872496654137183,0.930115669075359,0.881398049054313
"81",0.752103219700408,0.927468054975819,0.972546095933219,0.933333333333333,0.94,0.98878841008991,0.969535936473202,0.841586762507217,0.931010802626477,0.887985942458949,0.841948003216841,0.742576474927692,0.820394003795626,0.873373222768446,0.832939960199942
"82",0.690400151124061,0.864508640363519,0.889182230865978,0.614285714285714,0.591785714285714,0.383145451545715,0.471461699658613,0.667883690933913,0.307211568851693,0.683842284036587,0.667403354425799,0.694431669958983,0.727040447971498,0.649834672201901,0.659186075575711
"83",0.179164152630939,0.00811717815081906,0.00147569286482912,0.053030303030303,0.1,0.0138779282569885,0.184959264331857,0.0892410789551619,0.0333753106914246,0.0637988723957658,0.121819437301097,0.176869593579386,0.114279353354288,0.0715123182104207,0.136834141105752
"84",0.179164152630939,0.0572369150944278,0.00292568613203226,0.053030303030303,0.03,0.0450800657272339,0.0276771846441603,0.0892410789551619,0.120698464278122,0.110372673284998,0.111151578223768,0.176869593579386,0.166748830972707,0.117262442573945,0.135789317795413
"85",0.730658457706649,0.837229504063908,0.970793371862559,0.933333333333333,0.93,0.91723707318306,0.880604166114839,0.872549576196033,0.95099785118869,0.898296084019959,0.905684132331607,0.737811344688756,0.872496654137183,0.908462564551148,0.881398049054313
"86",0.690400151124061,0.959855367639037,0.930730093536797,0.614285714285714,0.687333333333333,0.380052268505096,0.508922770747609,0.72761293901922,0.67760590859624,0.640596344725125,0.747686115937371,0.694431669958983,0.643009067315914,0.672151170533329,0.71818049718633
"87",0.7379352150118,0.963580260239013,0.981847703429663,0.933333333333333,0.85,0.976468754932284,0.942643804874021,0.869189193061896,0.954121604609719,0.896205977001803,0.841948003216841,0.739406021261326,0.820394003795626,0.901032135845057,0.832939960199942
"88",0.690400151124061,0.988684799275591,0.986174963185844,0.614285714285714,0.82,0.918310418725014,0.982667899835901,0.769638630719121,0.926005492475556,0.397977924799969,0.828310874845833,0.694431669958983,0.283682672430069,0.796390490684191,0.805084338482808
"89",0.179164152630939,0.000953366025885582,0.000609091568930672,0.053030303030303,0.11,0.0525120496749878,0.126335366467588,0.173405168220179,0.132429229389584,0.122961857648296,0.238950607283131,0.176869593579386,0.171985452966835,0.150560045818429,0.24077940609835
"90",0.179164152630939,0.000143204261053425,0.000937807579799335,0.173913043478261,0.145,0.0076947808265686,0.0316327263200932,0.0892410789551619,0.0630611551991273,0.110372673284998,0.114368486641322,0.176869593579386,0.166748830972707,0.10418043593852,0.123539053322965
"91",0.758991712872939,0.999304718471211,0.998209378847837,0.933333333333333,0.98,0.999712920485763,0.99921182895171,0.869189193061896,0.959988227720579,0.896205977001803,0.843306625611835,0.744152219244126,0.83387844576678,0.915293200308765,0.832939960199942
"92",0.690400151124061,0.990283440644187,0.976605204002257,0.614285714285714,0.94,0.960239224135876,0.988701584885594,0.769638630719121,0.868739720358157,0.660020087607686,0.725856038811785,0.694431669958983,0.643009067315914,0.80155736067516,0.71627422430333
"93",0.179164152630939,0.123596409970375,0.0106051339282166,0.053030303030303,0.12,0.00275164842605591,0.00291413089985057,0.0892410789551619,0.0372647461956784,0.0637988723957658,0.130675739939216,0.176869593579386,0.114279353354288,0.0781950357541618,0.141635455014642
"94",0.723255421917188,0.181508098122065,0.830278117537529,0.933333333333333,0.76,0.364299952983856,0.393855101703673,0.671949251392491,0.816361671372071,0.577259624296747,0.821682856969695,0.736210391079006,0.641812577911023,0.703158729626043,0.831701383240079
"95",0.79753360256624,0.999999976768244,0.999987576049437,0.933333333333333,0.92,0.850430771708488,0.967523286214098,0.89542731841839,0.961711057666407,0.931866091047135,0.89565024365549,0.825633206768948,0.873394366360963,0.917539473834147,0.880411968320971
"96",0.690400151124061,0.329723256925684,0.602776417425646,0.614285714285714,0.574285714285714,0.946994811296463,0.870341440869223,0.494072333194647,0.899852258489447,0.640596344725125,0.697365770339535,0.694431669958983,0.564726923938153,0.772112904077148,0.707492457247865
"97",0.690400151124061,0.399845064037508,0.789086854823773,0.614285714285714,0.40125,0.240708947181702,0.59815661331931,0.616543363343998,0.549427682256154,0.665088940126741,0.64934219809248,0.694431669958983,0.396309925926489,0.56643615842781,0.650128532327418
"98",0.179164152630939,0.0267396127382039,0.0184779845514441,0.173913043478261,0.065,0.0230995416641235,0.00490200630338913,0.173405168220179,0.0711436964588363,0.122961857648296,0.166933572075618,0.176869593579386,0.171985452966835,0.12433656961368,0.177206920295227
"99",0.690400151124061,0.81458055459191,0.892650588783412,0.614285714285714,0.585,0.958207428455353,0.982945093274371,0.769638630719121,0.918591631722472,0.660020087607686,0.728753667681404,0.694431669958983,0.588855632343368,0.791281538823599,0.709433797299471
"100",0.179164152630939,0.0649010223457028,0.0182706078161188,0.053030303030303,0.14,0.0582389831542969,0.204039437457201,0.0892410789551619,0.0325243935377776,0.0637988723957658,0.068868733824639,0.176869593579386,0.114279353354288,0.0730957445739161,0.0840054551025112
"101",0.179164152630939,0.00252029535394185,0.0011072263567698,0.053030303030303,0,0.00431597232818604,0.0030351046069623,0.0892410789551619,0.0407106218251051,0.0637988723957658,0.0601527750402872,0.176869593579386,0.114279353354288,0.0762747522462017,0.0833250750173503
"102",0.7379352150118,0.752684535130942,0.929424402118834,0.933333333333333,0.84,0.585184097290039,0.899072610783054,0.869189193061896,0.930816480139547,0.896205977001803,0.82765164616235,0.739406021261326,0.820394003795626,0.841682199328825,0.831701383240079
"103",0.179164152630939,1,0.998795271477096,0.173913043478261,0.742052631578947,0.4122673869133,0.38267481430551,0.0892410789551619,0.326241160248567,0.299185853489935,0.332410749256079,0.176869593579386,0.385406084116066,0.490561648762838,0.211166726725792
"104",0.79753360256624,0.999092625926975,0.997311866440961,0.933333333333333,0.97,0.976207619532943,0.935716064201836,0.89542731841839,0.966641123271141,0.931866091047135,0.905715867247298,0.758046817440812,0.873549892212897,0.929607696697221,0.881398049054313
"105",0.209814232150975,0.0865738395973906,0.0398751540762374,0.053030303030303,0.228333333333333,0.0193166136741638,0.0549358302879706,0.173405168220179,0.139202509364227,0.0637988723957658,0.2851538050612,0.210153827974867,0.114279353354288,0.157839769262007,0.298419955651934
"106",0.19186443250839,0.001775861441667,0.00554327870328198,0.053030303030303,0.06,0.0188928842544556,0.0166912457478024,0.0892410789551619,0.0914717679384417,0.0637988723957658,0.129516244864116,0.206070266815244,0.114279353354288,0.101772189047409,0.141635455014642
"107",0.197714197092111,0.00283987160813349,0.00347242959586628,0.053030303030303,0.14,0.00437825918197632,0.00098879823821767,0.173405168220179,0.0979039337458778,0.0789563811536988,0.149418584785971,0.207424890520808,0.137295616894187,0.142255760315883,0.175517844544202
"108",0.690400151124061,1,0.999986349517142,0.614285714285714,0.89,0.954391915351152,0.963070613234318,0.811514595353768,0.94286444401117,0.754606978054875,0.832379225916401,0.694431669958983,0.732322756803364,0.826173159569626,0.813565466572453
"109",0.690400151124061,0.92730660416058,0.964130509298422,0.614285714285714,0.836666666666667,0.896680653095245,0.870953841639482,0.769638630719121,0.768218013956116,0.660020087607686,0.749614049822579,0.694431669958983,0.665319237360985,0.745424866403717,0.71818049718633
"110",0.708078623202027,0.925361000011566,0.991952824715863,0.933333333333333,0.608333333333333,0.399732232093811,0.151550619220848,0.756310248402755,0.588786615753228,0.896205977001803,0.514329290331009,0.732989724510207,0.810242362793155,0.598913610583964,0.528064933208865
"111",0.197714197092111,0.00116565069534218,0.00164008664920719,0.053030303030303,0.11,0.00137436389923096,0.00144976277665869,0.0892410789551619,0.00552171115888983,0.0637988723957658,0.0642383602621683,0.207424890520808,0.114279353354288,0.0284571730966289,0.0864368497251237
"112",0.197714197092111,0.119237401560612,0.0772688771969152,0.053030303030303,0.147,0.0169766545295715,0.0164780450558008,0.0892410789551619,0.0971737931863785,0.1023160911591,0.156515672164058,0.207424890520808,0.140532070944441,0.113059492671437,0.148103366880428
"113",0.179164152630939,0.00786388837716152,0.00217798464095128,0.053030303030303,0.08,0.00134795904159546,0.000283951137803559,0.0892410789551619,0.0139369850723198,0.0637988723957658,0.068868733824639,0.176869593579386,0.114279353354288,0.0483650239521902,0.0840054551025112
"114",0.690400151124061,0.347713403671853,0.770859040442317,0.614285714285714,0.613333333333333,0.743397682905197,0.225334594552921,0.514835856394211,0.662836073318036,0.73844568983637,0.811219273215364,0.694431669958983,0.732322756803364,0.641091356689883,0.81221563153669
"115",0.179164152630939,0.0106583935181512,0.00536497337230828,0.053030303030303,0.132243107769424,0.0397922992706299,0.00625214470109914,0.173405168220179,0.122822406091603,0.125398896443026,0.260026592156628,0.176869593579386,0.167833824885863,0.153979337003511,0.242501812533964
"116",0.715728074136719,0.919711128664434,0.990304202767475,0.933333333333333,0.823,0.908542342483997,0.985663795209074,0.869189193061896,0.746154579943342,0.896205977001803,0.822155637116915,0.734603178230602,0.83387844576678,0.838501326374593,0.79508418178329
"117",0.179164152630939,1,0.998942153988398,0.173913043478261,0.339671679197995,0.0115995407104492,0.00651344365494131,0.173405168220179,0.136427754959454,0.125398896443026,0.547638140234074,0.176869593579386,0.167833824885863,0.235986472508254,0.375900963407594
"118",0.752103219700408,0.996272551398711,0.993239329527189,0.933333333333333,0.99,0.991864474490285,0.999969284176567,0.89542731841839,0.969594343810883,0.931866091047135,0.906587154663373,0.742576474927692,0.873549892212897,0.943028191738112,0.881398049054313
"119",0.752103219700408,0.998998521096529,0.99716963096926,0.933333333333333,0.98,0.980895752087235,0.995040217116968,0.89542731841839,0.965646842704199,0.905839747839655,0.905684132331607,0.742576474927692,0.872496654137183,0.882402210816004,0.881398049054313
"120",0.19186443250839,0.0319986100555248,0.00854088019677877,0.053030303030303,0.17,0.00836718082427979,0.00347231581877697,0.173405168220179,0.0463868792752184,0.0789563811536988,0.16308528408954,0.206070266815244,0.137295616894187,0.0964633760267124,0.176805816961448
"121",0.690400151124061,0.184099005918518,0.628151995535409,0.614285714285714,0.511,0.217291414737701,0.168157668084619,0.324805249118716,0.254376352115796,0.577259624296747,0.460738881812471,0.694431669958983,0.649326869096649,0.334252089230146,0.515854224594548
"122",0.179164152630939,0.0516717357741266,0.00509459369816777,0.053030303030303,0.168285714285714,0.118048667907715,0.0296214109112292,0.173405168220179,0.182841477040441,0.122961857648296,0.238950607283131,0.176869593579386,0.171985452966835,0.189333156073522,0.24077940609835
"123",0.708078623202027,0.99948024206442,0.998288047402213,0.933333333333333,0.925,0.926115185022354,0.997302297697765,0.89542731841839,0.973537291668262,0.931866091047135,0.841929284182212,0.732989724510207,0.873549892212897,0.94000877568015,0.819566199021494
"124",0.752103219700408,0.987521943311923,0.994495848959177,0.933333333333333,0.92,0.990111557766795,0.999530214922153,0.89542731841839,0.969594343810883,0.931866091047135,0.89565024365549,0.742576474927692,0.873549892212897,0.909710179832022,0.880411968320971
"125",0.19186443250839,0.109965730423103,0.0789163926068202,0.053030303030303,0.243571428571429,0.103717446327209,0.342733773180016,0.173405168220179,0.139193814045247,0.122961857648296,0.16169170440081,0.206070266815244,0.171985452966835,0.136274556643304,0.176805816961448
"126",0.690400151124061,0.999452889956516,0.995711921735893,0.614285714285714,0.763333333333333,0.869689881801605,0.351082871250138,0.72761293901922,0.801112152178588,0.640596344725125,0.826848927202551,0.694431669958983,0.643009067315914,0.631888486667849,0.805084338482808
"127",0.179164152630939,0.00915008158991858,0.00239804211866418,0.053030303030303,0.124,0.0187967419624329,0.0126107023961369,0.173405168220179,0.383879468819391,0.122961857648296,0.252206570076741,0.176869593579386,0.171985452966835,0.267308954771072,0.26290700589837
"128",0.179164152630939,0.0558896687672811,0.000766653311118611,0.173913043478261,0.17,0.0102548003196716,0.00492223118938246,0.0892410789551619,0.0431721412003461,0.0637988723957658,0.114368486641322,0.176869593579386,0.114279353354288,0.0838219469369201,0.123539053322965
"129",0.179164152630939,0.00304554383487128,0.00121265169885662,0.053030303030303,0.15,0.0424057245254517,0.00519369934928429,0.173405168220179,0.0737300387525987,0.0789563811536988,0.134656929263963,0.176869593579386,0.137295616894187,0.12424229825649,0.169795152093763
"130",0.690400151124061,0.990224591093125,0.942139776284101,0.614285714285714,0.634285714285714,0.188466906547546,0.676397302392977,0.769638630719121,0.761435868526472,0.660020087607686,0.705929811411101,0.694431669958983,0.641971013086623,0.665165219518833,0.707492457247865
"131",0.690400151124061,1,0.890160352709014,0.614285714285714,0.72,0.913967117667198,0.981871698528115,0.616543363343998,0.806831624136639,0.665088940126741,0.667403354425799,0.694431669958983,0.730456165719553,0.748660734012279,0.659186075575711
"132",0.752103219700408,0.96571086671057,0.972071478239941,0.933333333333333,0.91,0.992034120485187,0.992496225136726,0.725243946699546,0.897052226379053,0.754606978054875,0.881338817037665,0.742576474927692,0.732322756803364,0.82924307355234,0.879474419434244
"133",0.690400151124061,0.999990215954015,0.94877775937864,0.614285714285714,0.718,0.497630834579468,0.859222452339512,0.667883690933913,0.533202352369426,0.683842284036587,0.691912391190249,0.694431669958983,0.727040447971498,0.76504252082104,0.661294533474298
"134",0.179164152630939,0.00242702888541012,0.00170541767072798,0.053030303030303,0.002,0.000707507133483887,0.00104732886651925,0.0892410789551619,0.029088487068251,0.0637988723957658,0.0726209326088164,0.176869593579386,0.114279353354288,0.0619814894134194,0.0873594973939353
"135",0.222449461813665,0.0754650215255531,0.041560353226923,0.053030303030303,0.23,0.0219069719314575,0.00582903123405406,0.173405168220179,0.139202509364227,0.0637988723957658,0.2851538050612,0.212909023556694,0.114279353354288,0.157839769262007,0.298419955651934
"136",0.79753360256624,0.999826458152945,0.989377194584536,0.933333333333333,0.98,0.995621593669057,0.996614124418184,0.89542731841839,0.961711057666407,0.931866091047135,0.896603929522796,0.755004035662697,0.873549892212897,0.939258100582636,0.880411968320971
"137",0.715728074136719,0.711800093475285,0.96759458588181,0.933333333333333,0.626666666666667,0.927585639059544,0.229981624637252,0.671949251392491,0.671138840094305,0.660020087607686,0.710771931070889,0.734603178230602,0.643009067315914,0.624520529148139,0.722569899183018
"138",0.179164152630939,0.0200084552260782,0.00189288186884746,0.053030303030303,0.070952380952381,0.113369524478912,0.00378244758954805,0.0892410789551619,0.0225650848774176,0.0637988723957658,0.104275638570803,0.176869593579386,0.114279353354288,0.0591249648236992,0.122581330377182
"139",0.179164152630939,0.0588991493373259,0.0192485663870858,0.053030303030303,0.105,0.00731855630874634,0.017973763045629,0.0892410789551619,0.0335177438647651,0.0637988723957658,0.068868733824639,0.176869593579386,0.114279353354288,0.0767128081527595,0.0840054551025112
"140",0.690400151124061,0.846582429780067,0.921984929442785,0.614285714285714,0.898,0.859125331044197,0.983536868937627,0.811514595353768,0.669124792429956,0.754606978054875,0.843288037536751,0.694431669958983,0.732322756803364,0.766898153473583,0.819566199021494
"141",0.179164152630939,0.00395903087112017,0.00049116105864325,0.053030303030303,0.12,0.0286388397216797,0.0218671640216347,0.173405168220179,0.0530368967009562,0.0789563811536988,0.14849796789419,0.176869593579386,0.137295616894187,0.11444558164201,0.171049842846498
"142",0.179164152630939,0.68321561940178,0.0739368334322765,0.053030303030303,0.376444444444444,0.391999363899231,0.262098724385113,0.173405168220179,0.422951448101291,0.189950396669543,0.279321564798454,0.176869593579386,0.20837591185384,0.274106900368102,0.250453782165105
"143",0.690400151124061,0.689489734634112,0.91164675116801,0.614285714285714,0.755,0.89473769813776,0.917439893549614,0.769638630719121,0.84717955827578,0.660020087607686,0.725856038811785,0.694431669958983,0.643009067315914,0.792481770975037,0.71627422430333
"144",0.179164152630939,0.00702207308351036,0.00410825785363749,0.053030303030303,0.0400526315789474,0.00813102722167969,0.00938784142077094,0.0892410789551619,0.0691093880807706,0.1023160911591,0.0764500760608278,0.176869593579386,0.140532070944441,0.0888203397333809,0.0847315454876588
"145",0.708078623202027,0.949812870172434,0.984978846880199,0.933333333333333,0.75,0.857965812087059,0.950313629289272,0.761775616181458,0.782970806588283,0.898296084019959,0.667403354425799,0.732989724510207,0.872496654137183,0.81871478930313,0.659186075575711
"146",0.197714197092111,0.0899877698794413,0.0328621439907616,0.053030303030303,0.286666666666667,0.140631198883057,0.149771344022737,0.173405168220179,0.671158746138228,0.189950396669543,0.288188625433001,0.207424890520808,0.20837591185384,0.371017407957193,0.272604268207325
"147",0.179164152630939,0.00714167195903888,0.00517961014511208,0.053030303030303,0,0.0011448860168457,0.000101117638524802,0.0892410789551619,0.00479917951672597,0.0637988723957658,0.068868733824639,0.176869593579386,0.114279353354288,0.0265081372151501,0.0840054551025112
"148",0.179164152630939,0.00490639182149899,0.00234183708461082,0.053030303030303,0.01,0.00745445489883423,0.0011518090652816,0.0892410789551619,0.00822247548483424,0.0637988723957658,0.0625077725818376,0.176869593579386,0.114279353354288,0.038672474963899,0.0833250750173503
"149",0.179164152630939,0.0410443614949374,0.0151041078673224,0.053030303030303,0.082,0.0168055891990662,0.000528842284878126,0.0892410789551619,0.0225650848774176,0.0637988723957658,0.132698007268122,0.176869593579386,0.114279353354288,0.0591249648236992,0.141970530980455
"150",0.179164152630939,0.0872587346227382,0.0189888770221749,0.053030303030303,0.292301587301587,0.301489114761353,0.5383142181476,0.0892410789551619,0.206850894175184,0.171846583205054,0.0764500760608278,0.176869593579386,0.202301984346535,0.168038933363578,0.0847315454876588
"151",0.19186443250839,0.0628019482718118,0.0240056408141853,0.053030303030303,0.11,0.0152033567428589,0.0275796239909503,0.0892410789551619,0.0640115475058111,0.110372673284998,0.129516244864116,0.206070266815244,0.166748830972707,0.0929025551437402,0.141635455014642
"152",0.179164152630939,0.000984636767098702,0.0005329713866665,0.053030303030303,0.02,0.00581938028335571,0.00114374358415329,0.0892410789551619,0.0386418251159539,0.0637988723957658,0.0695286487773195,0.176869593579386,0.114279353354288,0.0857922091830633,0.0840054551025112
"153",0.690400151124061,0.740728769073361,0.880804937623816,0.614285714285714,0.468333333333333,0.0505213141441345,0.051487087460351,0.609454271897028,0.501266957434951,0.577259624296747,0.496815878957799,0.694431669958983,0.661229184506944,0.370676578854927,0.518070346435018
"154",0.723255421917188,0.665841697590342,0.951639634997412,0.933333333333333,0.87,0.294907033443451,0.224777342267733,0.869189193061896,0.78728629027343,0.896205977001803,0.841948003216841,0.736210391079006,0.820394003795626,0.748002907193181,0.832939960199942
"155",0.179164152630939,0.00626873988498435,0.00311853545120738,0.053030303030303,0.15,0.0987056493759155,0.0237426315034555,0.173405168220179,0.157834982815907,0.122961857648296,0.252206570076741,0.176869593579386,0.171985452966835,0.189540876956802,0.26290700589837
"156",0.179164152630939,0.0109059813538532,0.00579742509124255,0.053030303030303,0.1,0.020445704460144,0.00342353274175525,0.0892410789551619,0.0679995848487756,0.0637988723957658,0.068868733824639,0.176869593579386,0.114279353354288,0.108725893716896,0.0840054551025112
"157",0.690400151124061,0.993528620866688,0.928195797781288,0.614285714285714,0.49,0.923900172114372,0.911440709064245,0.769638630719121,0.89606695270775,0.660020087607686,0.708052222764673,0.694431669958983,0.665319237360985,0.753020292844553,0.707492457247865
"158",0.179164152630939,0.0071496558516869,0.00113539001247819,0.053030303030303,0.105,0.0267687439918518,0.016579489684648,0.173405168220179,0.220055975285521,0.122961857648296,0.140730246799194,0.176869593579386,0.171985452966835,0.224601080990247,0.169795152093763
"159",0.752103219700408,1,0.997333234031226,0.933333333333333,0.934,0.98285973444581,0.998610397064185,0.869189193061896,0.961129481434434,0.896205977001803,0.896603929522796,0.742576474927692,0.83387844576678,0.92687785955237,0.880411968320971
"160",0.690400151124061,0.999704154151692,0.989159648506953,0.614285714285714,0.738333333333333,0.986253194510937,0.997292796858336,0.769638630719121,0.834900739775451,0.660020087607686,0.824281812787049,0.694431669958983,0.665319237360985,0.788137935229639,0.789585643235845
"161",0.19186443250839,0.001189458857128,0.00627028685944006,0.053030303030303,0.03,0.00486463308334351,0.011209417940147,0.0892410789551619,0.0255326934317921,0.0637988723957658,0.073500012185471,0.206070266815244,0.114279353354288,0.0724364271604686,0.0871402232123397
"162",0.179164152630939,0.000278012464440202,0.000712606188663495,0.053030303030303,0.02,0.0323380827903748,0.00169243972849378,0.0892410789551619,0.0172450575443716,0.0637988723957658,0.068868733824639,0.176869593579386,0.114279353354288,0.0480973269333252,0.0840054551025112
"163",0.690400151124061,0.865424369736846,0.939741442540202,0.614285714285714,0.446,0.32961094379425,0.220637947330704,0.769638630719121,0.753886956340999,0.660020087607686,0.708052222764673,0.694431669958983,0.58020008904678,0.676518054561214,0.707492457247865
"164",0.745083966441596,0.991264573853714,0.995212556387137,0.933333333333333,0.98,0.995588025078177,0.991898689126659,0.89542731841839,0.973537291668262,0.931866091047135,0.905715867247298,0.740994403564037,0.873549892212897,0.939919979568484,0.881398049054313
"165",0.708078623202027,0.831426964407893,0.975963502067629,0.933333333333333,0.575,0.806590735912323,0.821972736235015,0.712760495824732,0.851873973868636,0.655024759295646,0.658662073007082,0.732989724510207,0.507610494626457,0.823682146051397,0.646731547940271
"166",0.690400151124061,0.991139104095831,0.990588090109211,0.614285714285714,0.924285714285714,0.989851905032992,0.998832185815476,0.769638630719121,0.868739720358157,0.660020087607686,0.822155637116915,0.694431669958983,0.665319237360985,0.849648127170614,0.79508418178329
"167",0.179164152630939,0.000137165207413276,0.000447520874306636,0.053030303030303,0.03,0.00409787893295288,0.00797186558206726,0.173405168220179,0.0197167723046099,0.0789563811536988,0.152417594552773,0.176869593579386,0.137295616894187,0.0684828921269716,0.171049842846498
"168",0.197714197092111,0.000334843960742503,0.00367279820598072,0.053030303030303,0.06,0.00698822736740112,0.0074859476855576,0.0892410789551619,0.021617846374783,0.0637988723957658,0.129516244864116,0.207424890520808,0.114279353354288,0.0578708728093725,0.141635455014642
"169",0.197714197092111,0.209624514939072,0.0698077654362385,0.053030303030303,0.2,0.0757458806037903,0.0869762846789696,0.0892410789551619,0.168601130106559,0.1023160911591,0.142750368210974,0.207424890520808,0.200734778490485,0.225587052603004,0.142782018105908
"170",0.179164152630939,0.0373148644809788,0.00509116633211609,0.053030303030303,0.123,0.124108970165253,0.0244968694370082,0.173405168220179,0.220055975285521,0.122961857648296,0.161321303196824,0.176869593579386,0.171985452966835,0.204705859917494,0.177206920295227
"171",0.179164152630939,0.0109558891930033,0.00193378323781744,0.053030303030303,0.02,0.0214356184005737,0.0119705458935406,0.0892410789551619,0.0132502506124737,0.0637988723957658,0.0662910312811427,0.176869593579386,0.114279353354288,0.0408003831372608,0.0840054551025112
"172",0.19186443250839,0.0278843991342516,0.0151377394469444,0.053030303030303,0.126666666666667,0.00982058048248291,0.00749308518275292,0.0892410789551619,0.0225650848774176,0.0637988723957658,0.130675739939216,0.206070266815244,0.114279353354288,0.066046294689915,0.141635455014642
"173",0.79753360256624,0.999880642186937,0.998834185658896,0.933333333333333,0.97,0.997461366467178,0.998830857979144,0.869189193061896,0.959988227720579,0.896205977001803,0.843306625611835,0.753472985129767,0.83387844576678,0.915293200308765,0.832939960199942
"174",0.690400151124061,0.95362865715914,0.939619778188233,0.614285714285714,0.82,0.996144502656534,0.998241359094769,0.769638630719121,0.84717955827578,0.660020087607686,0.824281812787049,0.694431669958983,0.665319237360985,0.846428015853075,0.789585643235845
"175",0.197714197092111,0.140084434955788,0.0651292026519318,0.053030303030303,0.27,0.0383172035217285,0.0512315339059413,0.173405168220179,0.389507128441663,0.125398896443026,0.288188625433001,0.207424890520808,0.236513831343958,0.404657160180887,0.272604268207325
"176",0.19186443250839,0.218785805013294,0.0701705807106382,0.053030303030303,0.207,0.0913866758346558,0.0220351499883562,0.173405168220179,0.297484880852031,0.189950396669543,0.193904436463024,0.206070266815244,0.20837591185384,0.245509632557162,0.184534532684819
"177",0.708078623202027,0.739711552381735,0.963150104304619,0.933333333333333,0.563333333333333,0.836284026503563,0.957314064786947,0.756310248402755,0.642602241566832,0.858624479225696,0.514329290331009,0.732989724510207,0.623711515915268,0.651209789423082,0.528064933208865
"178",0.690400151124061,0.900596521781482,0.91582023534886,0.614285714285714,0.732285714285714,0.974377498030663,0.988494596840889,0.36326104077293,0.694094300592123,0.577259624296747,0.646039361467495,0.694431669958983,0.663200295514325,0.694166920482864,0.632957378665219
"179",0.179164152630939,0.172791417762811,0.0356682143878905,0.053030303030303,0.08,0.0506981611251831,0.00852766886041025,0.0892410789551619,0.0411131419830689,0.0637988723957658,0.0601527750402872,0.176869593579386,0.114279353354288,0.0844287108634403,0.0833250750173503
"180",0.690400151124061,0.454070995984536,0.852295792974433,0.614285714285714,0.63125,0.985993258655071,0.969135742146837,0.769638630719121,0.892363796404068,0.397977924799969,0.708052222764673,0.694431669958983,0.22971998727299,0.734892236284036,0.707492457247865
"181",0.723255421917188,0.355058896914695,0.885831291971294,0.933333333333333,0.784,0.413295984268188,0.45011225438725,0.869189193061896,0.813452201022428,0.896205977001803,0.82765164616235,0.736210391079006,0.820394003795626,0.745469506285139,0.831701383240079
"182",0.708078623202027,0.9184552810523,0.978968959010797,0.933333333333333,0.89,0.993543745018542,0.998722692158997,0.872549576196033,0.916809931927521,0.926237742473426,0.828445852958559,0.732989724510207,0.873549892212897,0.899152449308384,0.813147477650818
"183",0.778863351713284,0.992159703200387,0.982234814922469,0.933333333333333,0.99,0.993852169718593,0.998241645715614,0.89542731841839,0.973537291668262,0.931866091047135,0.896603929522796,0.748841337190244,0.873549892212897,0.956026484353257,0.880411968320971
"184",0.745083966441596,0.999373590481639,0.995714242414474,0.933333333333333,0.97,0.982621885836124,0.99752309280945,0.89542731841839,0.961510795462122,0.931866091047135,0.906587154663373,0.740994403564037,0.873549892212897,0.915111119137372,0.881398049054313
"185",0.179164152630939,0.00562423926228598,0.000764850378880828,0.053030303030303,0.02,0.0547060966491699,0.00887895250505848,0.0892410789551619,0.0132502506124737,0.0637988723957658,0.0607346194252121,0.176869593579386,0.114279353354288,0.0456807361266757,0.0833250750173503
"186",0.179164152630939,0.0210993558401851,0.00743874380432309,0.053030303030303,0.0183333333333333,0.0032116174697876,0.00623373309816517,0.0892410789551619,0.0132502506124737,0.0637988723957658,0.068868733824639,0.176869593579386,0.114279353354288,0.0416255737977098,0.0840054551025112
"187",0.179164152630939,0.0376964199828926,0.00364509583962187,0.053030303030303,0.23,0.0941833853721619,0.505202955237486,0.173405168220179,0.132429229389584,0.122961857648296,0.259710184814463,0.176869593579386,0.171985452966835,0.16629322085266,0.270744473312777
"188",0.730658457706649,0.993457799418741,0.973719946887448,0.933333333333333,0.94,0.983422050252557,0.999774886545842,0.89542731841839,0.953768155050746,0.931866091047135,0.88658543551912,0.737811344688756,0.873549892212897,0.920321033662318,0.879474419434244
"189",0.690400151124061,0.585015544305637,0.881413621716136,0.614285714285714,0.333,0.846757054328918,0.902028621489563,0.609454271897028,0.513513772204998,0.577259624296747,0.524947863516433,0.694431669958983,0.301775913661428,0.515979964075491,0.520416667923419
"190",0.179164152630939,0.0162318766066346,0.00424564872451479,0.053030303030303,0.03,0.00329726934432983,0.00086199162379451,0.0892410789551619,0.0516382995906489,0.0637988723957658,0.0695286487773195,0.176869593579386,0.114279353354288,0.0769661072378375,0.0840054551025112
"191",0.179164152630939,0.00525346065440391,0.0043427363996005,0.053030303030303,0.0810526315789474,0.0118332505226135,0.0036140909633584,0.0892410789551619,0.0884357800507544,0.1023160911591,0.0764500760608278,0.176869593579386,0.140532070944441,0.103776258169793,0.0847315454876588
"192",0.690400151124061,0.868444098155282,0.948040984028626,0.614285714285714,0.613333333333333,0.948764566332102,0.904466509087488,0.72761293901922,0.668559008065122,0.640596344725125,0.747686115937371,0.694431669958983,0.664362702935233,0.687611397822088,0.71818049718633
"193",0.690400151124061,0.422573821016205,0.778650046320773,0.614285714285714,0.259333333333333,0.022476851940155,0.0132650549093613,0.609454271897028,0.209972934511896,0.577259624296747,0.470918800481064,0.694431669958983,0.552538588304778,0.198901229260189,0.515854224594548
"194",0.715728074136719,0.626224468623156,0.951241163496708,0.933333333333333,0.68,0.711602181196213,0.773114962364325,0.872549576196033,0.882828636681351,0.926237742473426,0.828445852958559,0.734603178230602,0.873549892212897,0.81246274650212,0.813147477650818
"195",0.7379352150118,0.806253251288474,0.988088429871031,0.933333333333333,0.97,0.98342645727098,0.998536052910335,0.89542731841839,0.969594343810883,0.931866091047135,0.89565024365549,0.739406021261326,0.873549892212897,0.929485611995994,0.880411968320971
"196",0.179164152630939,0.0323414805596353,0.00985127353242792,0.053030303030303,0.0243542188805347,0.0324403047561646,0.00149651328262368,0.0892410789551619,0.0691093880807706,0.1023160911591,0.0771766158061634,0.176869593579386,0.140532070944441,0.0888203397333809,0.0847315454876588
"197",0.197714197092111,0.0600787022054932,0.0644997958829973,0.053030303030303,0.22,0.0249064564704895,0.0372682838085926,0.173405168220179,0.131998474913029,0.189950396669543,0.177542992911347,0.207424890520808,0.20837591185384,0.172396615140903,0.178177990436998
"198",0.765748409059956,0.999209233580327,0.998351146756252,0.933333333333333,0.99,0.99839501385577,0.999207514563568,0.89542731841839,0.973537291668262,0.931866091047135,0.896603929522796,0.745721620963677,0.873549892212897,0.947096699701697,0.880411968320971
"199",0.708078623202027,1,0.993280894723905,0.933333333333333,0.859,0.987044896930456,0.998323552702488,0.869189193061896,0.918524760081515,0.896205977001803,0.807371419335067,0.732989724510207,0.83387844576678,0.892641557244218,0.788019803883749
"200",0.745083966441596,0.98644088769637,0.991294065004731,0.933333333333333,0.948,0.990975435823202,0.99944910639489,0.89542731841839,0.969594343810883,0.931866091047135,0.896603929522796,0.740994403564037,0.873549892212897,0.948235349554263,0.880411968320971
"201",0.179164152630939,0.00670685415724799,0.00264774901511476,0.173913043478261,0.0266666666666667,0.00179493427276611,0.000707331258685385,0.0892410789551619,0.00822247548483424,0.0637988723957658,0.110289481330705,0.176869593579386,0.114279353354288,0.038672474963899,0.123539053322965
"202",0.179164152630939,0.00356208684366258,0.00176247296261246,0.053030303030303,0.06,0.00340741872787476,0.00445164939861545,0.0892410789551619,0.0219239302348055,0.0637988723957658,0.111151578223768,0.176869593579386,0.114279353354288,0.0564553067931671,0.135789317795413
"203",0.765748409059956,0.99867466183368,0.996040837257698,0.933333333333333,0.944,0.990237812511623,0.998300297824668,0.869189193061896,0.955422421494108,0.896205977001803,0.906587154663373,0.745721620963677,0.83387844576678,0.914384729848223,0.881398049054313
"204",0.745083966441596,0.98131947970959,0.987411787673624,0.933333333333333,0.94,0.989492715336382,0.942786998802726,0.869189193061896,0.959988227720579,0.896205977001803,0.841948003216841,0.740994403564037,0.820394003795626,0.915293200308765,0.832939960199942
"205",0.690400151124061,0.654272525034486,0.802658996396883,0.614285714285714,0.443,0.785723894834518,0.94287031364634,0.609454271897028,0.762817466245092,0.577259624296747,0.470918800481064,0.694431669958983,0.661229184506944,0.595763565637193,0.515854224594548
"206",0.179164152630939,0.091811234496566,0.00337403645560538,0.053030303030303,0.135,0.0443265438079834,0.0747978939548826,0.0892410789551619,0.238021181233201,0.0637988723957658,0.122919756731245,0.176869593579386,0.114279353354288,0.172474179911093,0.136834141105752
"207",0.179164152630939,0.353558487628455,0.0469237059167036,0.173913043478261,0.33,0.123231589794159,0.0168237780687668,0.173405168220179,0.451666405763007,0.122961857648296,0.265464303156447,0.176869593579386,0.171985452966835,0.327295987313926,0.260559713088317
"208",0.179164152630939,0.00158832377392921,0.00314521085093071,0.053030303030303,0.00833333333333333,0.00406503677368164,0.00202340401683594,0.0892410789551619,0.0150116488468535,0.0637988723957658,0.068868733824639,0.176869593579386,0.114279353354288,0.0448652526131582,0.0840054551025112
"209",0.752103219700408,0.999431811514164,0.998444391667053,0.933333333333333,0.95,0.997496953466907,0.999796888567186,0.89542731841839,0.973537291668262,0.931866091047135,0.89565024365549,0.742576474927692,0.873549892212897,0.94000877568015,0.880411968320971
"210",0.7379352150118,0.961911926776002,0.97598111673642,0.933333333333333,1,0.971712484955788,0.996883611929829,0.89542731841839,0.973537291668262,0.931866091047135,0.895615511237003,0.739406021261326,0.873394366360963,0.939919979568484,0.880411968320971
"211",0.179164152630939,0.0124546714083972,0.00454113227886145,0.053030303030303,0.0572431077694236,0.0210464596748352,0.00839869986924208,0.173405168220179,0.100072158304957,0.125398896443026,0.167541409998769,0.176869593579386,0.167833824885863,0.144186204282257,0.172386699505599
"212",0.179164152630939,0.019499862574502,0.00222898969294065,0.053030303030303,0.204285714285714,0.0566478371620178,0.0678991354627832,0.0892410789551619,0.0750199142751748,0.203344375710131,0.104275638570803,0.176869593579386,0.243661034354052,0.136767809822686,0.122581330377182
"213",0.723255421917188,0.515833836567379,0.950928376476862,0.933333333333333,0.875,0.255547821521759,0.363082239791655,0.869189193061896,0.870805207640632,0.858624479225696,0.841898551459612,0.736210391079006,0.818989758816941,0.794305513697932,0.832939960199942
"214",0.778863351713284,0.999713889413246,0.998657630375634,0.933333333333333,0.99,0.999174356285948,0.999719026485243,0.89542731841839,0.961711057666407,0.931866091047135,0.906587154663373,0.748841337190244,0.873549892212897,0.939258100582636,0.881398049054313
"215",0.179164152630939,0.151521286431272,0.00206783205746984,0.053030303030303,0.266666666666667,0.128161370754242,0.858537510862511,0.173405168220179,0.0658769704648333,0.0789563811536988,0.267652973683951,0.176869593579386,0.137295616894187,0.11036887954215,0.270744473312777
"216",0.19186443250839,0.00126432645987739,0.00581220641883718,0.053030303030303,0.08,0.0070490837097168,0.0141300344627026,0.0892410789551619,0.0255326934317921,0.0637988723957658,0.129516244864116,0.206070266815244,0.114279353354288,0.0724364271604686,0.141635455014642
"217",0.179164152630939,1,0.998695506040041,0.173913043478261,0.642052631578947,0.0762326717376709,0.361365995366497,0.0892410789551619,0.326241160248567,0.299185853489935,0.332410749256079,0.176869593579386,0.385406084116066,0.490561648762838,0.211166726725792
"218",0.197714197092111,0.87106583445107,0.0734637466300781,0.053030303030303,0.2,0.363591909408569,0.62784281699755,0.0892410789551619,0.160293613507377,0.1023160911591,0.14400874132705,0.207424890520808,0.140532070944441,0.150025116189909,0.142782018105908
"219",0.179164152630939,0.0029782235541784,0.00116153453176861,0.053030303030303,0.02,0.00843864679336548,0.000684567096193351,0.0892410789551619,0.0232615744063638,0.0637988723957658,0.0662910312811427,0.176869593579386,0.114279353354288,0.0620970144106066,0.0840054551025112
"220",0.690400151124061,0.672632246250481,0.879731599776226,0.614285714285714,0.6525,0.923315152525902,0.763892201473397,0.616543363343998,0.584840691176411,0.665088940126741,0.64934219809248,0.694431669958983,0.661247500349455,0.696478350736859,0.650128532327418
"221",0.179164152630939,0.000747465213964876,0.000507498884888353,0.053030303030303,0.0566666666666667,0.0469728112220764,0.005891510427072,0.0892410789551619,0.0679995848487756,0.0637988723957658,0.114368486641322,0.176869593579386,0.114279353354288,0.0978003060454644,0.123539053322965
"222",0.690400151124061,0.974921711097412,0.956738337428191,0.614285714285714,0.801666666666667,0.972157781943679,0.922815243957436,0.769638630719121,0.905808011183635,0.660020087607686,0.749614049822579,0.694431669958983,0.665319237360985,0.809897308863822,0.71818049718633
"223",0.690400151124061,0.880879715599544,0.868826676158489,0.614285714285714,0.72,0.549612820148468,0.920499382213919,0.769638630719121,0.728330683261945,0.660020087607686,0.706868703417984,0.694431669958983,0.665319237360985,0.667373105510937,0.714467199639176
"224",0.708078623202027,0.998050547143383,0.998464801935222,0.933333333333333,0.644666666666667,0.723306238651276,0.852416730187511,0.756310248402755,0.831833591068642,0.858624479225696,0.678108562158446,0.732989724510207,0.818352511261467,0.72207920047182,0.656451702137038
"225",0.179164152630939,0.00146091366344757,0.00065789613065779,0.053030303030303,0.11,0.0454568862915039,0.0446498980620935,0.0892410789551619,0.0983851439081458,0.0637988723957658,0.121819437301097,0.176869593579386,0.114279353354288,0.117280550181751,0.136834141105752
"226",0.179164152630939,0.000695612495627799,0.000623220951689413,0.053030303030303,0.01,0.000733911991119385,0.000339277280860465,0.0892410789551619,0.0132502506124737,0.0637988723957658,0.0601527750402872,0.176869593579386,0.114279353354288,0.0456807361266757,0.0833250750173503
"227",0.708078623202027,0.97658085940803,0.992974656855788,0.933333333333333,0.741666666666667,0.957044191658497,0.992486550623548,0.799979416202939,0.85447672056145,0.931866091047135,0.688789268864773,0.732989724510207,0.873394366360963,0.859268095913942,0.668739070516157
"228",0.179164152630939,0.0775421580352073,0.0141123805325484,0.053030303030303,0.25452380952381,0.121776223182678,0.0429724776302755,0.0892410789551619,0.149752565955611,0.1023160911591,0.146202641764269,0.176869593579386,0.140532070944441,0.130828582229285,0.143119354300649
"229",0.708078623202027,0.961962171077931,0.968707756490215,0.933333333333333,0.875,0.991788912564516,0.993395377905421,0.799979416202939,0.893935231286433,0.931866091047135,0.665125194917066,0.732989724510207,0.87289379974999,0.890360413223178,0.659186075575711
"230",0.179164152630939,0.0352234899336506,0.00573640719862408,0.053030303030303,0.085,0.0350279808044434,0.00172566887671647,0.0892410789551619,0.0516382995906489,0.0637988723957658,0.0695286487773195,0.176869593579386,0.114279353354288,0.0689849592549443,0.0840054551025112
"231",0.690400151124061,0.767119993956799,0.93361408852392,0.614285714285714,0.449583333333333,0.362394034862518,0.611093261707212,0.609454271897028,0.523841555237946,0.660020087607686,0.496815878957799,0.694431669958983,0.550266428956719,0.578117867842797,0.518070346435018
"232",0.179164152630939,0.00374527124903887,0.00525170379313369,0.053030303030303,0.07,0.026621401309967,0.00866229088527184,0.173405168220179,0.0171688440364261,0.0789563811536988,0.152417594552773,0.176869593579386,0.137295616894187,0.063972999286276,0.171049842846498
"233",0.263538360821656,0.0372855316678356,0.0617144868261612,0.053030303030303,0.352,0.002341628074646,0.00431282376626172,0.173405168220179,0.139202509364227,0.0637988723957658,0.2851538050612,0.22133211725185,0.114279353354288,0.142769422829319,0.298419955651934
"234",0.7379352150118,0.984701582588467,0.995636925976685,0.933333333333333,0.9,0.984856858849525,0.98454363047556,0.869189193061896,0.969128664225045,0.896205977001803,0.841948003216841,0.739406021261326,0.820394003795626,0.893276570031734,0.832939960199942
"235",0.79753360256624,1,0.992424899214404,0.933333333333333,0.83,0.860438093543053,0.96688132734939,0.89542731841839,0.94040386379043,0.905839747839655,0.895615511237003,0.762562532125646,0.872496654137183,0.881178796987062,0.880411968320971
"236",0.785220593302025,0.99645246571771,0.99406925943782,0.933333333333333,0.98,0.997541487682611,0.99535366637999,0.89542731841839,0.973537291668262,0.931866091047135,0.896603929522796,0.750391623366567,0.873549892212897,0.922827858674513,0.880411968320971
"237",0.179164152630939,0.00495726239781472,0.00102186987839413,0.053030303030303,0.01,0.01112961769104,0.00115044283763325,0.0892410789551619,0.0215011326705588,0.0637988723957658,0.0601527750402872,0.176869593579386,0.114279353354288,0.0534989384786043,0.0833250750173503
"238",0.690400151124061,0.998893407682093,0.984909363421952,0.614285714285714,0.756666666666667,0.982234070077538,0.942107629289,0.811514595353768,0.9097847803966,0.754606978054875,0.891348289518074,0.694431669958983,0.732322756803364,0.858982091550136,0.872456248467926
"239",0.179164152630939,0.0417800436217664,0.0082885906401184,0.053030303030303,0.0542857142857143,0.00305551290512085,0.00354798632318401,0.0892410789551619,0.0237110815012787,0.0637988723957658,0.11440612779766,0.176869593579386,0.114279353354288,0.071572089702394,0.123539053322965
"240",0.690400151124061,0.999804936675902,0.998139824963399,0.614285714285714,0.76,0.980085967108607,0.972900383590934,0.667883690933913,0.893657497359961,0.683842284036587,0.799668585721415,0.694431669958983,0.730456165719553,0.850049674420596,0.767600718785644
"241",0.179164152630939,1,0.00617243600645434,0.053030303030303,0.184285714285714,0.00289517641067505,0.00218630593967114,0.0892410789551619,0.0431721412003461,0.0637988723957658,0.114368486641322,0.176869593579386,0.114279353354288,0.0838219469369201,0.123539053322965
"242",0.179164152630939,0.0159354320860052,0.00295678377842492,0.053030303030303,0.06,0.000406086444854736,0.00527166916042264,0.0892410789551619,0.0290868480838049,0.110372673284998,0.0625077725818376,0.176869593579386,0.166748830972707,0.0621501372236601,0.0833250750173503
"243",0.19186443250839,0.429895278782254,0.0664476250906482,0.053030303030303,0.13,0.026000440120697,0.0514973899802706,0.0892410789551619,0.0731655584376878,0.0637988723957658,0.130675739939216,0.206070266815244,0.114279353354288,0.0883357997033347,0.141635455014642
"244",0.179164152630939,1,0.998363533300549,0.173913043478261,0.702052631578947,0.487751126289368,0.846435856359672,0.0892410789551619,0.462010497100718,0.299185853489935,0.332410749256079,0.176869593579386,0.385406084116066,0.599816656708308,0.211166726725792
"245",0.715728074136719,0.996783620211497,0.996789291384178,0.933333333333333,0.83,0.980374591425061,0.743577742841434,0.799979416202939,0.809059151112816,0.905839747839655,0.799668585721415,0.734603178230602,0.872496654137183,0.853997032038799,0.767600718785644
"246",0.765748409059956,0.99336877285936,0.991156292025242,0.933333333333333,0.98,0.99756431626156,0.995969169588848,0.89542731841839,0.935829746647154,0.931866091047135,0.896603929522796,0.745721620963677,0.873549892212897,0.922803883950824,0.880411968320971
"247",0.197714197092111,0.00556057317060567,0.0067475867908376,0.053030303030303,0.04,0.000200331211090088,0.000587061805838873,0.0892410789551619,0.00479917951672597,0.0637988723957658,0.0642383602621683,0.207424890520808,0.114279353354288,0.0297319087947239,0.0864368497251237
"248",0.179164152630939,0.0366168782418784,0.00723807980941195,0.053030303030303,0.276666666666667,0.0667068362236023,0.0293670427233495,0.173405168220179,0.0658769704648333,0.0789563811536988,0.152417594552773,0.176869593579386,0.137295616894187,0.122507886454354,0.171049842846498
"249",0.772372490425068,0.668700463867118,0.970627014850387,0.933333333333333,0.89,0.0952473282814026,0.178435105851809,0.841586762507217,0.905714150207014,0.847933166155404,0.841898551459612,0.747284665092572,0.818989758816941,0.775171323633776,0.832939960199942
"250",0.745083966441596,0.974247727059348,0.989361135251717,0.933333333333333,0.98,0.990228644572198,0.996856574117545,0.872549576196033,0.946407800297434,0.926237742473426,0.89565024365549,0.740994403564037,0.873549892212897,0.898712571714115,0.880411968320971
"251",0.179164152630939,0.114919461104976,0.0112168889080154,0.053030303030303,0.119719298245614,0.0348178148269653,0.00476822939995462,0.0892410789551619,0.113188376139497,0.1023160911591,0.14400874132705,0.176869593579386,0.140532070944441,0.125881632045451,0.142782018105908
"252",0.690400151124061,0.999909120393549,0.938324888714791,0.614285714285714,0.9,0.939425714313984,0.998521848739182,0.811514595353768,0.936490183771821,0.754606978054875,0.829897091263498,0.694431669958983,0.732322756803364,0.874185943138453,0.813147477650818
"253",0.690400151124061,0.940016741958644,0.842231618675134,0.614285714285714,0.664285714285714,0.991218500770628,0.982888744269126,0.72761293901922,0.693133966776198,0.640596344725125,0.790724880622667,0.694431669958983,0.665319237360985,0.580499741522873,0.786533541350628
"254",0.745083966441596,0.98617696716024,0.991653472392621,0.933333333333333,0.99,0.992465655785054,0.995354585682942,0.89542731841839,0.961711057666407,0.931866091047135,0.896603929522796,0.740994403564037,0.873549892212897,0.917539473834147,0.880411968320971
"255",0.690400151124061,0.777643295089123,0.918427516861106,0.614285714285714,0.47425,0.33806973695755,0.646068589950655,0.609454271897028,0.513513772204998,0.577259624296747,0.524947863516433,0.694431669958983,0.373953110116685,0.508598453489621,0.520416667923419
"256",0.179164152630939,1,0.99887650810871,0.173913043478261,0.665385964912281,0.131794393062592,0.301209428473495,0.0892410789551619,0.574164838556356,0.299185853489935,0.332410749256079,0.176869593579386,0.289907427839359,0.455362014932214,0.211166726725792
"257",0.690400151124061,0.925793100286739,0.921893242020907,0.614285714285714,0.754285714285714,0.953627500683069,0.996959535418972,0.769638630719121,0.841320465479955,0.660020087607686,0.807371419335067,0.694431669958983,0.665319237360985,0.776194586281185,0.788019803883749
"258",0.745083966441596,0.999640575700804,0.988141345199729,0.933333333333333,0.88,0.990600219927728,0.999013746166051,0.89542731841839,0.973537291668262,0.931866091047135,0.896603929522796,0.740994403564037,0.873549892212897,0.939919979568484,0.880411968320971
"259",0.7379352150118,0.997782490856167,0.964537450575805,0.933333333333333,1,0.994089920073748,0.999871061930321,0.89542731841839,0.961711057666407,0.931866091047135,0.896603929522796,0.739406021261326,0.873549892212897,0.939258100582636,0.880411968320971
"260",0.690400151124061,0.790394394991831,0.847681258483901,0.614285714285714,0.511,0.712005943059921,0.574369923405383,0.609454271897028,0.621884298221295,0.577259624296747,0.499377228987248,0.694431669958983,0.650303699175853,0.545560167555605,0.518070346435018
"261",0.690400151124061,0.372422854797354,0.579582603390576,0.614285714285714,0.48625,0.247002184391022,0.212293773307824,0.72761293901922,0.633204751400776,0.640596344725125,0.683948567741719,0.694431669958983,0.641971013086623,0.598651628110504,0.705652486416516
"262",0.179164152630939,0.0231080686236724,0.0101791967240949,0.053030303030303,0.05,0.00245088338851929,0.000857481998533264,0.0892410789551619,0.028041986748259,0.0637988723957658,0.069552691162615,0.176869593579386,0.114279353354288,0.0651810191884964,0.0840054551025112
"263",0.179164152630939,0.999514388216109,0.169729036317709,0.173913043478261,0.265,0.0978244543075562,0.0104125548186925,0.173405168220179,0.220055975285521,0.122961857648296,0.153745902443217,0.176869593579386,0.171985452966835,0.248947467945144,0.171049842846498
"264",0.723255421917188,0.984596869706391,0.990077335063242,0.933333333333333,0.99,0.980837417766452,0.99912976790213,0.89542731841839,0.973537291668262,0.931866091047135,0.905715867247298,0.736210391079006,0.873549892212897,0.939919979568484,0.881398049054313
"265",0.690400151124061,0.592440662581525,0.809455583309486,0.614285714285714,0.62125,0.925313703715801,0.576951805694079,0.667883690933913,0.68017381203655,0.683842284036587,0.667403354425799,0.694431669958983,0.730456165719553,0.760308929426599,0.659186075575711
"266",0.179164152630939,0.00325947777942877,0.000893919985863082,0.053030303030303,0.012,0.0198260545730591,0.00166576447395244,0.0892410789551619,0.0132502506124737,0.0637988723957658,0.0665717863650769,0.176869593579386,0.114279353354288,0.0408003831372608,0.0866545219945287
"267",0.19186443250839,0.139707750410801,0.0875087594060923,0.053030303030303,0.092,0.0054013729095459,0.0223197191400922,0.0892410789551619,0.0516382995906489,0.0637988723957658,0.0804589572061628,0.206070266815244,0.114279353354288,0.0769661072378375,0.0906070453414876
"268",0.723255421917188,0.967133161455625,0.988199383932293,0.933333333333333,0.95,0.997344126692042,0.99836134276037,0.869189193061896,0.959988227720579,0.896205977001803,0.843306625611835,0.736210391079006,0.83387844576678,0.915293200308765,0.832939960199942
"269",0.179164152630939,1,0.0176109274158116,0.053030303030303,0.04,0.000583410263061523,0.00413931567065539,0.0892410789551619,0.0215011326705588,0.0637988723957658,0.068868733824639,0.176869593579386,0.114279353354288,0.0534989384786043,0.0840054551025112
"270",0.752103219700408,0.96792321602594,0.980051087988241,0.933333333333333,0.955,0.964892379939556,0.99719185726136,0.869189193061896,0.964552747898774,0.896205977001803,0.896603929522796,0.742576474927692,0.83387844576678,0.924943080755991,0.880411968320971
"271",0.690400151124061,0.320483792636245,0.645521261716122,0.614285714285714,0.471,0.83465176820755,0.771662717401234,0.549837688403293,0.768218013956116,0.660020087607686,0.699523682385714,0.694431669958983,0.58020008904678,0.711229520198839,0.707492457247865
"272",0.179164152630939,0.000535445129835423,0.000631276100076003,0.053030303030303,0.03,0.0147451162338257,0.00260609216242544,0.0892410789551619,0.0407106218251051,0.0637988723957658,0.0695286487773195,0.176869593579386,0.114279353354288,0.0683599861729155,0.0840054551025112
"273",0.19186443250839,0.0704975612813025,0.0381662941799883,0.053030303030303,0.105,0.00243306159973145,0.0161261707455887,0.0892410789551619,0.0516382995906489,0.0637988723957658,0.073500012185471,0.206070266815244,0.114279353354288,0.0689849592549443,0.0871402232123397
"274",0.179164152630939,0.0041362066809724,0.00262712777328429,0.053030303030303,0.11,0.0276883840560913,0.0302135821411147,0.0892410789551619,0.0152256521585553,0.0637988723957658,0.068868733824639,0.176869593579386,0.114279353354288,0.0489685456542565,0.0840054551025112
"275",0.19186443250839,0.152063455325789,0.0749453648089771,0.053030303030303,0.226666666666667,0.222381472587585,0.0534331615848336,0.173405168220179,0.389507128441663,0.125398896443026,0.177542992911347,0.206070266815244,0.167833824885863,0.274203741007127,0.178177990436998
"276",0.179164152630939,0.068766888798952,0.00792596709382007,0.053030303030303,0.133571428571429,0.0817911028862,0.0467168584790222,0.173405168220179,0.411468368471377,0.122961857648296,0.152417594552773,0.176869593579386,0.171985452966835,0.275213807016324,0.171049842846498
"277",0.179164152630939,0.00736745582146807,0.00527619708703767,0.173913043478261,0.02,0.0104521512985229,0.077128970736187,0.0892410789551619,0.0215011326705588,0.0637988723957658,0.068868733824639,0.176869593579386,0.114279353354288,0.0545663479887545,0.0840054551025112
"278",0.690400151124061,0.834965109384806,0.739345909041383,0.614285714285714,0.6,0.91448549926281,0.926946769015671,0.769638630719121,0.857856013517592,0.660020087607686,0.686159094908333,0.694431669958983,0.589894521029101,0.699200964208388,0.705652486416516
"279",0.758991712872939,0.999991313252177,0.998746773386055,0.933333333333333,0.995,0.994819201063365,0.999758128842261,0.89542731841839,0.961711057666407,0.931866091047135,0.896603929522796,0.744152219244126,0.873549892212897,0.92199330957595,0.880411968320971
"280",0.179164152630939,0.0151446387897907,0.00772058015854411,0.053030303030303,0.01,0.00925153493881226,0.0265978773338922,0.0892410789551619,0.0215011326705588,0.0637988723957658,0.068868733824639,0.176869593579386,0.114279353354288,0.0545663479887545,0.0840054551025112
"281",0.715728074136719,0.975410421614728,0.979925357400657,0.933333333333333,0.763,0.715070188045502,0.547971416180629,0.869189193061896,0.772267233209228,0.896205977001803,0.807371419335067,0.734603178230602,0.83387844576678,0.860376680896248,0.788019803883749
"282",0.179164152630939,0.00800033570833874,0.0069111906887419,0.053030303030303,0.0805764411027569,0.00456714630126953,0.0134366826257754,0.0892410789551619,0.108860634690635,0.1023160911591,0.134388509719536,0.176869593579386,0.140532070944441,0.123397279326671,0.137948083147184
"283",0.752103219700408,0.997958257019542,0.99445165827512,0.933333333333333,0.94,0.992127175442874,0.990839953045988,0.869189193061896,0.959988227720579,0.896205977001803,0.843306625611835,0.742576474927692,0.83387844576678,0.915293200308765,0.832939960199942
"284",0.179164152630939,0.0416400030927168,0.0091530173316172,0.053030303030303,0.23552380952381,0.159578263759613,0.368463257125946,0.0892410789551619,0.544409021516596,0.171846583205054,0.134388509719536,0.176869593579386,0.202301984346535,0.288195030493003,0.137948083147184
"285",0.179164152630939,0.115639058132454,0.00862024847021275,0.173913043478261,0.131666666666667,0.0914093255996704,0.312526767840611,0.0892410789551619,0.0741784037554474,0.110372673284998,0.114368486641322,0.176869593579386,0.166748830972707,0.113346659095402,0.123539053322965
"286",0.179164152630939,0.0187676849293464,0.00238966283065678,0.053030303030303,0.07,0.0143959522247314,0.00665095622573129,0.0892410789551619,0.0219239302348055,0.0637988723957658,0.111151578223768,0.176869593579386,0.114279353354288,0.0564553067931671,0.135789317795413
"287",0.690400151124061,0.0159502916632189,0.296151950348121,0.614285714285714,0.472,0.86479052901268,0.625937491121589,0.555098376487984,0.637657761362418,0.55628629869457,0.499377228987248,0.694431669958983,0.654222979735365,0.596535070505018,0.518070346435018
"288",0.179164152630939,0.0141370983457488,0.00172876695254671,0.053030303030303,0.06,0.0462604165077209,0.00045866506737863,0.0892410789551619,0.0190963350762881,0.0637988723957658,0.122919756731245,0.176869593579386,0.114279353354288,0.0471001689853701,0.136834141105752
"289",0.179164152630939,0.0105543989733627,0.00616197971000426,0.053030303030303,0.0420526315789474,0.0513013601303101,0.0203268949237884,0.0892410789551619,0.190039283920578,0.1023160911591,0.0764500760608278,0.176869593579386,0.140532070944441,0.143948429203649,0.0847315454876588
"290",0.179164152630939,0.0263890547907095,0.00800263034874734,0.053030303030303,0.166052631578947,0.0340452194213867,0.0135070287411103,0.173405168220179,0.180645405447961,0.189950396669543,0.260026592156628,0.176869593579386,0.20837591185384,0.194887150216459,0.242501812533964
"291",0.690400151124061,0.44328329263729,0.68143317087212,0.614285714285714,0.22,0.00780439376831055,0.0207159215089235,0.555098376487984,0.317383322057154,0.55628629869457,0.470918800481064,0.694431669958983,0.373953110116685,0.21706971513556,0.515854224594548
"292",0.79753360256624,0.999553794223215,0.983667542117169,0.933333333333333,0.944,0.985654483549297,0.996263655089184,0.708384696512827,0.937272054700144,0.896205977001803,0.892749140713314,0.758046817440812,0.83387844576678,0.887324911350943,0.880411968320971
"293",0.690400151124061,0.978236202717553,0.974431032196766,0.614285714285714,0.633333333333333,0.894532397389412,0.867983367928796,0.769638630719121,0.683302273299842,0.660020087607686,0.824281812787049,0.694431669958983,0.656369136959247,0.674618913011387,0.789585643235845
"294",0.179164152630939,0.00126445454637005,0.00150408108576633,0.173913043478261,0.08,0.00857257843017578,0.00522197754396783,0.0892410789551619,0.0152256521585553,0.0637988723957658,0.0659379469978797,0.176869593579386,0.114279353354288,0.0437530400306867,0.0866545219945287
"295",0.179164152630939,0.00186967309044551,0.00196017378119853,0.173913043478261,0.02,0.00462353229522705,0.00106812266798484,0.0892410789551619,0.0127328277545486,0.0637988723957658,0.068868733824639,0.176869593579386,0.114279353354288,0.0499067417345031,0.0840054551025112
"296",0.179164152630939,0.0082574996715733,0.00879427231898086,0.053030303030303,0.112,0.00707823038101196,0.00371211523592725,0.0892410789551619,0.0308736526689935,0.0637988723957658,0.132698007268122,0.176869593579386,0.114279353354288,0.0616334592761873,0.141970530980455
"297",0.179164152630939,0.0307515597483011,0.0120507130571838,0.053030303030303,0.113333333333333,0.0360379219055176,0.136106739286469,0.0892410789551619,0.0516382995906489,0.0637988723957658,0.068868733824639,0.176869593579386,0.114279353354288,0.0769661072378375,0.0840054551025112
"298",0.778863351713284,0.999991805066043,0.999718298086795,0.933333333333333,0.87,0.988245422951877,0.999659283089571,0.89542731841839,0.961711057666407,0.905839747839655,0.906555682755977,0.748841337190244,0.872496654137183,0.939258100582636,0.881398049054313
"299",0.179164152630939,0.00568943632836554,0.00558950765535915,0.053030303030303,0.08,0.0125285983085632,0.0114113737275464,0.173405168220179,0.117055122220488,0.122961857648296,0.252206570076741,0.176869593579386,0.171985452966835,0.141465876138161,0.26290700589837
"300",0.179164152630939,0.00817742695550904,0.00263661431252347,0.173913043478261,0.13,0.392899751663208,0.273299935385035,0.0892410789551619,0.0761861865425919,0.0637988723957658,0.0695286487773195,0.176869593579386,0.114279353354288,0.111818295458088,0.0840054551025112
"301",0.708078623202027,0.996656109453227,0.998594040272497,0.933333333333333,0.7675,0.974423836916685,0.942433068595896,0.841586762507217,0.784220256996033,0.887985942458949,0.891922872997989,0.732989724510207,0.828272508444438,0.787963868114111,0.863912558990385
"302",0.690400151124061,0.720001819125989,0.785998853127892,0.614285714285714,0.57225,0.903623938560486,0.640189224011752,0.769638630719121,0.792691622530787,0.660020087607686,0.708052222764673,0.694431669958983,0.58020008904678,0.745103555800524,0.707492457247865
"303",0.179164152630939,0.0724335228499445,0.0133569106968719,0.053030303030303,0.189190476190476,0.0715731978416443,0.0153846143143107,0.0892410789551619,0.0971737931863785,0.1023160911591,0.146202641764269,0.176869593579386,0.140532070944441,0.113059492671437,0.143119354300649
"304",0.690400151124061,0.370014268493999,0.610739787093818,0.614285714285714,0.65,0.275474011898041,0.335203640851801,0.324805249118716,0.185607420730831,0.577259624296747,0.598676644131294,0.694431669958983,0.650303699175853,0.413869534151795,0.620867516538361
"305",0.690400151124061,0.994647074915819,0.941735886366002,0.614285714285714,0.84,0.99220570223406,0.993782791238757,0.667883690933913,0.942691328626786,0.683842284036587,0.651671498500976,0.694431669958983,0.662259068572115,0.893889565515365,0.650128532327418
"306",0.79753360256624,0.99997059292771,0.998340018056774,0.933333333333333,0.99,0.998734603403136,0.999744978934642,0.89542731841839,0.945976412931765,0.931866091047135,0.906587154663373,0.756528650160351,0.873549892212897,0.919366576820228,0.881398049054313
"307",0.179164152630939,0.216425652934883,0.00845892637294807,0.053030303030303,0.235,0.124918460845947,0.321648064359184,0.173405168220179,0.51297022954928,0.122961857648296,0.254143769728571,0.176869593579386,0.171985452966835,0.290001696752432,0.26290700589837
"308",0.179164152630939,0.000898159884498207,0.000824858744778893,0.053030303030303,0.02,0.0242857933044434,0.00417209239047141,0.0892410789551619,0.0221613314918718,0.0637988723957658,0.068868733824639,0.176869593579386,0.114279353354288,0.0568618133693197,0.0840054551025112
"309",0.209814232150975,0.404631257445365,0.0359203816081256,0.053030303030303,0.29,0.0870778560638428,0.113016712917188,0.173405168220179,0.18992350073988,0.0637988723957658,0.391257079901426,0.210153827974867,0.114279353354288,0.178841624444394,0.385775625077173
"310",0.765748409059956,0.999787978637731,0.99884386329984,0.933333333333333,0.86,0.991931565105915,0.989325926477511,0.89542731841839,0.973537291668262,0.905839747839655,0.906555682755977,0.745721620963677,0.872496654137183,0.954905716277461,0.881398049054313
"311",0.778863351713284,0.989393888931114,0.996265557718007,0.933333333333333,0.91,0.922165147960186,0.971510007181964,0.869189193061896,0.934813901300706,0.858624479225696,0.843306625611835,0.748841337190244,0.832558110819158,0.863030248991432,0.832939960199942
"312",0.179164152630939,0.00342944343405103,0.000946768350728143,0.053030303030303,0.04,0.000628769397735596,0.000616930778802061,0.0892410789551619,0.0215011326705588,0.0637988723957658,0.0662910312811427,0.176869593579386,0.114279353354288,0.0534989384786043,0.0840054551025112
"313",0.708078623202027,0.999621575838228,0.979832989116909,0.933333333333333,0.9,0.99036886356771,0.99833626376016,0.89542731841839,0.861217587893286,0.931866091047135,0.813199149528783,0.732989724510207,0.873549892212897,0.842179193874085,0.811795316360458
"314",0.179164152630939,0.191354901679559,0.0201859930211762,0.053030303030303,0.262719298245614,0.0517539978027344,0.0254112983077104,0.0892410789551619,0.287433265420612,0.1023160911591,0.126279332652316,0.176869593579386,0.140532070944441,0.218481287545827,0.124560381159277
"315",0.179164152630939,0.0203337260704209,0.00781768574613261,0.053030303030303,0.0483333333333333,0.00656849145889282,0.0568602301354594,0.0892410789551619,0.028041986748259,0.0637988723957658,0.0688925649127435,0.176869593579386,0.114279353354288,0.0664651419154701,0.0840054551025112
"316",0.772372490425068,0.980562985353125,0.989585421734648,0.933333333333333,0.805,0.993207948748022,0.993012969946582,0.89542731841839,0.969594343810883,0.931866091047135,0.89565024365549,0.747284665092572,0.873549892212897,0.911410920474549,0.880411968320971
"317",0.690400151124061,0.425574167462549,0.761329464554809,0.614285714285714,0.431,0.566261529922485,0.373466926824691,0.769638630719121,0.716909094381091,0.660020087607686,0.708052222764673,0.694431669958983,0.58020008904678,0.670361916747992,0.707492457247865
"318",0.723255421917188,0.079168252208845,0.806227895694261,0.933333333333333,0.88,0.412899732589722,0.917749684910868,0.872549576196033,0.938677176984142,0.898296084019959,0.895615511237003,0.736210391079006,0.872496654137183,0.851982197632376,0.880411968320971
"319",0.179164152630939,0.0691761139603964,0.0176003908033972,0.053030303030303,0.167354218880535,0.0268457531929016,0.083462970451831,0.0892410789551619,0.0691093880807706,0.1023160911591,0.0764500760608278,0.176869593579386,0.140532070944441,0.0988526634343263,0.0847315454876588
"320",0.179164152630939,0.0205746239556434,0.0133188599335902,0.053030303030303,0.092,0.0340250134468079,0.0175511163314558,0.0892410789551619,0.0132502506124737,0.0637988723957658,0.0754248882280126,0.176869593579386,0.114279353354288,0.0456807361266757,0.0873594973939353
"321",0.179164152630939,0.0064132437605439,0.00227077753525194,0.053030303030303,0,0.00213277339935303,0.000674948700873399,0.0892410789551619,0.00822247548483424,0.0637988723957658,0.0662910312811427,0.176869593579386,0.114279353354288,0.038672474963899,0.0840054551025112
"322",0.690400151124061,0.631924064531404,0.796438060484694,0.614285714285714,0.396,0.894072353839874,0.986489067514579,0.769638630719121,0.887623328593822,0.660020087607686,0.683948567741719,0.694431669958983,0.632741191567328,0.737891144598216,0.705652486416516
"323",0.179164152630939,0.0039489277592592,0.00167363424463113,0.053030303030303,0.151666666666667,0.110323846340179,0.150901864567342,0.173405168220179,0.220055975285521,0.122961857648296,0.152417594552773,0.176869593579386,0.171985452966835,0.208126763127658,0.171049842846498
"324",0.715728074136719,0.951786522268804,0.978351319802048,0.933333333333333,0.64,0.942629657685757,0.969098569249535,0.756310248402755,0.755570964867465,0.858624479225696,0.632878575835664,0.734603178230602,0.832558110819158,0.829808923948768,0.622954293009625
"325",0.7379352150118,0.960543313143837,0.992877922613628,0.933333333333333,0.88,0.496375381946564,0.935539853613235,0.869189193061896,0.934813901300706,0.858624479225696,0.856317309095992,0.739406021261326,0.832558110819158,0.829953335789314,0.834243781973943
"326",0.690400151124061,0.812806676997157,0.930229463170395,0.614285714285714,0.64,0.908390246331692,0.904580455528898,0.774894045944599,0.528282324291618,0.73844568983637,0.845209136133397,0.694431669958983,0.732322756803364,0.695942369576496,0.81457138189194
"327",0.745083966441596,0.98094638131966,0.987192110990802,0.933333333333333,0.92,0.993181133177131,0.994798613723307,0.89542731841839,0.973537291668262,0.931866091047135,0.896603929522796,0.740994403564037,0.873549892212897,0.922827858674513,0.880411968320971
"328",0.690400151124061,0.580548586569727,0.842224563802123,0.614285714285714,0.47,0.669607043266296,0.527915584058774,0.769638630719121,0.745002050936127,0.660020087607686,0.705929811411101,0.694431669958983,0.588855632343368,0.680470414671196,0.707492457247865
"329",0.19186443250839,0.00245043783306383,0.00177911116587667,0.053030303030303,0.07,0.013306200504303,0.00108008726929871,0.0892410789551619,0.0132502506124737,0.0637988723957658,0.0642383602621683,0.206070266815244,0.114279353354288,0.0408003831372608,0.0864368497251237
"330",0.179164152630939,0.00172657670313563,0.000711991727580931,0.053030303030303,0.02,0.00168007612228394,0.000440784059998596,0.0892410789551619,0.0416276927339908,0.0637988723957658,0.11750995027422,0.176869593579386,0.114279353354288,0.0713086127829142,0.136834141105752
"331",0.723255421917188,0.844231190809638,0.928526887289081,0.933333333333333,0.943333333333333,0.875937044620514,0.461623731358446,0.872549576196033,0.908280827481459,0.898296084019959,0.885513474151494,0.736210391079006,0.872496654137183,0.824988794638472,0.879474419434244
"332",0.179164152630939,0.0180021670580301,0.00377147030486385,0.053030303030303,0.22952380952381,0.0748640894889832,0.0306574835899527,0.173405168220179,0.380392795779468,0.189950396669543,0.274030765357291,0.176869593579386,0.20837591185384,0.274376149237794,0.264732507537817
"333",0.179164152630939,0.016085287660029,0.00615714629229654,0.053030303030303,0.0723859649122807,0.0347662568092346,0.00827657351385969,0.0892410789551619,0.0971737931863785,0.1023160911591,0.135584829772471,0.176869593579386,0.140532070944441,0.113059492671437,0.137948083147184
"334",0.179164152630939,0.0525699852728149,0.0141742898299359,0.173913043478261,0.087968253968254,0.0598317384719849,0.0249011207907216,0.0892410789551619,0.113188376139497,0.1023160911591,0.0764500760608278,0.176869593579386,0.140532070944441,0.1394593584724,0.0847315454876588
"335",0.690400151124061,0.207742441195831,0.739237674547326,0.614285714285714,0.51225,0.692840814590454,0.480199949352238,0.609454271897028,0.477794058800112,0.577259624296747,0.496815878957799,0.694431669958983,0.552538588304778,0.532748545709503,0.518070346435018
"336",0.179164152630939,0.00130689516922694,0.000711185518673544,0.053030303030303,0.07,0.00996828079223633,0.00271092752392158,0.0892410789551619,0.0679995848487756,0.0637988723957658,0.114368486641322,0.176869593579386,0.114279353354288,0.0978003060454644,0.123539053322965
"337",0.179164152630939,0.014718615647656,0.00178727457530062,0.053030303030303,0.01,0.0260857343673706,0.00214930527718715,0.0892410789551619,0.0190963350762881,0.0637988723957658,0.111151578223768,0.176869593579386,0.114279353354288,0.0471001689853701,0.135789317795413
"338",0.690400151124061,0.731762301014872,0.813958019671792,0.614285714285714,0.545,0.797704592347145,0.654739481039353,0.609454271897028,0.621884298221295,0.577259624296747,0.499377228987248,0.694431669958983,0.587594051216613,0.682973829443775,0.518070346435018
"339",0.179164152630939,0.0129215277755544,0.0069599594065964,0.053030303030303,0.319243107769424,0.267068326473236,0.318830689352144,0.173405168220179,0.136472076403807,0.125398896443026,0.167541409998769,0.176869593579386,0.236513831343958,0.272435301854898,0.172386699505599
"340",0.778863351713284,0.964449503365134,0.924377361844031,0.933333333333333,0.95,0.986623138189316,0.974468282212743,0.678502361365719,0.845542316595769,0.665088940126741,0.882367565038322,0.748841337190244,0.730456165719553,0.833434010156434,0.879474419434244
"341",0.690400151124061,0.588563102953346,0.820826326720275,0.614285714285714,0.45125,0.490223824977875,0.481362121446077,0.72761293901922,0.733335726751124,0.640596344725125,0.728753667681404,0.694431669958983,0.655400271682221,0.637871221103574,0.709433797299471
"342",0.179164152630939,2.22044604925031e-16,0.000685766829280574,0.053030303030303,0.05,0.00138342380523682,0.00185975507040017,0.0892410789551619,0.009455498401935,0.0637988723957658,0.130675739939216,0.176869593579386,0.114279353354288,0.0464352571350704,0.141635455014642
"343",0.179164152630939,0.313333992996517,0.0248779438839309,0.053030303030303,0.237163742690058,0.0383642911911011,0.0120017627193781,0.0892410789551619,0.172774060657436,0.1023160911591,0.126279332652316,0.176869593579386,0.140532070944441,0.160626186757781,0.124560381159277
"344",0.690400151124061,0.471137352032231,0.697203640826366,0.614285714285714,0.51425,0.535468250513077,0.604156228201114,0.609454271897028,0.504373010971607,0.577259624296747,0.470918800481064,0.694431669958983,0.661229184506944,0.455545474792193,0.515854224594548
"345",0.708078623202027,0.995336654747733,0.998107726861265,0.933333333333333,0.76,0.217915415763855,0.21219143493002,0.869189193061896,0.885017042214059,0.896205977001803,0.836652236998806,0.732989724510207,0.813784644779804,0.823878466363651,0.811294733974389
