"","LRR_predictions_EMP","GAM_predictions","LDA_predictions","CTREE_predictions_EMP","RF_predictions_EMP","XGB_predictions_EMP","LGBM_predictions_EMP","RE_RF_predictions_EMP","RE_boosting_predictions_EMP","RE_bag_predictions","PLTR_predictions_EMP","lambda.min","lambda.min","lambda.min","lambda.min"
"1",0.264994610276127,0.152844725909153,0.00502144442550224,0.0542635658914729,0.212183816183816,0.361142814159393,0.0837783859634893,0.176533712934845,0.0162082493496475,0.0459006082417677,0.318441760890928,0.0932796889686728,0.0181819619611922,0.0505793022663494,0.370277228250333
"2",0.239012530608874,0.0177920922744653,0.0140138017787626,0.0542635658914729,0.11311581605529,0.361142814159393,0.0188111510731742,0.0882740428696912,0.00618733060142459,0.0459006082417677,0.0689466407801747,0.0687977758125006,0.0181819619611922,0.00633000645421344,0.0365529445240816
"3",0.237109008435224,0.0107890785469532,0.00374179578556337,0.0542635658914729,0.0328571428571429,0.361142814159393,0.039876727385301,0.0930666549717858,0.0131479269780628,0.0459006082417677,0.0489477301925772,0.0605305189672189,0.0181819619611922,0.0258821237259167,0.060563523593039
"4",0.72709224276046,0.976829024152175,0.983899392825915,0.895161290322581,0.657215320910973,0.564712136983871,0.868229916751026,0.807652552748656,0.949796368388945,0.761813542728729,0.654246365337727,0.90150245278616,0.828672650782414,0.677757062177932,0.639166141911713
"5",0.632567674750642,0.900184749601065,0.967896121530842,0.895161290322581,0.711090671051029,0.564712136983871,0.813416306248585,0.747457934349754,0.929670518253387,0.700419119917833,0.5804030287748,0.72822326704006,0.68401910426775,0.910255589359348,0.59183574733115
"6",0.240747785789695,0.0223135255197933,0.00607913447714383,0.0542635658914729,0.0759090909090909,0.361142814159393,0.0419466522388864,0.0882740428696912,0.00126010223603204,0.0459006082417677,0.067571482230948,0.0705685313210904,0.0181819619611922,0.00906548998220626,0.0497941555704255
"7",0.683657708701397,0.975616352354189,0.98774411324026,0.895161290322581,0.951255411255411,0.564712136983871,0.984278734550663,0.897667356684463,0.992685508785262,0.963248699521524,0.962423709501654,0.82099746067326,0.986966736262324,0.989271301311447,0.950957871474634
"8",0.689358295657673,0.977620808496832,0.919872256743792,0.895161290322581,0.772994874690527,0.564712136983871,0.862610906776122,0.807652552748656,0.738289510552627,0.799556565387351,0.838165775483049,0.830955196999811,0.886849135982383,0.739733651394624,0.852356865429457
"9",0.643933217976579,0.544205536992098,0.908083779021308,0.895161290322581,0.760634199134199,0.564712136983871,0.829940553915523,0.838643544322229,0.783677422645425,0.924426524876689,0.710385945386183,0.74227462696512,0.7998316042047,0.720038500278707,0.747285513996558
"10",0.716401333776044,0.997782861684939,0.993922954212902,0.895161290322581,0.98974025974026,0.564712136983871,0.979726204646737,0.897667356684463,0.998104821714112,0.963248699521524,0.98399507168899,0.865945433335815,0.986966736262324,0.994703972224707,0.976035360353172
"11",0.243899608235778,0.00962475007364103,0.00733456734756909,0.0542635658914729,0.113012698412698,0.361142814159393,0.181426973228439,0.0930666549717858,0.0736675560317944,0.0569040813078803,0.0876593037859168,0.0687977758125006,0.0469000157146788,0.0456368929120527,0.111072824411848
"12",0.290940170389444,0.167234366171196,0.0150102377186268,0.0542635658914729,0.184659090909091,0.361142814159393,0.037404992992369,0.222973296341568,0.00679628283049332,0.0459006082417677,0.126065738274279,0.133484235119562,0.0181819619611922,0.00906548998220626,0.147315025859826
"13",0.644145130152734,0.71933443417568,0.91730477865007,0.895161290322581,0.7685,0.564712136983871,0.955932132282426,0.853672715510045,0.969201389529287,0.938883371948582,0.931436951508186,0.758974611068576,0.962586234860839,0.958741205758686,0.936133372397322
"14",0.23477590778143,0.00377683032293422,0.00452532370600213,0.0542635658914729,0.0333333333333333,0.361142814159393,0.0358706631187541,0.0882740428696912,0.00036900391408529,0.0459006082417677,0.0218585968415001,0.0605926841602452,0.0181819619611922,0.00288010377653763,0.0208041730994619
"15",0.516439691597291,0.156973652447418,0.733162627312577,0.621212121212121,0.347309523809524,0.564712136983871,0.0612681554715592,0.575722605028009,0.0537608524950952,0.534634839167296,0.316329336299893,0.63522819335832,0.282991327419077,0.116055205806824,0.310475665440272
"16",0.67885812905766,0.96257515010159,0.987303188898109,0.895161290322581,0.853961352657005,0.564712136983871,0.884508635889962,0.876341229586938,0.812066768640571,0.700419119917833,0.91508521095045,0.801656178957462,0.872043041127542,0.81642469606998,0.915183440677236
"17",0.235962656592832,0.0285126866577825,0.00423132183567834,0.0542635658914729,0.13542735042735,0.361142814159393,0.513301914996736,0.0882740428696912,0.218419490853398,0.287980736148302,0.0794734269038103,0.0616270687582046,0.267529815753022,0.381157080003019,0.0845635114709755
"18",0.801459167778258,0.999925623926694,0.995953812994056,0.895161290322581,0.867309523809524,0.564712136983871,0.952309598569989,0.897667356684463,0.794925879307959,0.938883371948582,0.809277139116726,0.961525488178348,0.962586234860839,0.870992434341724,0.852259199446734
"19",0.334988297086883,0.108692016196442,0.00427434629581642,0.0542635658914729,0.3375,0.361142814159393,0.0363784338590194,0.168240182413894,0.063956010186314,0.0459006082417677,0.0436365094486466,0.0983784566821858,0.0181819619611922,0.00994353785694234,0.0962625711050402
"20",0.524697373704377,0.121129410885575,0.586264910562245,0.621212121212121,0.60106043956044,0.564712136983871,0.890498045090257,0.589858109227877,0.88911608599944,0.588952981800693,0.717313858661781,0.63522819335832,0.858562057020736,0.859816844706797,0.730026738771416
"21",0.705646335817654,0.630706903024334,0.985344659686154,0.895161290322581,0.863111111111111,0.564712136983871,0.967886512844771,0.838643544322229,0.983751727962204,0.799556565387351,0.888241418981803,0.885191761833688,0.923272479055257,0.948579799005243,0.888566546324087
"22",0.722541721003204,0.971362885590351,0.976083888319011,0.895161290322581,0.989,0.564712136983871,0.97349921763163,0.897667356684463,0.998104821714112,0.963248699521524,0.98778351719848,0.873977846217859,0.986966736262324,0.994703972224707,0.976035360353172
"23",0.70066609247098,0.998328690145642,0.985425102940911,0.895161290322581,0.825343434343434,0.564712136983871,0.967030819755778,0.897667356684463,0.959067015586468,0.938883371948582,0.894241232513458,0.810167102563159,0.962586234860839,0.901038038607444,0.881038030182817
"24",0.32735369982519,0.0116509139600515,0.0272264279215316,0.0542635658914729,0.103718241235888,0.361142814159393,0.0472343922699405,0.0882740428696912,0.104393646182983,0.177866799013123,0.0733731808467098,0.0903298406685942,0.144005515532774,0.0411145182430111,0.0892820462533058
"25",0.238743005282016,0.0937853181873908,0.0185029155641826,0.0542635658914729,0.196206643356643,0.361142814159393,0.295339544598487,0.0882740428696912,0.33791237637264,0.287980736148302,0.181183131147022,0.0687977758125006,0.267529815753022,0.243492792021428,0.137194415243532
"26",0.274363009562756,0.161276482664619,0.00617466712640137,0.0542635658914729,0.223760683760684,0.361142814159393,0.574534034073677,0.222973296341568,0.335031136960465,0.287980736148302,0.146650329551304,0.10261272004082,0.267529815753022,0.579911935731966,0.233449654326313
"27",0.239553616625198,0.00457297291500116,0.00672125032167461,0.0542635658914729,0.0871757575757576,0.361142814159393,0.0928591227493684,0.0930666549717858,0.00569501067663447,0.0459006082417677,0.0489477301925772,0.0606237891494732,0.0181819619611922,0.0272249929898747,0.060563523593039
"28",0.340549206842802,0.0462282157294247,0.0178593350048936,0.0542635658914729,0.260905797101449,0.361142814159393,0.0421413511663148,0.0930666549717858,0.0448480022074417,0.0569040813078803,0.0585490636531499,0.0902176739881896,0.0469000157146788,0.040862852910698,0.0640365674688636
"29",0.743591093432667,0.996824084218036,0.984130902912183,0.895161290322581,0.792610177404295,0.564712136983871,0.928112945851191,0.838643544322229,0.958992197066747,0.799556565387351,0.790929429621179,0.943245058109712,0.886017870443519,0.822320691090441,0.823781572473531
"30",0.243538933061034,0.0188248278843055,0.00775463618929613,0.0542635658914729,0.102199134199134,0.361142814159393,0.0571863201201968,0.0930666549717858,0.00458136292139174,0.0459006082417677,0.0808597382313154,0.0687977758125006,0.0181819619611922,0.0192770888449135,0.103236921103504
"31",0.328848818056155,0.0682087007287143,0.142907464279602,0.0542635658914729,0.121180332739156,0.361142814159393,0.0949440892917237,0.107019648520553,0.16054340744225,0.0459006082417677,0.0792187114797631,0.132979771284206,0.0256244500001704,0.22529599142584,0.0630510199871794
"32",0.540761288881672,0.995693248421416,0.907846866462426,0.621212121212121,0.866190476190476,0.564712136983871,0.971903513640947,0.750282794969337,0.988334913317535,0.903980072780189,0.92822298915015,0.685636691038681,0.962586234860839,0.965347842965806,0.909085606334379
"33",0.718777810530048,0.995538190005573,0.994302879320183,0.895161290322581,0.921525974025974,0.564712136983871,0.951062074559946,0.807652552748656,0.996169847675563,0.799556565387351,0.92048416304359,0.869415968064322,0.946996850847535,0.948579799005243,0.894319929595676
"34",0.238743005282016,0.192008967618127,0.0110398015044106,0.0542635658914729,0.260329947829948,0.361142814159393,0.580121774379784,0.0882740428696912,0.714330387940792,0.336546414770082,0.165063436877136,0.0687977758125006,0.492521201386287,0.593246155901899,0.103236921103504
"35",0.518994763859837,0.229606462423694,0.560902547530442,0.621212121212121,0.404161782661783,0.564712136983871,0.469920713728188,0.575722605028009,0.665327591365012,0.588952981800693,0.369255991138559,0.639521378652726,0.59116080669121,0.709565961296841,0.392168246794596
"36",0.371910463774179,0.000691479659793839,0.00972564001966033,0.0542635658914729,0.143159043854696,0.361142814159393,0.0214249161267155,0.15268657610151,0.032126105119642,0.0459006082417677,0.0783486240571236,0.157172308818161,0.0181819619611922,0.0460418253154048,0.0704528388901325
"37",0.778012839198711,0.998916898727446,0.97689008024221,0.895161290322581,0.932467532467533,0.564712136983871,0.988797091640296,0.897667356684463,0.988647526029402,0.963248699521524,0.959886843198399,0.950579659271377,0.986966736262324,0.974776183973237,0.960933925843484
"38",0.352787986573644,0.168790328058968,0.343810700322403,0.0542635658914729,0.201405797101449,0.361142814159393,0.0992386670930915,0.151708850981617,0.0866299386557874,0.0459006082417677,0.155404563842546,0.173137704333023,0.0181819619611922,0.0756385068454326,0.0897865023229856
"39",0.246280322451494,0.0454878466074966,0.00458836707069017,0.0542635658914729,0.255515873015873,0.361142814159393,0.433833689661549,0.0930666549717858,0.295749556403582,0.213428973865108,0.116203030972215,0.0687977758125006,0.308927494640663,0.255392496369897,0.103236921103504
"40",0.448134906147181,0.596235989445279,0.0551771511230189,0.230769230769231,0.375,0.361142814159393,0.283343549884343,0.12708027789138,0.709925821239188,0.308515964010741,0.402598339553253,0.308077271040149,0.352684327590106,0.40400105535714,0.352355018616214
"41",0.787709931077984,0.999631927614275,0.998193996081705,0.895161290322581,0.971078431372549,0.564712136983871,0.987010851156594,0.897667356684463,0.985421956155693,0.963248699521524,0.946192872450499,0.984131287753258,0.986966736262324,0.989091968100196,0.965161818163857
"42",0.238656801249892,0.440339964248599,0.804163083517532,0.230769230769231,0.385814868464868,0.361142814159393,0.339440106112785,0.0882740428696912,0.484027425541448,0.308515964010741,0.360897613118158,0.0687977758125006,0.352684327590106,0.408745217674053,0.103236921103504
"43",0.722791682237301,0.941653373112254,0.961338086908324,0.895161290322581,0.892619047619048,0.564712136983871,0.936220267948336,0.807652552748656,0.993173129391296,0.799556565387351,0.887045774834616,0.885694871898099,0.946996850847535,0.948579799005243,0.897097248830526
"44",0.239195927006621,0.00102589592681087,0.00532339489195588,0.230769230769231,0.06375,0.361142814159393,0.0358706631187541,0.0882740428696912,0.000598614748696608,0.0503954577358589,0.0326586036983032,0.0687977758125006,0.0268820883633759,0.00288010377653763,0.0257948994099925
"45",0.240563575773951,0.00242854896694406,0.00740618453696234,0.0542635658914729,0.0996590909090909,0.361142814159393,0.0155363404479359,0.0882740428696912,0.000528969459335165,0.0459006082417677,0.0367927908687625,0.0705685313210904,0.0181819619611922,0.00227820206572929,0.0365529445240816
"46",0.244160973930541,0.0190585214151277,0.014793123317034,0.0542635658914729,0.0509090909090909,0.361142814159393,0.0150977573583928,0.168240182413894,0.00484407812243063,0.0459006082417677,0.0726202480080239,0.0739745592649761,0.0181819619611922,0.00906548998220626,0.121751253211818
"47",0.553706967541638,0.988991544170927,0.85261896246265,0.621212121212121,0.824396627881922,0.564712136983871,0.963286829697557,0.750282794969337,0.958436903119472,0.903980072780189,0.95335091894657,0.757940757508936,0.962586234860839,0.961327139755563,0.961042554399086
"48",0.659208818188978,0.928325827090799,0.965223339188269,0.895161290322581,0.735217086834734,0.564712136983871,0.867504003662285,0.853672715510045,0.865956402639905,0.924911464473253,0.597672585799798,0.776381114380119,0.961519873423083,0.860181467982455,0.558333168695902
"49",0.801744119562991,0.997424717241418,0.997824254309225,0.895161290322581,0.953181818181818,0.564712136983871,0.985250588263646,0.897667356684463,0.962714454788593,0.963248699521524,0.962423709501654,0.966096980985882,0.986966736262324,0.992960542488676,0.950957871474634
"50",0.540932232701054,0.154197584238987,0.789592156329064,0.621212121212121,0.748058632543927,0.564712136983871,0.834317946865588,0.589858109227877,0.947570948867599,0.588952981800693,0.742502850371874,0.63522819335832,0.858562057020736,0.857982397091102,0.730026738771416
"51",0.234704116750815,0.00491171409591373,0.00309940960056918,0.0542635658914729,0.0408333333333333,0.361142814159393,0.0131150504567275,0.0882740428696912,0.00250680205071624,0.0459006082417677,0.0274975027363336,0.0605305189672189,0.0181819619611922,0.00376117291056405,0.0295439031838959
"52",0.689695395810427,0.930023889307754,0.967432666580109,0.895161290322581,0.874264705882353,0.564712136983871,0.978859860730404,0.896969199052771,0.923901814148482,0.963248699521524,0.970556945806533,0.848313744550677,0.986966736262324,0.977576033673877,0.96400667933275
"53",0.247382677858675,0.062246205791349,0.00410527526905137,0.230769230769231,0.23679797979798,0.361142814159393,0.433833689661549,0.0930666549717858,0.375169113426011,0.230368075770927,0.116762390460104,0.0687977758125006,0.400061898664002,0.277966531116533,0.103236921103504
"54",0.642467214176104,0.796233005878566,0.978811956437211,0.895161290322581,0.675480833176485,0.564712136983871,0.547510195610457,0.824965845805834,0.745671982621179,0.652130503677552,0.797154643423488,0.751558810895226,0.37537685072754,0.733660765461836,0.660570870213468
"55",0.769687702046124,0.997642993175435,0.992246592125677,0.895161290322581,0.896174603174603,0.564712136983871,0.963953771749589,0.897667356684463,0.984021579986912,0.963248699521524,0.957841969574179,0.945635944836129,0.986966736262324,0.98760434165678,0.954954388073524
"56",0.711235512992678,0.970005594775148,0.95246228788293,0.895161290322581,0.963974358974359,0.564712136983871,0.977438216341558,0.897667356684463,0.998847681274273,0.963248699521524,0.970250553392557,0.877083526543307,0.986966736262324,0.99713555144475,0.968129260916923
"57",0.770421512801011,0.92875384630434,0.976887430986333,0.895161290322581,0.967156177156177,0.564712136983871,0.97349921763163,0.897667356684463,0.989626492687672,0.963248699521524,0.96168911020456,0.924112765486957,0.986966736262324,0.980066000682905,0.969913857699609
"58",0.760685256313746,0.995760873273316,0.983477585852418,0.895161290322581,0.988411764705882,0.564712136983871,0.979726204646737,0.897667356684463,0.998104821714112,0.963248699521524,0.976585219419698,0.92965178123038,0.986966736262324,0.994703972224707,0.976721061125638
"59",0.24183764599421,0.0208400722163291,0.0118890243032607,0.0542635658914729,0.143055488955489,0.361142814159393,0.19474023208499,0.107019648520553,0.0700149123300407,0.177866799013123,0.104451611736803,0.0712885576236816,0.144005515532774,0.15542155204334,0.103236921103504
"60",0.539717829988637,0.919286802880054,0.966728693327859,0.621212121212121,0.646474358974359,0.564712136983871,0.883552860174024,0.739232010141244,0.80966952578356,0.883023050920031,0.671532515678787,0.693588246233147,0.961519873423083,0.902112454618193,0.680214343113715
"61",0.697118286028896,0.720686608932813,0.93635729285909,0.895161290322581,0.747652882205514,0.564712136983871,0.93599179661986,0.807652552748656,0.624391156447266,0.799556565387351,0.707745681422899,0.853111355391283,0.832780224743048,0.628620864980988,0.774317039114269
"62",0.755988543284628,0.953735952531693,0.938786923656521,0.895161290322581,0.915,0.564712136983871,0.979303790662695,0.897667356684463,0.997664392295684,0.963248699521524,0.956492281915029,0.934470117667619,0.986966736262324,0.997140161344025,0.972410439493787
"63",0.238926259802229,0.00600106453911618,0.0166087285557831,0.0542635658914729,0.10411581605529,0.361142814159393,0.0102282249224071,0.0882740428696912,0.002604792153469,0.0459006082417677,0.0689466407801747,0.0687977758125006,0.0181819619611922,0.00301952040262496,0.0365529445240816
"64",0.361705922512497,0.0230524872751808,0.00663132955873744,0.0542635658914729,0.290681818181818,0.361142814159393,0.11696619379452,0.231856190513004,0.359718303072668,0.150115859758573,0.144724237678412,0.140320324789601,0.237651005937607,0.105868547561656,0.190578576289396
"65",0.668641614973243,0.933543167238466,0.915608465315524,0.895161290322581,0.794402554961378,0.564712136983871,0.894221108927653,0.807652552748656,0.929389597070581,0.799556565387351,0.845869328994692,0.808565467656363,0.92087047832591,0.920559784510625,0.848575838020135
"66",0.512455657606263,0.294796571737516,0.504919104972415,0.621212121212121,0.494840909090909,0.564712136983871,0.416577881537371,0.577572415861484,0.256238023604634,0.588952981800693,0.499505791075646,0.602968592921563,0.376324231720034,0.137739282323859,0.611031582736975
"67",0.759834727143601,0.999999996971284,0.993317304913574,0.895161290322581,0.97974025974026,0.564712136983871,0.977036899912818,0.897667356684463,0.988881388893122,0.963248699521524,0.98399507168899,0.910574019432113,0.986966736262324,0.992564833926005,0.978035476392189
"68",0.552687036573772,0.334640703884675,0.905701387089126,0.621212121212121,0.277375212163138,0.564712136983871,0.206145969656385,0.589858109227877,0.256587429501249,0.588952981800693,0.422606207944092,0.63522819335832,0.487081008693536,0.652708566046381,0.611031582736975
"69",0.850324707284205,1,0.999999354306808,0.895161290322581,0.929656177156177,0.564712136983871,0.97349921763163,0.897667356684463,0.994914877441574,0.963248699521524,0.956492281915029,0.983918433276958,0.986966736262324,0.985320418365841,0.967198980514828
"70",0.238656801249892,0.513344498966576,0.795740055833534,0.230769230769231,0.453946181596182,0.361142814159393,0.425725583496142,0.0882740428696912,0.489024734756061,0.308515964010741,0.360897613118158,0.0687977758125006,0.352684327590106,0.408745217674053,0.103236921103504
"71",0.523218364399554,0.204202673532288,0.808732811494769,0.621212121212121,0.364470588235294,0.564712136983871,0.302336629673326,0.589858109227877,0.166620354625856,0.588952981800693,0.515882525782607,0.63522819335832,0.487081008693536,0.745681160015369,0.577396343929185
"72",0.240818308852775,0.312576871048842,0.00837393804194347,0.0542635658914729,0.19456043956044,0.361142814159393,0.082318152852781,0.0888857838963102,0.0457080735475175,0.150115859758573,0.0747637572536199,0.0687977758125006,0.157200494999809,0.0857653931367977,0.103236921103504
"73",0.315984617181086,0.00843871400449494,0.0210353333952051,0.0542635658914729,0.143718241235888,0.361142814159393,0.0748915318413829,0.0882740428696912,0.085580418597825,0.177866799013123,0.0733731808467098,0.0785164807443557,0.144005515532774,0.0843282800826756,0.0868938027288372
"74",0.686814805882169,0.91700654889513,0.987342385861596,0.895161290322581,0.737422969187675,0.564712136983871,0.93233346308606,0.838643544322229,0.970200723341516,0.799556565387351,0.684179673426639,0.870532866197769,0.832780224743048,0.84437972803285,0.763756311602061
"75",0.239822358180025,0.017254876211886,0.0278739469958571,0.0542635658914729,0.0644764183185236,0.361142814159393,0.0200364102625848,0.0882740428696912,0.00840041983856036,0.0459006082417677,0.0301543816739399,0.0687977758125006,0.0181819619611922,0.00512796186188685,0.0285092463733403
"76",0.698734382063443,0.772733675449714,0.905207273381452,0.895161290322581,0.733952380952381,0.564712136983871,0.777433581104579,0.838643544322229,0.925256103839502,0.943610035356083,0.788396023647945,0.858537358042057,0.910506103472896,0.898500353640444,0.830973093675653
"77",0.523765471045305,0.745315875489038,0.855367121638073,0.621212121212121,0.480583333333333,0.564712136983871,0.681417416624463,0.628586354481661,0.690640385024178,0.88230201122623,0.669054465958714,0.647791349929056,0.892666080152635,0.736962794502911,0.653637941035009
"78",0.239195927006621,0.0359761249794371,0.0082787937409996,0.230769230769231,0.195324099876731,0.361142814159393,0.513301914996736,0.0882740428696912,0.367310048826641,0.308515964010741,0.0590976636998882,0.0687977758125006,0.352684327590106,0.551715447280797,0.0845635114709755
"79",0.239714497990002,0.348745956653666,0.0406999932670298,0.0542635658914729,0.163787878787879,0.361142814159393,0.092235929366531,0.0930666549717858,0.0133645736847787,0.0459006082417677,0.0784693612542558,0.0605305189672189,0.0181819619611922,0.0353800659465905,0.0845635114709755
"80",0.51970966174931,0.286779881777642,0.551453722840164,0.621212121212121,0.56052380952381,0.564712136983871,0.842521255548867,0.739232010141244,0.451756812252762,0.883023050920031,0.463113149675098,0.62721459335977,0.961519873423083,0.527019293139096,0.630560948188781
"81",0.521738947789004,0.922988096143987,0.854107124151469,0.621212121212121,0.441897938662645,0.564712136983871,0.756475843883171,0.589858109227877,0.773945126374802,0.588952981800693,0.513879825273772,0.63522819335832,0.63178921055104,0.548823540661651,0.577396343929185
"82",0.686872287319039,0.751871145220055,0.962367074763837,0.895161290322581,0.842974358974359,0.564712136983871,0.963934710293561,0.807652552748656,0.975613947153143,0.799556565387351,0.859960653011662,0.808565467656363,0.946996850847535,0.971904782958868,0.848575838020135
"83",0.245321339086655,0.00312984812715909,0.00283838494097338,0.0542635658914729,0.152545454545455,0.361142814159393,0.0367610080566312,0.0930666549717858,0.00737666391171537,0.0459006082417677,0.0736801591970222,0.0605926841602452,0.0181819619611922,0.036089809022349,0.125617874877822
"84",0.244761264500605,0.0968334624615946,0.0574628722270932,0.0542635658914729,0.166103174603175,0.361142814159393,0.0874379755636218,0.107019648520553,0.0714710999293515,0.0459006082417677,0.0578258884092499,0.0963223858885397,0.0181819619611922,0.061446606943053,0.0498050775423177
"85",0.245204538659677,0.043053219634134,0.0648873773042173,0.0542635658914729,0.172427531618708,0.361142814159393,0.0706001306739301,0.107019648520553,0.0851363068812727,0.0459006082417677,0.0857599755304682,0.103848527407671,0.0181819619611922,0.061446606943053,0.0613171993806813
"86",0.2454790063653,0.11144027531849,0.0482534521214635,0.0542635658914729,0.20012696960762,0.361142814159393,0.208906225956438,0.107019648520553,0.311124181691822,0.150115859758573,0.0857599755304682,0.103848527407671,0.237651005937607,0.326019422987358,0.0613171993806813
"87",0.321761878780529,0.0305227855210352,0.132747216528804,0.0542635658914729,0.0301482213438735,0.361142814159393,0.0276740273705349,0.0882740428696912,0.00333213340744169,0.0459006082417677,0.0463273188934944,0.0901660390646115,0.0181819619611922,0.00729837814765193,0.0265526952076903
"88",0.239470096867795,0.00159174279070696,0.00481281023983431,0.0542635658914729,0.0959090909090909,0.361142814159393,0.0189486043504258,0.0882740428696912,0.000318770429070244,0.0459006082417677,0.0293051430150131,0.0695010857516452,0.0181819619611922,0.00288010377653763,0.0257948994099925
"89",0.677979976109535,0.162803197050572,0.826955353387035,0.895161290322581,0.697666666666667,0.564712136983871,0.862154205260577,0.807652552748656,0.9081304806613,0.799556565387351,0.805425214264868,0.808565467656363,0.92087047832591,0.900562748229351,0.848575838020135
"90",0.336900630583009,0.00295998327536987,0.00450802993120445,0.0542635658914729,0.246460317460317,0.361142814159393,0.121972148429627,0.0930666549717858,0.11493303722971,0.150115859758573,0.0735954241367007,0.102073911894278,0.157200494999809,0.152009263811199,0.0785662147920316
"91",0.68780361921722,0.980537668644429,0.972118189743904,0.895161290322581,0.968333333333333,0.564712136983871,0.975120593551165,0.897667356684463,0.988120253716725,0.963248699521524,0.989284600521494,0.844119324625718,0.986966736262324,0.991406900020961,0.974604360770533
"92",0.523982841966824,0.519457127182224,0.796156102916582,0.621212121212121,0.684852813852814,0.564712136983871,0.706881459651307,0.589858109227877,0.690884889089333,0.588952981800693,0.702275472715622,0.635291486500432,0.63178921055104,0.789966972175469,0.577396343929185
"93",0.634748360204787,0.43193908083801,0.818362602160144,0.895161290322581,0.620557692307692,0.564712136983871,0.888733660427684,0.747457934349754,0.803927348088106,0.700419119917833,0.574157449468463,0.728493496740611,0.68401910426775,0.881921759542004,0.675079244390346
"94",0.632912158242613,0.96465312333069,0.977742530952037,0.895161290322581,0.840614130434783,0.564712136983871,0.832407032784732,0.747457934349754,0.907782364718843,0.700419119917833,0.777001450134184,0.72822326704006,0.858562057020736,0.900163820010754,0.741585107877128
"95",0.241904062719881,0.254885866273285,0.81534630232272,0.230769230769231,0.219935497835498,0.361142814159393,0.0728574122528201,0.0930666549717858,0.00415934711301593,0.0503954577358589,0.251851239116455,0.0687977758125006,0.0268820883633759,0.0272249929898747,0.0743677636125304
"96",0.262672885201583,0.205331372910195,0.0101183062310177,0.0542635658914729,0.204575757575758,0.361142814159393,0.103898804316879,0.176533712934845,0.0752741418784512,0.0459006082417677,0.318441760890928,0.0818372490959329,0.0181819619611922,0.0272070630605006,0.370277228250333
"97",0.327289630090309,0.164612080748537,0.020404867289971,0.0542635658914729,0.229555555555556,0.361142814159393,0.0968402738663075,0.0930666549717858,0.03401725615261,0.150115859758573,0.0927756957021952,0.0905027423615239,0.157200494999809,0.149557601943131,0.106022193583228
"98",0.518038794011564,0.618269776220785,0.612990645291314,0.621212121212121,0.208582060096766,0.564712136983871,0.248425437057764,0.575722605028009,0.234788881808643,0.588952981800693,0.549048874167278,0.63522819335832,0.536092053266229,0.206873641741265,0.577396343929185
"99",0.741975528573398,0.980942533386303,0.984121387141143,0.895161290322581,0.948658008658009,0.564712136983871,0.986637490139261,0.897667356684463,0.998579642820652,0.963248699521524,0.959462068333373,0.916470399776992,0.986966736262324,0.99713555144475,0.954954388073524
"100",0.76661110719315,1,0.994679914038146,0.895161290322581,0.743055555555556,0.564712136983871,0.844587070260059,0.807652552748656,0.719956548043286,0.799556565387351,0.789146840433149,0.998664778524368,0.832780224743048,0.620873710853057,0.951919754215326
"101",0.618304733520085,0.647338187712285,0.810891957392067,0.895161290322581,0.450905797101449,0.564712136983871,0.585199092754606,0.736326072700424,0.808016938876292,0.652130503677552,0.693774356998016,0.702921071228806,0.425040340850198,0.880301228920186,0.758255918686007
"102",0.25265671738589,0.0354409348242423,0.00976522940967986,0.0542635658914729,0.143428571428571,0.361142814159393,0.0387762668826892,0.176533712934845,0.0118362351810451,0.0459006082417677,0.214664373920102,0.0680139268764393,0.0181819619611922,0.0243279100292744,0.247712465741392
"103",0.241904062719881,0.0336127231583864,0.00495062554899827,0.0542635658914729,0.110242424242424,0.361142814159393,0.140463635461642,0.0930666549717858,0.0303987579635436,0.0459006082417677,0.0650093631587566,0.0687977758125006,0.0256244500001704,0.0336708910038385,0.0743677636125304
"104",0.554299025872904,0.999663741305135,0.872162355341425,0.621212121212121,0.515133671883672,0.564712136983871,0.579716681625038,0.589858109227877,0.522598091481878,0.588952981800693,0.572195908046283,0.63522819335832,0.593155030990229,0.70134583795024,0.661902392652789
"105",0.723556167838857,0.968870319819699,0.974372286865435,0.621212121212121,0.707023809523809,0.564712136983871,0.914033580660044,0.800864957623956,0.711026875218116,0.883023050920031,0.43260812140919,0.949755664312735,0.961519873423083,0.715523670359489,0.630560948188781
"106",0.72535261412487,0.903265980341661,0.946822631775693,0.895161290322581,0.948816526610644,0.564712136983871,0.984278734550663,0.897667356684463,0.997664392295684,0.963248699521524,0.945579233715744,0.890027817109797,0.986966736262324,0.985749493812652,0.954954388073524
"107",0.838333604786602,0.999313903702086,0.990092944933001,0.895161290322581,0.964285714285714,0.564712136983871,0.97349921763163,0.897667356684463,0.998104821714112,0.963248699521524,0.976585219419698,0.986919854738819,0.986966736262324,0.994703972224707,0.981558050564033
"108",0.525893278029173,0.999937573156227,0.882615861518802,0.621212121212121,0.630666666666667,0.564712136983871,0.959148144398535,0.739232010141244,0.984560911167524,0.903980072780189,0.855045011154028,0.656466650674966,0.962586234860839,0.907844003967468,0.819875623956514
"109",0.239735887154222,0.00978288081817647,0.01036204705875,0.0542635658914729,0.0630576441102757,0.361142814159393,0.019438185894648,0.0882740428696912,0.0218127374503575,0.0459006082417677,0.0228417093137775,0.0687977758125006,0.0181819619611922,0.0108423542936712,0.0295439031838959
"110",0.382235215092521,0.0328760164914246,0.0243984280889792,0.0542635658914729,0.2255,0.361142814159393,0.0986627380304242,0.12708027789138,0.196592523352671,0.123447439516224,0.161488977783537,0.173927416221577,0.104998869145409,0.172405123751145,0.253441409219058
"111",0.33493876223094,0.046430117435118,0.0169603144372761,0.0542635658914729,0.282222222222222,0.361142814159393,0.507612650303598,0.0888857838963102,0.471282398952418,0.336546414770082,0.0640174374807053,0.102098951312129,0.492521201386287,0.593246155901899,0.108873487956475
"112",0.787688408959462,0.999999980072819,0.916615493105643,0.895161290322581,0.996197478991597,0.564712136983871,0.977036899912818,0.897667356684463,0.995117157830067,0.963248699521524,0.976585219419698,0.961978557772803,0.986966736262324,0.992564833926005,0.981558050564033
"113",0.246280322451494,0.00942462526463381,0.0102617616342594,0.0542635658914729,0.0317186147186147,0.361142814159393,0.0574988781527187,0.0930666549717858,0.0129330687575548,0.0459006082417677,0.0650093631587566,0.0687977758125006,0.0181819619611922,0.0258821237259167,0.0743677636125304
"114",0.239195927006621,0.00703758229588669,0.00533004330867424,0.0542635658914729,0.0662088744588745,0.361142814159393,0.0284455126328584,0.0882740428696912,0.00730361795032169,0.0459006082417677,0.067571482230948,0.0687977758125006,0.0181819619611922,0.00906548998220626,0.0497941555704255
"115",0.243149893642134,0.00107964733337841,0.00226905854757908,0.0542635658914729,0.0546287878787879,0.361142814159393,0.0216361039993336,0.168240182413894,0.00240809690635919,0.0459006082417677,0.0532835160955418,0.0683436552884849,0.0181819619611922,0.00477983178873472,0.0912120659829749
"116",0.725961888927035,0.00060918407784789,0.938928350210995,0.895161290322581,0.915096273291926,0.564712136983871,0.936220267948336,0.807652552748656,0.977920570661856,0.799556565387351,0.889162596176283,0.889348632190395,0.922685470718695,0.960923416607114,0.897097248830526
"117",0.247494414916379,0.130812694739764,0.0659614077891276,0.0542635658914729,0.159344198285375,0.361142814159393,0.125061520242208,0.112704195255882,0.0567407549518988,0.0459006082417677,0.177657883788608,0.103848527407671,0.0181819619611922,0.0363609376584452,0.165421976482891
"118",0.541819937542959,0.99333807287587,0.925157161839492,0.621212121212121,0.886857142857143,0.564712136983871,0.97402760009527,0.750282794969337,0.984830907247896,0.903980072780189,0.948731901511382,0.686401590349429,0.962586234860839,0.987199088105317,0.932484523569779
"119",0.62575257034497,0.534099601980612,0.943007258771528,0.895161290322581,0.71948752228164,0.564712136983871,0.672981747412734,0.785572561085146,0.901561627915952,0.924426524876689,0.515882525782607,0.705765279283091,0.892666080152635,0.978367336705812,0.584634211941985
"120",0.516187949521153,0.266383140250129,0.826430023564333,0.621212121212121,0.459946581196581,0.564712136983871,0.184029343013656,0.575722605028009,0.39309224153845,0.534634839167296,0.425582150112573,0.63522819335832,0.324456852498386,0.397174799001448,0.392168246794596
"121",0.3227860809514,0.00152754498930869,0.0219553495091926,0.0542635658914729,0.0784090909090909,0.361142814159393,0.0215349737619461,0.0882740428696912,0.000399132909371537,0.0459006082417677,0.0717992479423154,0.0894515082315886,0.0181819619611922,0.00548721311382776,0.102592334016772
"122",0.519770737061523,0.924509917442077,0.846695733391556,0.621212121212121,0.789731934731935,0.564712136983871,0.871495730591707,0.589858109227877,0.942101702322276,0.588952981800693,0.647465443545234,0.63522819335832,0.833007075472028,0.9343271449418,0.661902392652789
"123",0.239195927006621,0.00389353339966024,0.00820629629246347,0.0542635658914729,0.0744491493886231,0.361142814159393,0.0188111510731742,0.0882740428696912,0.00618733060142459,0.0459006082417677,0.0689466407801747,0.0687977758125006,0.0181819619611922,0.00633000645421344,0.0365529445240816
"124",0.510722166841293,0.124173909113813,0.507214582183068,0.621212121212121,0.280598901098901,0.564712136983871,0.440931065416654,0.575722605028009,0.587075906785332,0.534634839167296,0.255117310723262,0.602968592921563,0.416274977301343,0.32514818991558,0.265411420348451
"125",0.646303487908161,0.88889217026411,0.985436438556603,0.895161290322581,0.735,0.564712136983871,0.973349148798611,0.853672715510045,0.878785935911013,0.924911464473253,0.631984241911842,0.813276336881638,0.961519873423083,0.779826775997367,0.751699183124087
"126",0.324617678685829,0.00378784531836323,0.0483695246715038,0.0542635658914729,0.176120202020202,0.361142814159393,0.0116384360530257,0.107019648520553,0.00165633415632913,0.0459006082417677,0.114144080214961,0.092455108154731,0.0181819619611922,0.00575210355420088,0.0512199267563956
"127",0.820188296316448,1,0.99999638661922,0.895161290322581,0.772601073762839,0.564712136983871,0.97638737907765,0.897667356684463,0.96580957564542,0.938883371948582,0.873643745430865,0.973782028620914,0.962586234860839,0.890094627427962,0.877886276176379
"128",0.240818308852775,0.00273992543379056,0.00414543116825434,0.0542635658914729,0.0430577200577201,0.361142814159393,0.0257595095866876,0.0888857838963102,0.00349421761687529,0.0459006082417677,0.0650093631587566,0.0687977758125006,0.0181819619611922,0.00486677388185147,0.0743677636125304
"129",0.239195927006621,0.000768832121294133,0.00546215659169356,0.0542635658914729,0.0345422077922078,0.361142814159393,0.0155363404479359,0.0882740428696912,0.00172859714031307,0.0459006082417677,0.0293051430150131,0.0687977758125006,0.0181819619611922,0.00433062733737193,0.0257948994099925
"130",0.248195142819813,0.0417978131162021,0.0111829505156485,0.0542635658914729,0.116578947368421,0.361142814159393,0.0419466522388864,0.168240182413894,0.00478527532490649,0.0459006082417677,0.139869081821184,0.0777660323421168,0.0181819619611922,0.00728065036373625,0.147315025859826
"131",0.518290471761403,0.480789652449907,0.739611961669094,0.621212121212121,0.41848285374756,0.564712136983871,0.509256808409877,0.577572415861484,0.46597735395878,0.588952981800693,0.513879825273772,0.63522819335832,0.63178921055104,0.275734877548537,0.577396343929185
"132",0.239012530608874,0.0268820942656787,0.0136655268026394,0.0542635658914729,0.226964219114219,0.361142814159393,0.295339544598487,0.0882740428696912,0.147519025043876,0.287980736148302,0.104451611736803,0.0687977758125006,0.267529815753022,0.243492792021428,0.103236921103504
"133",0.236755230731919,0.0491288352637601,0.00206771699228066,0.0542635658914729,0.179992424242424,0.361142814159393,0.127444043716692,0.0930666549717858,0.0459540761645915,0.150115859758573,0.0564376113799336,0.0605305189672189,0.157200494999809,0.142351920224129,0.0845635114709755
"134",0.573135660556712,0.975977110564531,0.864156364016309,0.621212121212121,0.65031746031746,0.564712136983871,0.973849855591683,0.802070635491714,0.981964785137879,0.903980072780189,0.904704429390896,0.760395884426313,0.962586234860839,0.958079885051709,0.909085606334379
"135",0.247791256626678,0.00977048051072668,0.00702711523342026,0.0542635658914729,0.136051948051948,0.361142814159393,0.0728574122528201,0.112704195255882,0.0182761595572827,0.0459006082417677,0.0650093631587566,0.0723813208961634,0.0181819619611922,0.0258821237259167,0.0743677636125304
"136",0.234437953116864,0.00849132715602796,0.0121032769094009,0.0542635658914729,0.0733333333333333,0.361142814159393,0.0358706631187541,0.0882740428696912,0.00221114142362297,0.0459006082417677,0.0218585968415001,0.0605305189672189,0.0181819619611922,0.00548721311382776,0.0208041730994619
"137",0.241969540534485,0.00405607717911156,0.00253726661444641,0.0542635658914729,0.107069264069264,0.361142814159393,0.111855992110244,0.0930666549717858,0.0368133333230752,0.0569040813078803,0.0489477301925772,0.0605305189672189,0.0653157456612105,0.0529149171330357,0.060563523593039
"138",0.621074572028205,0.975246090291743,0.967988557554689,0.895161290322581,0.647068385862504,0.564712136983871,0.756475843883171,0.747457934349754,0.981426340456076,0.700419119917833,0.614207757212927,0.698337512016203,0.63178921055104,0.789966972175469,0.584634211941985
"139",0.554299025872904,0.999738489795747,0.948524135599217,0.621212121212121,0.492566929802224,0.564712136983871,0.770076008187165,0.589858109227877,0.844869663940465,0.588952981800693,0.774518477494252,0.63522819335832,0.858562057020736,0.900578840626781,0.730026738771416
"140",0.321021001151033,0.000530403000281257,0.00896940780415023,0.0542635658914729,0.0801482213438735,0.361142814159393,0.021813769942358,0.0882740428696912,0.00045197955789639,0.0459006082417677,0.0499089141432524,0.0894070200140953,0.0256244500001704,0.00567161384293146,0.0363078591095042
"141",0.520510741192999,0.978813018987289,0.839898261641856,0.621212121212121,0.480173076923077,0.564712136983871,0.829685705605561,0.589858109227877,0.543544728768632,0.588952981800693,0.572195908046283,0.63522819335832,0.63178921055104,0.551642506418765,0.661902392652789
"142",0.695181106139276,0.850987063300632,0.955797316293213,0.895161290322581,0.978697478991597,0.564712136983871,0.987751932511081,0.897667356684463,0.997541556776456,0.963248699521524,0.945579233715744,0.852746888111484,0.986966736262324,0.99227277203847,0.953657952221856
"143",0.611916492465772,0.368135472331197,0.87095019283757,0.895161290322581,0.471428571428571,0.564712136983871,0.518936882377484,0.736326072700424,0.779807711458806,0.47728509619428,0.644522326784345,0.671104430263065,0.295605866093469,0.40225238742587,0.618074430490849
"144",0.237718140431008,0.000731251779515257,0.00162039948123529,0.0542635658914729,0.0744285714285714,0.361142814159393,0.039876727385301,0.0930666549717858,0.00124541586317258,0.0459006082417677,0.0489477301925772,0.0605926841602452,0.0181819619611922,0.0192770888449135,0.060563523593039
"145",0.334611715269994,0.00033124250969648,0.00842318243020632,0.0542635658914729,0.0417391304347826,0.361142814159393,0.0242806808272285,0.0882740428696912,0.00461577473807132,0.0459006082417677,0.0269430191644011,0.104732931047584,0.0181819619611922,0.0057622498785959,0.0273321287438668
"146",0.344458543501464,0.0204119519644534,0.0397011364068691,0.0542635658914729,0.201698039215686,0.361142814159393,0.0274604022737027,0.168240182413894,0.23860451030891,0.123447439516224,0.1282034306427,0.115290007198661,0.104998869145409,0.0476545731837856,0.125511437096846
"147",0.665124519937201,0.936671227814621,0.971887391656746,0.895161290322581,0.623972222222222,0.564712136983871,0.760253106589733,0.807652552748656,0.584654185628363,0.761813542728729,0.660616067309961,0.808565467656363,0.765121927000636,0.745143978240694,0.563110261923928
"148",0.24299314498999,0.0214672782871037,0.00666975345866525,0.0542635658914729,0.0777717171717172,0.361142814159393,0.123334928133213,0.0930666549717858,0.0129536523578017,0.0459006082417677,0.0808597382313154,0.0687977758125006,0.0181819619611922,0.0304363135295357,0.103236921103504
"149",0.251266937335659,0.066402083918486,0.0124461627349428,0.0542635658914729,0.234732247284879,0.361142814159393,0.126282701312047,0.0930666549717858,0.198286227127258,0.0569040813078803,0.0408124669545405,0.0687977758125006,0.0469000157146788,0.0750609365392158,0.060563523593039
"150",0.239822358180025,0.0333486724775922,0.0152639160864897,0.0542635658914729,0.0605901116427432,0.361142814159393,0.0419466522388864,0.0882740428696912,0.00639648096071296,0.0459006082417677,0.020314745754649,0.0687977758125006,0.0181819619611922,0.00477983178873472,0.0295439031838959
"151",0.324424130484941,0.0559825846963361,0.0546918206380852,0.0542635658914729,0.182808080808081,0.361142814159393,0.0213791678004153,0.107019648520553,0.00425796517446637,0.0459006082417677,0.0546608873976363,0.0925927219712373,0.0181819619611922,0.0107251944484593,0.0512199267563956
"152",0.248693740102992,0.619873755155017,0.0745341736735282,0.0542635658914729,0.275327907558558,0.361142814159393,0.298266221718554,0.112704195255882,0.286919646433749,0.123447439516224,0.177657883788608,0.103975704362247,0.104998869145409,0.295835877089262,0.165421976482891
"153",0.524697373704377,0.613317968769292,0.783898123263425,0.621212121212121,0.587680926916221,0.564712136983871,0.936174002842508,0.589858109227877,0.908140972952003,0.588952981800693,0.718936852268117,0.63522819335832,0.858562057020736,0.9343271449418,0.730026738771416
"154",0.346421364673808,0.0792443296697113,0.0442810907979026,0.0542635658914729,0.306698039215686,0.361142814159393,0.100427949872147,0.176533712934845,0.0979044951406965,0.0459006082417677,0.417208918268213,0.112369359966943,0.0256244500001704,0.0354031860074469,0.303380472608417
"155",0.237109008435224,0.201130989963008,0.0119679127980444,0.0542635658914729,0.1,0.361142814159393,0.092235929366531,0.0930666549717858,0.0280172385467689,0.0459006082417677,0.061138078769435,0.0605305189672189,0.0181819619611922,0.0364282720583432,0.0845635114709755
"156",0.516491422036949,0.489538700119698,0.953937441181511,0.621212121212121,0.275845238095238,0.564712136983871,0.151371950393714,0.575722605028009,0.0634113864948979,0.534634839167296,0.448047505334462,0.636935460829843,0.288126923243001,0.399882121224174,0.310475665440272
"157",0.517787107108618,0.913617930317719,0.897139522313893,0.621212121212121,0.522196172248804,0.564712136983871,0.631842575979254,0.575722605028009,0.726688052008145,0.588952981800693,0.674829570472773,0.63522819335832,0.858562057020736,0.661620159522941,0.684520581868729
"158",0.238656801249892,0.426382329546216,0.0760771141425328,0.0542635658914729,0.13734595959596,0.361142814159393,0.0413338781259715,0.0882740428696912,0.0433848122926092,0.123447439516224,0.104451611736803,0.0687977758125006,0.104998869145409,0.0154009380592059,0.103236921103504
"159",0.646961175072062,0.162778258002937,0.872466678710006,0.895161290322581,0.714916666666667,0.564712136983871,0.656118090741104,0.807652552748656,0.670722175300954,0.700419119917833,0.805425214264868,0.757187821157226,0.564726425535325,0.672545845874786,0.840775463378393
"160",0.241147254514695,0.0618369222938828,0.0205392543864436,0.0542635658914729,0.223404277593751,0.361142814159393,0.121763948733361,0.0888857838963102,0.041643780416555,0.177866799013123,0.184413132772857,0.0691134459270939,0.144005515532774,0.0484856815929414,0.103236921103504
"161",0.543869655114668,0.867144226442219,0.919652086331705,0.621212121212121,0.669376068376068,0.564712136983871,0.65828068556329,0.696067184103937,0.834467272929141,0.588952981800693,0.674969297655989,0.692975484377521,0.68401910426775,0.72841809677769,0.805827453823912
"162",0.766386481666832,0.975722799806901,0.880267153705913,0.895161290322581,0.986197478991597,0.564712136983871,0.965031397826561,0.897667356684463,0.990111196102082,0.963248699521524,0.976585219419698,0.919297673772061,0.986966736262324,0.992564833926005,0.979277249526792
"163",0.717033286010119,0.6186667026991,0.824064135124237,0.895161290322581,0.659833333333333,0.564712136983871,0.689053170347647,0.807652552748656,0.774513033206958,0.761813542728729,0.549593831033639,0.887188059848918,0.765121927000636,0.661828628974361,0.632280836515767
"164",0.687198696750016,0.997610337511958,0.971265048142361,0.895161290322581,0.911270174270174,0.564712136983871,0.898621710689941,0.838643544322229,0.988647526029402,0.954274661456238,0.832544127165014,0.838343202976158,0.960751945923369,0.924267678983945,0.852356865429457
"165",0.245367882520233,0.0163914865046193,0.0129774272043124,0.0542635658914729,0.122778081567555,0.361142814159393,0.0830362928605567,0.0930666549717858,0.0301821757051462,0.0459006082417677,0.143028281600281,0.0687977758125006,0.0181819619611922,0.0403034550980103,0.137194415243532
"166",0.239107986172743,0.00285876566475404,0.00582661402664225,0.0542635658914729,0.0359090909090909,0.361142814159393,0.0189486043504258,0.0882740428696912,0.000318770429070244,0.0459006082417677,0.0293051430150131,0.0689729828935451,0.0181819619611922,0.00288010377653763,0.0257948994099925
"167",0.253389392124268,0.0239989932745582,0.0238914785947907,0.0542635658914729,0.245488380041012,0.361142814159393,0.0714523466348753,0.176533712934845,0.00868603379299997,0.0459006082417677,0.275522356752232,0.075181101471821,0.0181819619611922,0.0453420944031982,0.312625091945399
"168",0.665737806144113,0.85491421418745,0.956245165378894,0.895161290322581,0.844559523809524,0.564712136983871,0.975126695517086,0.807652552748656,0.900835004849415,0.799556565387351,0.915627137164494,0.788525874336231,0.922685470718695,0.924053038877358,0.921169338298767
"169",0.516558155577395,0.201503758022841,0.841944506831884,0.621212121212121,0.251299450549451,0.564712136983871,0.190504619869524,0.575722605028009,0.141125508703144,0.534634839167296,0.372241857672076,0.63522819335832,0.369493296215556,0.197561555590254,0.392168246794596
"170",0.241301168908555,0.0859932972392676,0.0215382640917231,0.0542635658914729,0.23160101010101,0.361142814159393,0.344181856107017,0.107019648520553,0.365457482108686,0.213428973865108,0.211515451620152,0.091830015518813,0.308927494640663,0.341150601689404,0.185598118221323
"171",0.238930839200279,0.00556892123771371,0.00476170762729327,0.0542635658914729,0.04,0.361142814159393,0.0517660122315861,0.0882740428696912,0.00537353151917296,0.0459006082417677,0.032912857177117,0.0688853277700853,0.0256244500001704,0.015997093052524,0.0257948994099925
"172",0.745083304710357,0.994630081326491,0.987471783448891,0.895161290322581,0.942411764705882,0.564712136983871,0.983762333665815,0.897667356684463,0.994648050890959,0.963248699521524,0.984592826569027,0.922403181333797,0.986966736262324,0.994891651334696,0.970570696660769
"173",0.332302235822111,0.00189557338458703,0.0100742477117064,0.0542635658914729,0.0720688562645084,0.361142814159393,0.0178226565255096,0.0882740428696912,0.00388230954584461,0.0459006082417677,0.0623229571631064,0.102098951312129,0.0181819619611922,0.00433062733737193,0.052684258961224
"174",0.518868123405861,0.491440311531727,0.790427531104831,0.621212121212121,0.532286987522282,0.564712136983871,0.744406733773458,0.589858109227877,0.632066859046521,0.588952981800693,0.662130930165702,0.602968592921563,0.423390015159069,0.56793852867252,0.611031582736975
"175",0.517165253979908,0.14877047514424,0.649922102253873,0.621212121212121,0.349047619047619,0.564712136983871,0.22317982254798,0.575722605028009,0.486927780697959,0.588952981800693,0.316329336299893,0.63522819335832,0.585063046599,0.444928360356843,0.310475665440272
"176",0.239012530608874,0.00327668732898107,0.0136202703162178,0.0542635658914729,0.0388974709501025,0.361142814159393,0.0200364102625848,0.0882740428696912,0.00151284357507782,0.0459006082417677,0.016124383786237,0.0687977758125006,0.0181819619611922,0.00227820206572929,0.0208041730994619
"177",0.623120751281075,0.717595717249821,0.936069014826369,0.895161290322581,0.566428904428904,0.564712136983871,0.887909460078795,0.853672715510045,0.927658272990702,0.924911464473253,0.613235966899485,0.714201747108509,0.961519873423083,0.826172195130749,0.686646929784774
"178",0.681651564742502,0.933812122170637,0.970550743882241,0.895161290322581,0.906186989481107,0.564712136983871,0.989002536767363,0.897667356684463,0.997657303327555,0.963248699521524,0.956492281915029,0.828821395492916,0.986966736262324,0.996829559726742,0.966242492831838
"179",0.795382545331455,0.9995097565109,0.991559918541582,0.895161290322581,0.959090909090909,0.564712136983871,0.964135035143951,0.897667356684463,0.99116415291977,0.963248699521524,0.945596140937271,0.964339325403205,0.986966736262324,0.959050850829352,0.967756774739131
"180",0.518408905146102,0.966555483766683,0.958890565672458,0.621212121212121,0.696299592564299,0.564712136983871,0.601251189951561,0.577572415861484,0.933001496550007,0.588952981800693,0.611015096659541,0.63522819335832,0.63178921055104,0.621119326058326,0.577396343929185
"181",0.239195927006621,0.00128539166247676,0.00145216577142078,0.0542635658914729,0.164797619047619,0.361142814159393,0.082318152852781,0.0882740428696912,0.0457080735475175,0.150115859758573,0.0338964809490198,0.0687977758125006,0.157200494999809,0.0688594979735203,0.0365529445240816
"182",0.240276681252554,0.00459742208403145,0.00641394423157816,0.0542635658914729,0.0809090909090909,0.361142814159393,0.0189486043504258,0.0882740428696912,0.000630065505513155,0.0459006082417677,0.0650093631587566,0.0687977758125006,0.0181819619611922,0.00288010377653763,0.0743677636125304
"183",0.339808887459057,0.00282996853024656,0.0296609662986135,0.0542635658914729,0.057647619047619,0.361142814159393,0.043298463373422,0.0930666549717858,0.00232138649814447,0.0459006082417677,0.0650093631587566,0.103105000859546,0.0181819619611922,0.0215860032468272,0.0785662147920316
"184",0.518290471761403,0.581530147031301,0.784682361337159,0.621212121212121,0.324883286647993,0.564712136983871,0.483014235877722,0.577572415861484,0.327770830186283,0.588952981800693,0.642360737700702,0.63522819335832,0.63178921055104,0.480137059283107,0.661902392652789
"185",0.328461159995952,0.0558708696654321,0.187028688282046,0.0542635658914729,0.201360071301248,0.361142814159393,0.04191557969671,0.107019648520553,0.0851363068812727,0.0459006082417677,0.0873540324212647,0.13304277317142,0.0181819619611922,0.0766824213222672,0.0850437967325311
"186",0.324326383164307,0.0267840945541237,0.0490101837590125,0.0542635658914729,0.124529292929293,0.361142814159393,0.0553873642563622,0.0930666549717858,0.00137913290318759,0.0459006082417677,0.116536542950415,0.0894737598253935,0.0181819619611922,0.0506118335469645,0.102592334016772
"187",0.323286482923949,0.0684938219717832,0.0601559155660721,0.0542635658914729,0.166072463768116,0.361142814159393,0.206551173971961,0.0882740428696912,0.104279686411747,0.177866799013123,0.132406464015094,0.0914061588526025,0.144005515532774,0.162685015666581,0.106022193583228
"188",0.318150495546201,2.22044604925031e-16,0.000473381864903695,0.0542635658914729,0.302412324929972,0.361142814159393,0.0710724675498178,0.0888857838963102,0.129113073605923,0.150115859758573,0.10233400016191,0.0785362468026423,0.237651005937607,0.259084486536768,0.0622774469716232
"189",0.241872942735304,0.00231867114867985,0.00724251874390641,0.0542635658914729,0.0683668261562999,0.361142814159393,0.0364618564638682,0.0882740428696912,0.0170667784913471,0.0459006082417677,0.0293051430150131,0.0708737177301591,0.0256244500001704,0.0149601041008501,0.0257948994099925
"190",0.240722275271353,0.00968633959358053,0.0301913361436451,0.230769230769231,0.0993174603174603,0.361142814159393,0.0590372728058362,0.107019648520553,0.0183942387323474,0.0503954577358589,0.0649275759388635,0.0917844636053868,0.0268820883633759,0.0417789514388268,0.0498050775423177
"191",0.730646001129779,0.379450983797239,0.965048707541845,0.895161290322581,0.915911764705882,0.564712136983871,0.936220267948336,0.807652552748656,0.989029355950485,0.799556565387351,0.887045774834616,0.885694871898099,0.946996850847535,0.948579799005243,0.897097248830526
"192",0.432572867257784,0.0256361252655092,0.022048963459991,0.0542635658914729,0.151405797101449,0.361142814159393,0.196136168714671,0.12708027789138,0.371687499663884,0.177866799013123,0.247226059580912,0.277699222309492,0.144005515532774,0.433785214100592,0.276595807835833
"193",0.515936199228965,0.170255248464586,0.797248592247682,0.621212121212121,0.463797619047619,0.564712136983871,0.274073730266574,0.575722605028009,0.479462954166586,0.534634839167296,0.316329336299893,0.63522819335832,0.473604530833487,0.602114313347865,0.310475665440272
"194",0.238656801249892,0.000791128744998115,0.0030151605000841,0.0542635658914729,0.115984848484848,0.361142814159393,0.0290195019289259,0.0882740428696912,0.0199747746565252,0.123447439516224,0.0293051430150131,0.0687977758125006,0.104998869145409,0.00812204316842254,0.0257948994099925
"195",0.321920192076579,0.0127556819896841,0.0471814487248687,0.0542635658914729,0.155628342245989,0.361142814159393,0.0391398460788738,0.0882740428696912,0.00696770571082295,0.0459006082417677,0.0428670150315951,0.0892292666211791,0.0256244500001704,0.00954952011706268,0.0265526952076903
"196",0.692031542047336,0.982158277783098,0.966318717401204,0.895161290322581,0.933641025641026,0.564712136983871,0.991715458910663,0.897667356684463,0.997841161858691,0.963248699521524,0.965304889050033,0.850734746944058,0.986966736262324,0.995778241458271,0.966242492831838
"197",0.643459152900726,0.866937569550863,0.9512767082657,0.895161290322581,0.812571484071484,0.564712136983871,0.952056896982699,0.807652552748656,0.897625434470933,0.700419119917833,0.887045774834616,0.757187821157226,0.872043041127542,0.843007287724515,0.879423696067894
"198",0.317348133018338,0.639279783130234,0.0195820280941975,0.0542635658914729,0.245666666666667,0.361142814159393,0.0619487811334664,0.233208442989676,0.0154381294017031,0.0459006082417677,0.278956414388968,0.161174352893863,0.0181819619611922,0.0505793022663494,0.320568451698873
"199",0.327170918368649,0.00139241129152097,0.0136056612849098,0.0542635658914729,0.153409090909091,0.361142814159393,0.0270110672646499,0.168240182413894,0.00151938315322994,0.0459006082417677,0.0946656229508592,0.0958563060082866,0.0181819619611922,0.00649610338505078,0.110487272490943
"200",0.243604711198319,0.251544886545857,0.00485308089081818,0.0542635658914729,0.54587171892435,0.361142814159393,0.452240836892931,0.0930666549717858,0.679803585812081,0.336546414770082,0.0897863704388225,0.0605305189672189,0.492521201386287,0.642497500461699,0.0845635114709755
"201",0.744569459493345,0.999138404307643,0.983226534541793,0.895161290322581,0.999375,0.564712136983871,0.977438216341558,0.897667356684463,0.998847681274273,0.963248699521524,0.984095235925196,0.921985057449957,0.986966736262324,0.99713555144475,0.978665198755343
"202",0.236807783645012,0.248474091213269,0.04290248154763,0.0542635658914729,0.138285714285714,0.361142814159393,0.0364618564638682,0.0888857838963102,0.0405360368274085,0.0459006082417677,0.0630554101880232,0.0607327742778272,0.0256244500001704,0.0149601041008501,0.060563523593039
"203",0.546119596332175,0.859000137172462,0.912788929504808,0.621212121212121,0.684202380952381,0.564712136983871,0.979266066692434,0.739232010141244,0.924938396032671,0.883023050920031,0.849666242655296,0.761132263238144,0.961519873423083,0.895224218856347,0.819909707775846
"204",0.340270927883908,0.0232208981172296,0.141970087251582,0.0542635658914729,0.151055555555556,0.361142814159393,0.0682925958360391,0.107019648520553,0.0557803855208908,0.0459006082417677,0.0792187114797631,0.151358139020831,0.0181819619611922,0.128549797574775,0.0648304805471662
"205",0.520999094821401,0.94889762201635,0.726396904112027,0.621212121212121,0.671632925897632,0.564712136983871,0.756475843883171,0.589858109227877,0.732925701445091,0.588952981800693,0.578508199871385,0.63522819335832,0.63178921055104,0.784598417617139,0.577396343929185
"206",0.617233685594581,0.874718601185724,0.983123135378034,0.895161290322581,0.649721065166717,0.564712136983871,0.469920713728188,0.736326072700424,0.87855541443146,0.700419119917833,0.463221474619421,0.697185364443553,0.68401910426775,0.839935290572329,0.399277957046097
"207",0.345129096144183,0.0160386944374569,0.00639307098652445,0.0542635658914729,0.162488038277512,0.361142814159393,0.0325111528581751,0.222973296341568,0.0386959798385364,0.0459006082417677,0.070662179244995,0.234179819812388,0.0181819619611922,0.0120434344852219,0.111175318261894
"208",0.239697188929038,0.0772239826388584,0.00584405393027053,0.0542635658914729,0.24002735042735,0.361142814159393,0.448061690619456,0.0930666549717858,0.418204453198499,0.287980736148302,0.0794734269038103,0.0623098382497037,0.267529815753022,0.642497500461699,0.0845635114709755
"209",0.234970489819859,0.00315255608875511,0.00386598828448404,0.0542635658914729,0.010952380952381,0.361142814159393,0.0224376161039387,0.0882740428696912,0.00508526429874116,0.0459006082417677,0.0218585968415001,0.0605305189672189,0.0181819619611922,0.00967774745445982,0.0208041730994619
"210",0.517298512763286,0.057373044850613,0.739168798549492,0.621212121212121,0.335998168498168,0.564712136983871,0.317008928174845,0.575722605028009,0.126376961388982,0.588952981800693,0.369255991138559,0.63522819335832,0.68401910426775,0.476917598501225,0.392168246794596
"211",0.638208097026067,0.937971974088282,0.951558771983129,0.895161290322581,0.867364145658263,0.564712136983871,0.971903513640947,0.860787060133563,0.990755316440557,0.938883371948582,0.877486778949464,0.741247153656381,0.962586234860839,0.97214025866098,0.877886276176379
"212",0.520703084639577,0.16354949723542,0.805872377483627,0.621212121212121,0.494869047619048,0.564712136983871,0.709847367174624,0.739232010141244,0.296126167013426,0.883023050920031,0.408468609295638,0.628809950493401,0.961519873423083,0.31192033391017,0.543622498413938
"213",0.247241713157912,0.255749315730271,0.0357845630779733,0.0542635658914729,0.250686493417144,0.361142814159393,0.152282495789135,0.107745944797658,0.481090963384595,0.0569040813078803,0.214667932575769,0.104001156268216,0.0469000157146788,0.262307833019085,0.221191335004965
"214",0.644305695836202,0.967106957609662,0.966155851604164,0.895161290322581,0.893708333333333,0.564712136983871,0.967030819755778,0.860787060133563,0.980566586811556,0.938883371948582,0.885178938121386,0.746037973873463,0.962586234860839,0.958103293070376,0.877886276176379
"215",0.257141741288077,0.0532845959256213,0.0196246413926043,0.0542635658914729,0.188767676767677,0.361142814159393,0.0338962326756402,0.147624914613043,0.00192911789449793,0.0459006082417677,0.091154441355343,0.0770718736745517,0.0181819619611922,0.0267919168235038,0.163753781140355
"216",0.682162237803412,0.813894696357666,0.988559040705386,0.895161290322581,0.687887955182073,0.564712136983871,0.937888348347275,0.838643544322229,0.988718285293804,0.799556565387351,0.768036973165257,0.868945167750178,0.946996850847535,0.95339633907967,0.796374211436061
"217",0.526946395886527,0.811151608100128,0.892767779333936,0.621212121212121,0.558123752064929,0.564712136983871,0.903081981131904,0.628586354481661,0.813471044833415,0.588952981800693,0.80729713913896,0.732009368557593,0.63178921055104,0.853963804644028,0.828468417956774
"218",0.772329141880921,0.999293355667759,0.961549777878779,0.895161290322581,0.923866133866134,0.564712136983871,0.989354088735997,0.897667356684463,0.988423785858894,0.963248699521524,0.967686315167958,0.941351406524894,0.986966736262324,0.985297036640293,0.972410439493787
"219",0.746112840450985,0.996434175165619,0.980673286226029,0.895161290322581,0.948411764705882,0.564712136983871,0.974911996359344,0.897667356684463,0.994648050890959,0.963248699521524,0.98223682440184,0.924029695081371,0.986966736262324,0.994891651334696,0.979277249526792
"220",0.239195927006621,0.00125054141471135,0.00408599840762225,0.0542635658914729,0.0117878787878788,0.361142814159393,0.0257595095866876,0.0882740428696912,0.00720980444208219,0.0459006082417677,0.0293051430150131,0.0687977758125006,0.0181819619611922,0.00967774745445982,0.0257948994099925
"221",0.259383423525956,0.0687911871521882,0.0347920522794857,0.0542635658914729,0.2053108003108,0.361142814159393,0.0292997190316339,0.140457860418272,0.00462385519152795,0.0459006082417677,0.198721134848609,0.0874317790433141,0.0181819619611922,0.0138713111466571,0.0999804315053712
"222",0.238926259802229,0.0724357672447011,0.0151762065303288,0.0542635658914729,0.204553613053613,0.361142814159393,0.258645504589321,0.0882740428696912,0.143351253398571,0.177866799013123,0.147505298552134,0.0687977758125006,0.144005515532774,0.075828353857112,0.103236921103504
"223",0.633944793201453,0.936734226135325,0.949791951465195,0.895161290322581,0.690861344537815,0.564712136983871,0.813416306248585,0.747457934349754,0.970211781018003,0.700419119917833,0.834189354028908,0.72822326704006,0.833007075472028,0.910255589359348,0.741585107877128
"224",0.393345627613543,0.656237506773774,0.175484022503236,0.0542635658914729,0.235382352941176,0.361142814159393,0.201459513627971,0.222973296341568,0.390607308181154,0.150115859758573,0.398176602932386,0.247818243170463,0.237651005937607,0.367405543644647,0.490990856393227
"225",0.518778996080813,0.195076856147997,0.59588237543526,0.621212121212121,0.450972832722833,0.564712136983871,0.264198960602637,0.577572415861484,0.256206534139069,0.588952981800693,0.574157449468463,0.63522819335832,0.536092053266229,0.503329502626497,0.661902392652789
"226",0.530978019667195,0.975626462172105,0.65701254113601,0.621212121212121,0.472291899277193,0.564712136983871,0.432675106991851,0.589858109227877,0.798463613362212,0.588952981800693,0.697188489253797,0.63522819335832,0.536092053266229,0.881740743276797,0.661902392652789
"227",0.518868123405861,0.688371728802172,0.691912914367207,0.621212121212121,0.433901206636501,0.564712136983871,0.816857699862436,0.589858109227877,0.73432681821729,0.588952981800693,0.596868161704637,0.602968592921563,0.628529678296059,0.595862069289592,0.611031582736975
"228",0.530608821886587,0.835969175968187,0.634101245073592,0.621212121212121,0.486858998844293,0.564712136983871,0.432675106991851,0.589858109227877,0.407756709362894,0.588952981800693,0.668335916418966,0.63522819335832,0.536092053266229,0.60008452765799,0.661902392652789
"229",0.33333411687766,0.00323542512139667,0.0165786570688899,0.0542635658914729,0.0633333333333333,0.361142814159393,0.0206315001338594,0.0882740428696912,0.000878921981933168,0.0459006082417677,0.0269430191644011,0.102149046479923,0.0256244500001704,0.00377363539319327,0.0273321287438668
"230",0.242032342386882,0.127061553685839,0.0186893989246399,0.0542635658914729,0.369367965367965,0.361142814159393,0.171622049316585,0.0930666549717858,0.00760338348164157,0.0459006082417677,0.09350286713257,0.0689203774339343,0.0256244500001704,0.0316641674279619,0.0743677636125304
"231",0.718200981502915,0.565726622882523,0.924808201170811,0.895161290322581,0.669619047619048,0.564712136983871,0.804496772139415,0.807652552748656,0.703008980977036,0.799556565387351,0.512551492428899,0.887951305109567,0.768866676016708,0.473463122570747,0.545455365080991
"232",0.660352303987588,0.931201889112774,0.964159176185147,0.895161290322581,0.941176470588235,0.564712136983871,0.981461320593095,0.897667356684463,0.982364028139348,0.938883371948582,0.979960785677314,0.785212279882196,0.966538703287263,0.984364453577835,0.962960668044488
"233",0.327139283446979,0.000109762813970115,0.00294515431123715,0.0542635658914729,0.0475724637681159,0.361142814159393,0.00743403489839835,0.0882740428696912,0.00129032908525402,0.0459006082417677,0.0252772884835741,0.0902176739881896,0.0181819619611922,0.00376117291056405,0.0312973742429729
"234",0.253949336379484,0.0724408642826886,0.0257188128088727,0.0542635658914729,0.302777777777778,0.361142814159393,0.110252864947833,0.140457860418272,0.0275907604001074,0.177866799013123,0.228073178295363,0.0770718736745517,0.144005515532774,0.0554783477210807,0.163753781140355
"235",0.693064170424225,0.980605419843415,0.979958596653901,0.895161290322581,0.864880952380952,0.564712136983871,0.963559009242922,0.897667356684463,0.988325756449125,0.963248699521524,0.956207925924449,0.880845993692763,0.986966736262324,0.964253941084904,0.959449504093753
"236",0.235055773427189,0.00663770761738718,0.0033082486482626,0.230769230769231,0.114316239316239,0.361142814159393,0.258645504589321,0.0882740428696912,0.103587860613291,0.192674829933399,0.0794734269038103,0.0605305189672189,0.200610772814659,0.075828353857112,0.0845635114709755
"237",0.753243131336986,0.930202951878177,0.982060475398773,0.621212121212121,0.827943895973308,0.564712136983871,0.971199794959087,0.809975270799,0.938547812358583,0.903980072780189,0.952726779951302,0.955898988963564,0.962586234860839,0.97760250242035,0.932484523569779
"238",0.535125683702393,0.253222616282076,0.710776461532098,0.621212121212121,0.445164027149321,0.564712136983871,0.507636461944266,0.589858109227877,0.560228722212997,0.588952981800693,0.468696296426501,0.602968592921563,0.628529678296059,0.472777355233213,0.611031582736975
"239",0.717043609965086,0.992250665842963,0.97905654215005,0.895161290322581,0.957156177156177,0.564712136983871,0.970815278395894,0.897667356684463,0.976716241065267,0.963248699521524,0.963635374717967,0.878347682338481,0.986966736262324,0.986743552724886,0.967198980514828
"240",0.238656801249892,0.514925639722287,0.79410236014708,0.230769230769231,0.448946181596182,0.361142814159393,0.425725583496142,0.0882740428696912,0.489024734756061,0.308515964010741,0.360897613118158,0.0687977758125006,0.352684327590106,0.408745217674053,0.103236921103504
"241",0.736075599096307,0.999007312861378,0.961237888292942,0.895161290322581,0.892029914529914,0.564712136983871,0.982557467021346,0.897667356684463,0.986964088476856,0.963248699521524,0.965304889050033,0.876128175257533,0.986966736262324,0.979469362305831,0.967198980514828
"242",0.83594258419553,0.985233485425032,0.961967184918546,0.895161290322581,0.968578431372549,0.564712136983871,0.97349921763163,0.897667356684463,0.998104821714112,0.963248699521524,0.976585219419698,0.97933597210645,0.986966736262324,0.994703972224707,0.975329971844871
"243",0.516558155577395,0.725013735250658,0.835521730387511,0.621212121212121,0.266448412698413,0.564712136983871,0.285536041905324,0.575722605028009,0.261105919395503,0.534634839167296,0.639415105164452,0.63522819335832,0.324456852498386,0.444572217797693,0.661902392652789
"244",0.653590113388371,0.635655352092524,0.744026672556962,0.895161290322581,0.842619047619048,0.564712136983871,0.976913378831399,0.897667356684463,0.98840831247521,0.938883371948582,0.927857916153396,0.760137177204695,0.966538703287263,0.934783112073687,0.937901578753586
"245",0.702086691434043,0.954221940436426,0.956067188959157,0.895161290322581,0.9098720821662,0.564712136983871,0.987751932511081,0.897667356684463,0.992934491931021,0.963248699521524,0.971168593865677,0.861921124001437,0.986966736262324,0.988216986656931,0.952326067001883
"246",0.676295325751179,0.982409573232952,0.93872412020592,0.895161290322581,0.961593406593407,0.564712136983871,0.968811215228872,0.897667356684463,0.996604989019238,0.938883371948582,0.956492281915029,0.820139467009691,0.966538703287263,0.968663351400392,0.964248151740531
"247",0.435073855369393,1,0.999999999945451,0.230769230769231,0.472214285714286,0.361142814159393,0.0798257959183008,0.222973296341568,0.262318626979566,0.163071793353624,0.820540672924304,0.445045294965099,0.217673467938411,0.0842759555351942,0.0912120659829749
"248",0.234523102690425,0.0270178247954328,0.0101448650207363,0.0542635658914729,0.0526666666666667,0.361142814159393,0.0284455126328584,0.0882740428696912,0.00407753743925366,0.0459006082417677,0.0345473368499144,0.0605305189672189,0.0181819619611922,0.00476640186874742,0.0295439031838959
"249",0.528747212388662,0.896309106887066,0.814066922054069,0.621212121212121,0.806634032634033,0.564712136983871,0.913608212332037,0.740690024349089,0.890017124019936,0.903980072780189,0.952726779951302,0.66015330565245,0.962586234860839,0.951401552715919,0.932484523569779
"250",0.238930839200279,0.0269104258221156,0.00508088220457925,0.0542635658914729,0.0758646616541353,0.361142814159393,0.082318152852781,0.0882740428696912,0.0238347561872337,0.0569040813078803,0.0412830952755235,0.0688853277700853,0.0469000157146788,0.0257418292198235,0.0365529445240816
"251",0.625635014380252,0.911858698867501,0.900397813559427,0.895161290322581,0.786879120879121,0.564712136983871,0.915677229459827,0.785572561085146,0.949353390878181,0.924426524876689,0.574157449468463,0.710507595821896,0.892666080152635,0.907478190612609,0.668523828446452
"252",0.654204269853275,0.359513731587808,0.951444181921177,0.895161290322581,0.695,0.564712136983871,0.921472117627475,0.806472672719856,0.875576130337084,0.799556565387351,0.727776306443266,0.783981173379138,0.946996850847535,0.788924088610876,0.633447817906623
"253",0.652035089812181,0.696498122013013,0.973130241412745,0.895161290322581,0.76842153271565,0.564712136983871,0.661161627630597,0.833203197031732,0.462482193445042,0.700419119917833,0.674969297655989,0.748999834962892,0.68401910426775,0.806946985076901,0.81043744941279
"254",0.852404063203676,0.999937544576351,0.996550379376933,0.895161290322581,0.891555555555556,0.564712136983871,0.987010851156594,0.897667356684463,0.969581367036451,0.963248699521524,0.952588468450905,0.989687150843659,0.986966736262324,0.9665970656876,0.953657952221856
"255",0.330748524634348,0.206035616116689,0.160726780695673,0.0542635658914729,0.20108229352347,0.361142814159393,0.0532645861272669,0.107745944797658,0.15896376008488,0.0459006082417677,0.138149747263429,0.132885315814596,0.0181819619611922,0.0789114431481093,0.226355681314431
"256",0.66816940594696,0.925985061291388,0.940141532279202,0.895161290322581,0.95,0.564712136983871,0.987434619465243,0.897667356684463,0.987269213346677,0.938883371948582,0.976585219419698,0.80028660959373,0.966538703287263,0.991318348062496,0.97385797958574
"257",0.238926259802229,0.0500474041107761,0.00808566307513732,0.0542635658914729,0.189703535353535,0.361142814159393,0.16928646511808,0.0882740428696912,0.133676168965778,0.150115859758573,0.104451611736803,0.0687977758125006,0.237651005937607,0.0742764237504776,0.103236921103504
"258",0.238926259802229,0.0143938786675026,0.0153202333276594,0.0542635658914729,0.1886829004329,0.361142814159393,0.0364618564638682,0.0882740428696912,0.0451762316545131,0.0459006082417677,0.0428670150315951,0.0687977758125006,0.0256244500001704,0.0149601041008501,0.0257948994099925
"259",0.236269004952473,0.00206395830684928,0.00268852132306647,0.0542635658914729,0.019,0.361142814159393,0.0413338781259715,0.0882740428696912,0.0138384310885206,0.123447439516224,0.0218585968415001,0.0618961613796211,0.104998869145409,0.0121942227097174,0.0208041730994619
"260",0.256129662969393,0.0875221196371099,0.0241674162596867,0.0542635658914729,0.198029581529582,0.361142814159393,0.0765776944938406,0.112704195255882,0.141840820973744,0.0459006082417677,0.13786848233445,0.0917844636053868,0.0181819619611922,0.267699506082053,0.137221739327043
"261",0.53798587885271,0.41672513407559,0.490063926661295,0.621212121212121,0.404386249371543,0.564712136983871,0.611814407212505,0.589858109227877,0.541051976688915,0.588952981800693,0.549048874167278,0.63522819335832,0.63178921055104,0.47915794431472,0.577396343929185
"262",0.238656801249892,0.00387187921709317,0.00948177060457887,0.0542635658914729,0.0439090909090909,0.361142814159393,0.0132114426891166,0.0882740428696912,0.000633617628297104,0.0459006082417677,0.0293051430150131,0.0687977758125006,0.0181819619611922,0.00227178494399127,0.0257948994099925
"263",0.243353271895442,0.0227349739915963,0.0125629206576407,0.0542635658914729,0.243628138528139,0.361142814159393,0.171622049316585,0.0930666549717858,0.00628481278158206,0.0459006082417677,0.0735508242991475,0.0687977758125006,0.0256244500001704,0.0354031860074469,0.0743677636125304
"264",0.238840010361557,0.0137827948460626,0.00937771044469056,0.0542635658914729,0.0683971291866029,0.361142814159393,0.0413338781259715,0.0882740428696912,0.00469797428809721,0.0459006082417677,0.0293051430150131,0.0687977758125006,0.0256244500001704,0.00926800554944723,0.0257948994099925
"265",0.237748922095024,0.0041399877506649,0.00815842550081405,0.0542635658914729,0.0216,0.361142814159393,0.0191945737127622,0.107019648520553,0.00101186575583744,0.0459006082417677,0.0218585968415001,0.0633715591026712,0.0256244500001704,0.0033403919264701,0.0208041730994619
"266",0.247720084814124,0.0670006575203702,0.00968939317265087,0.0542635658914729,0.155360683760684,0.361142814159393,0.349227576400211,0.168240182413894,0.165233061156352,0.287980736148302,0.146650329551304,0.0727668833114799,0.267529815753022,0.265257887728007,0.233449654326313
"267",0.514425840814814,0.878676307545108,0.774601204525453,0.621212121212121,0.520712406015038,0.564712136983871,0.696620726106177,0.589858109227877,0.563107557439698,0.588952981800693,0.468696296426501,0.602968592921563,0.628529678296059,0.489062536276559,0.611031582736975
"268",0.244439447506543,0.00932294615994295,0.00942647616721271,0.0542635658914729,0.0751547049441786,0.361142814159393,0.0364618564638682,0.107019648520553,0.0301068613009984,0.0459006082417677,0.0650093631587566,0.0730628693562013,0.0256244500001704,0.0149601041008501,0.0743677636125304
"269",0.509981277734435,0.0614002344204388,0.380272088492099,0.621212121212121,0.24227380952381,0.564712136983871,0.209200294437596,0.575722605028009,0.465902894999266,0.534634839167296,0.255117310723262,0.602968592921563,0.324456852498386,0.225671820579065,0.265411420348451
"270",0.255089651003229,0.0499366636025429,0.0019598390384655,0.0542635658914729,0.156878787878788,0.361142814159393,0.0819881722846115,0.169303184320586,0.0636146607569685,0.0569040813078803,0.256974611984249,0.0780598277369686,0.0469000157146788,0.0218095580940821,0.320568451698873
"271",0.234437953116864,0.00313068134828311,0.0118591446980747,0.0542635658914729,0.0316,0.361142814159393,0.0286513086152499,0.0882740428696912,0.00234266871455764,0.0459006082417677,0.0415238378447216,0.0605305189672189,0.0181819619611922,0.00383808735673725,0.0208041730994619
"272",0.894105129669487,0.999999998105344,0.999787653157586,0.895161290322581,0.929,0.564712136983871,0.97476447123901,0.897667356684463,0.988881388893122,0.963248699521524,0.982458760010496,0.998049306752931,0.986966736262324,0.991009505156807,0.984065038392965
"273",0.239837392535879,0.00811178714147784,0.0129286609426515,0.0542635658914729,0.0438424242424242,0.361142814159393,0.039876727385301,0.0930666549717858,0.00424145619691041,0.0459006082417677,0.0810448164458424,0.0605615941015308,0.0181819619611922,0.0403296579680983,0.060563523593039
"274",0.745439789164058,0.985273950682452,0.984498426899988,0.895161290322581,0.78940146809712,0.564712136983871,0.911843673326148,0.807652552748656,0.990148189832979,0.799556565387351,0.894231715897029,0.913005238815464,0.923272479055257,0.948579799005243,0.8658967782856
"275",0.510376695034333,0.221057466543911,0.610679381247224,0.621212121212121,0.240654761904762,0.564712136983871,0.111168532523028,0.575722605028009,0.0292992863899764,0.534634839167296,0.255117310723262,0.603033985582243,0.369493296215556,0.122142356035751,0.265411420348451
"276",0.660609794602271,0.954369609555716,0.971136224485013,0.895161290322581,0.829035353535354,0.564712136983871,0.857780309321397,0.807652552748656,0.954540525994909,0.700419119917833,0.920949868628249,0.757187821157226,0.872043041127542,0.857982397091102,0.879423696067894
"277",0.523218364399554,0.961965782809793,0.923434741401036,0.621212121212121,0.607566187080893,0.564712136983871,0.811824479950076,0.589858109227877,0.958616538373534,0.588952981800693,0.867976815492824,0.63522819335832,0.858562057020736,0.941192271347654,0.730026738771416
"278",0.240818308852775,0.00552583192344029,0.00574270356214397,0.230769230769231,0.176872598162072,0.361142814159393,0.0200002960448574,0.0888857838963102,0.0220470376707853,0.0503954577358589,0.0895683569210061,0.0687977758125006,0.0268820883633759,0.0144781046963663,0.103236921103504
"279",0.529951304079898,0.910600903359485,0.881723506940563,0.621212121212121,0.6145,0.564712136983871,0.965967460702888,0.750282794969337,0.870268702431448,0.903980072780189,0.914799083234354,0.653998327462211,0.962586234860839,0.982717847765317,0.906005270546019
"280",0.766481104459712,0.999419955717724,0.99246922178465,0.895161290322581,0.927040913335031,0.564712136983871,0.980297519537931,0.897667356684463,0.992934491931021,0.963248699521524,0.957841969574179,0.942378465165317,0.986966736262324,0.988216986656931,0.956216220782193
"281",0.264429501822331,0.0154016413451505,0.0275511826443252,0.0542635658914729,0.195529581529582,0.361142814159393,0.043479340377214,0.176533712934845,0.019266759175562,0.0459006082417677,0.0734473226046054,0.0798566011267417,0.0181819619611922,0.0267919168235038,0.120230583846111
"282",0.245181278973858,0.0212837275019874,0.0152922417011446,0.0542635658914729,0.236297562087036,0.361142814159393,0.0570980565043987,0.0930666549717858,0.0301821757051462,0.0459006082417677,0.158352378443926,0.0687977758125006,0.0181819619611922,0.0403034550980103,0.137194415243532
"283",0.631988637773571,0.885326322514228,0.963997219754312,0.895161290322581,0.760903011204482,0.564712136983871,0.673909482999981,0.747457934349754,0.802135672735115,0.700419119917833,0.612530339261452,0.72822326704006,0.764656330894369,0.603032874576602,0.59183574733115
"284",0.238656801249892,0.00656851542794279,0.00633543301474215,0.230769230769231,0.0463333333333333,0.361142814159393,0.0589494556285322,0.0882740428696912,0.0211399229024864,0.0624059747874627,0.0290779213345032,0.0687977758125006,0.0683846988199855,0.0194901453836243,0.0257948994099925
"285",0.25405815499447,0.0927866246079198,0.0248354279776592,0.0542635658914729,0.175,0.361142814159393,0.0693453586008793,0.140457860418272,0.0366958003898176,0.123447439516224,0.0710441290561564,0.0770913064863134,0.104998869145409,0.0641503877383855,0.0430973951406276
"286",0.617542132357911,0.889001558295098,0.988705508760585,0.895161290322581,0.545255173215531,0.564712136983871,0.550068241474466,0.747457934349754,0.593211511739818,0.700419119917833,0.476902562765564,0.667537360021514,0.423390015159069,0.529661717174068,0.530385972485397
"287",0.238654094045801,0.0151965665428256,0.00723622503404758,0.0542635658914729,0.0166,0.361142814159393,0.0517660122315861,0.107019648520553,0.0190132021491039,0.0459006082417677,0.0221339259606472,0.0637781134601298,0.0256244500001704,0.0179203243647915,0.0208041730994619
"288",0.75617456384576,0.97604818659413,0.968579392292692,0.895161290322581,0.918666666666667,0.564712136983871,0.955704772955323,0.838643544322229,0.996150006633346,0.954274661456238,0.887045774834616,0.928439304934532,0.960751945923369,0.988723779311643,0.905044678373023
"289",0.234541039421964,0.025225072218852,0.0454670740497359,0.0542635658914729,0.11,0.361142814159393,0.0200364102625848,0.0882740428696912,0.000997973539388304,0.0459006082417677,0.0283917465476465,0.0605460546692064,0.0181819619611922,0.00637271653241248,0.0208041730994619
"290",0.257281455068497,0.0040941189603996,0.00445982320761123,0.0542635658914729,0.0846590909090909,0.361142814159393,0.0255108352549897,0.168240182413894,0.00191444669396005,0.0459006082417677,0.102340608250078,0.0884957138756865,0.0181819619611922,0.00615066879414194,0.107598817711162
"291",0.260066372450991,0.793696312008582,0.0297986874883047,0.0542635658914729,0.252922438672439,0.361142814159393,0.284956040417023,0.112704195255882,0.660214204196376,0.150115859758573,0.200686785563846,0.107724139322021,0.157200494999809,0.396672049903111,0.221191335004965
"292",0.517387659204278,0.576377469909439,0.690703230389177,0.621212121212121,0.447484848484848,0.564712136983871,0.873470087729716,0.589858109227877,0.678014538082638,0.588952981800693,0.468696296426501,0.602968592921563,0.628529678296059,0.639888718379605,0.611031582736975
"293",0.257372112248552,0.0744254062745909,0.00671617514839725,0.0542635658914729,0.047488038277512,0.361142814159393,0.0462366499601086,0.168240182413894,0.051348276236003,0.0459006082417677,0.070662179244995,0.0884957138756865,0.0181819619611922,0.0120434344852219,0.111175318261894
"294",0.558202228005402,0.289835538030244,0.891388145290164,0.621212121212121,0.81181512605042,0.564712136983871,0.957698331290979,0.750282794969337,0.939989402876548,0.903980072780189,0.885178938121386,0.67464360976597,0.962586234860839,0.983976893963359,0.874662899289739
"295",0.747309032112646,0.993714013290965,0.988088422876732,0.895161290322581,0.892232142857143,0.564712136983871,0.956504386575398,0.897667356684463,0.98523981417632,0.938883371948582,0.948731901511382,0.913048710276008,0.962586234860839,0.98910421749848,0.936133372397322
"296",0.234437953116864,0.00711310900434135,0.00396992532114294,0.0542635658914729,0.215,0.361142814159393,0.225121102515502,0.0882740428696912,0.353814549577471,0.287980736148302,0.0709013716221571,0.0605305189672189,0.267529815753022,0.253636118063758,0.0845635114709755
"297",0.808076715000032,0.992690567189003,0.98631938996216,0.895161290322581,0.948697478991597,0.564712136983871,0.987751932511081,0.897667356684463,0.997541556776456,0.963248699521524,0.945579233715744,0.970201996421587,0.986966736262324,0.988619346785252,0.958639387640425
"298",0.246405455116819,0.0181177183114003,0.0594548659666836,0.0542635658914729,0.129040028770679,0.361142814159393,0.0473845419595228,0.107019648520553,0.046872272900246,0.0459006082417677,0.0857599755304682,0.105126503908403,0.0181819619611922,0.0391371621762882,0.0613171993806813
"299",0.51581772569664,0.814371024813635,0.817387476968723,0.621212121212121,0.356880952380952,0.564712136983871,0.602723255195521,0.575722605028009,0.615637232661955,0.534634839167296,0.772275454753124,0.63522819335832,0.716143897615292,0.680305212349213,0.730026738771416
"300",0.23478933334855,0.0120488166265626,0.0061351005508231,0.230769230769231,0.108202380952381,0.361142814159393,0.0589494556285322,0.0882740428696912,0.0488222889051374,0.0624059747874627,0.0248973120466012,0.0605305189672189,0.0683846988199855,0.0194901453836243,0.0208041730994619
"301",0.803984898402884,0.99675807733521,0.979409060531613,0.895161290322581,0.901666666666667,0.564712136983871,0.971700169221475,0.897667356684463,0.975753392896889,0.938883371948582,0.931436951508186,0.966280820068866,0.962586234860839,0.991318348062496,0.934332506599108
"302",0.238656801249892,0.0248080360103064,0.025713588495005,0.0542635658914729,0.124933997873472,0.361142814159393,0.0358706631187541,0.0882740428696912,0.00722415805966284,0.0459006082417677,0.0999386859689507,0.0687977758125006,0.0181819619611922,0.00728554678789652,0.0352817481648025
"303",0.328077008567509,0.0162711545928802,0.0476456178419197,0.0542635658914729,0.118464646464646,0.361142814159393,0.0435386210977914,0.0930666549717858,0.0102486008597002,0.0459006082417677,0.0808767109613016,0.0892070698742282,0.0181819619611922,0.0258821237259167,0.0764405544625631
"304",0.255254715866984,0.0558388595405111,0.0256153160876351,0.0542635658914729,0.217222222222222,0.361142814159393,0.0371050898784461,0.140457860418272,0.00254883574620736,0.0459006082417677,0.0734473226046054,0.0770718736745517,0.0256244500001704,0.0119918535573502,0.120230583846111
"305",0.641640199203199,0.992038253763444,0.974350288192596,0.895161290322581,0.731114173408291,0.564712136983871,0.917813485906624,0.747457934349754,0.958583136441331,0.700419119917833,0.638079828225139,0.728601541414246,0.63178921055104,0.629501402579937,0.675079244390346
"306",0.319845189364421,0.0598785027547286,0.00543168462914772,0.0542635658914729,0.139380952380952,0.361142814159393,0.103708240790322,0.222973296341568,0.110417891147992,0.150115859758573,0.154832425772936,0.180545869022711,0.157200494999809,0.0857653931367977,0.119128646517977
"307",0.668175259096682,0.987625035491914,0.970334173077123,0.895161290322581,0.939375,0.564712136983871,0.971294011010076,0.897667356684463,0.982754323721043,0.963248699521524,0.973178794116744,0.807916322391379,0.986966736262324,0.996131906662604,0.974604360770533
"308",0.733462597759183,0.983109761314704,0.981755534092167,0.895161290322581,0.955516025641026,0.564712136983871,0.984596693955186,0.838643544322229,0.995257447099572,0.963248699521524,0.859960653011662,0.906032167730615,0.986966736262324,0.99713555144475,0.866705441181132
"309",0.239840573219645,0.00167892901265373,0.00987430355398032,0.0542635658914729,0.0609383838383838,0.361142814159393,0.0286513086152499,0.0882740428696912,0.000638975211706605,0.0459006082417677,0.0293051430150131,0.0688152779555725,0.0181819619611922,0.00323153969873817,0.0257948994099925
"310",0.556745874386612,0.363338095492122,0.958863222437683,0.621212121212121,0.630612439847734,0.564712136983871,0.87748838747406,0.640312346088501,0.88504334988987,0.588952981800693,0.888241418981803,0.732009368557593,0.724842615367976,0.908278379654935,0.869640749060125
"311",0.521828032202941,0.108158622557838,0.612932787831308,0.621212121212121,0.182467948717949,0.564712136983871,0.191065992033007,0.589858109227877,0.453392207074327,0.588952981800693,0.440961854607188,0.602968592921563,0.376324231720034,0.398409581172439,0.522974113293517
"312",0.522966891600256,0.868878643767248,0.787078285198709,0.621212121212121,0.548897938662645,0.564712136983871,0.66998428883636,0.589858109227877,0.708463954206289,0.588952981800693,0.643649135351143,0.63522819335832,0.798136327720336,0.463721681837508,0.577396343929185
"313",0.64010166289432,0.0762318918734743,0.750788427816764,0.895161290322581,0.651373329568982,0.564712136983871,0.534941240219666,0.837615544968579,0.703754070561112,0.924426524876689,0.512551492428899,0.738968741758116,0.7998316042047,0.436939200133537,0.493549444501788
"314",0.240836575571604,0.0567547633972111,0.0177134710092196,0.0542635658914729,0.117199134199134,0.361142814159393,0.0413338781259715,0.0888857838963102,0.0128602631326235,0.123447439516224,0.128621608428736,0.0688152779555725,0.104998869145409,0.0103095578488867,0.103236921103504
"315",0.510099823022844,0.555226006347755,0.786690394344961,0.621212121212121,0.439507575757576,0.564712136983871,0.353460597376767,0.575722605028009,0.388067453397701,0.534634839167296,0.281258771440875,0.602968592921563,0.416274977301343,0.224210436261565,0.265411420348451
"316",0.240854843236429,0.0107087098378749,0.0117617665100565,0.0542635658914729,0.0421515151515151,0.361142814159393,0.0155363404479359,0.0888857838963102,0.00151394220856674,0.0459006082417677,0.0808597382313154,0.0688327842220629,0.0181819619611922,0.00433062733737193,0.103236921103504
"317",0.338397559079582,0.271031136663408,0.133964785991113,0.0542635658914729,0.218291443850267,0.361142814159393,0.172517274455883,0.168240182413894,0.309322780776371,0.123447439516224,0.398176602932386,0.14745868667303,0.104998869145409,0.244098715467978,0.490990856393227
"318",0.239552207112527,0.00149222772971387,0.00203830275464996,0.0542635658914729,0.0489015151515151,0.361142814159393,0.0284455126328584,0.0882740428696912,0.00730361795032169,0.0459006082417677,0.067571482230948,0.0687977758125006,0.0181819619611922,0.00906548998220626,0.0497941555704255
"319",0.239195927006621,0.00536213779551162,0.0141074510609365,0.0542635658914729,0.170974098124098,0.361142814159393,0.0358706631187541,0.0882740428696912,0.0012997447874076,0.0459006082417677,0.0293051430150131,0.0687977758125006,0.0181819619611922,0.00324065903878933,0.0257948994099925
"320",0.239552207112527,0.00200501139315105,0.00509287689342568,0.0542635658914729,0.0609090909090909,0.361142814159393,0.0222603302790679,0.0882740428696912,0.000788843992458729,0.0459006082417677,0.0412830952755235,0.0687977758125006,0.0181819619611922,0.00288823424516148,0.0365529445240816
"321",0.240276681252554,0.00808370218122398,0.0155007005691276,0.0542635658914729,0.0536117566643882,0.361142814159393,0.0286513086152499,0.0882740428696912,0.00597295185709943,0.0459006082417677,0.0668220537513087,0.0687977758125006,0.0181819619611922,0.00433062733737193,0.0817643565630955
"322",0.526175949881185,0.0564321860348234,0.654395998754446,0.621212121212121,0.382328646843353,0.564712136983871,0.370541167799864,0.589858109227877,0.566243019906189,0.588952981800693,0.513879825273772,0.63522819335832,0.536092053266229,0.434983561725836,0.577396343929185
"323",0.632183313299105,0.986158424960191,0.913374804517931,0.895161290322581,0.811337995337995,0.564712136983871,0.922427845009904,0.860787060133563,0.96580957564542,0.938883371948582,0.906501821421844,0.725221519273109,0.962586234860839,0.890094627427962,0.911513271721104
"324",0.238840010361557,0.0133790055865881,0.0105038142602848,0.230769230769231,0.171073517126149,0.361142814159393,0.0699454419773259,0.0882740428696912,0.0480789840766325,0.134465881993029,0.0661232495062657,0.0687977758125006,0.148939319054204,0.0426789041250684,0.0845635114709755
"325",0.667002942555418,0.599864497471322,0.957535561585112,0.895161290322581,0.797714285714286,0.564712136983871,0.875035141772527,0.807652552748656,0.869380177665956,0.799556565387351,0.863804391137594,0.808776789352588,0.92087047832591,0.923090409604641,0.796374211436061
"326",0.2608627801315,0.219850405142593,0.047399298622519,0.0542635658914729,0.270845598845599,0.361142814159393,0.111676984011064,0.147624914613043,0.00856458445289235,0.0459006082417677,0.0967305494409457,0.0873881989219262,0.0256244500001704,0.0179487761971028,0.145527973025752
"327",0.318336081479425,0.00158297257971704,0.00684084955347121,0.0542635658914729,0.106666666666667,0.361142814159393,0.0214962177387189,0.0882740428696912,0.00430010674380738,0.0459006082417677,0.0218585968415001,0.0800920894713212,0.0181819619611922,0.0122448325062109,0.0214185761071108
"328",0.74322270243753,0.958253189916906,0.974647550818514,0.895161290322581,0.974119047619048,0.564712136983871,0.972638581697717,0.897667356684463,0.997657303327555,0.963248699521524,0.979433629193074,0.918972826078118,0.986966736262324,0.995778241458271,0.979277249526792
"329",0.247741006343105,0.0939103204314839,0.0206038286253847,0.0542635658914729,0.203862626262626,0.361142814159393,0.0728574122528201,0.176533712934845,0.00556600579251566,0.0459006082417677,0.411961039440714,0.0745378915828542,0.0181819619611922,0.0506118335469645,0.36175796207168
"330",0.234437953116864,0.0930144644009137,0.00552220956162324,0.0542635658914729,0.158611111111111,0.361142814159393,0.295339544598487,0.0882740428696912,0.35840130449594,0.287980736148302,0.0709013716221571,0.0605305189672189,0.267529815753022,0.253636118063758,0.0845635114709755
"331",0.64931283510894,0.842002900372039,0.963606078448317,0.895161290322581,0.633273504273504,0.564712136983871,0.515315288239052,0.833203197031732,0.482265227191611,0.700419119917833,0.548510483777665,0.722404971708811,0.423390015159069,0.498604611668166,0.705376378591471
"332",0.239379419860027,0.00566301037097882,0.00591344568059188,0.230769230769231,0.126905287694761,0.361142814159393,0.0413338781259715,0.0882740428696912,0.0495351087511617,0.192674829933399,0.103703979258776,0.0687977758125006,0.200610772814659,0.0433099004824566,0.103236921103504
"333",0.234618921599238,0.00433303799295839,0.00146599453463673,0.0542635658914729,0.0992121212121212,0.361142814159393,0.0461210491956855,0.0882740428696912,0.0164256599501704,0.0569040813078803,0.0274975027363336,0.0605305189672189,0.0469000157146788,0.015427831238151,0.0295439031838959
"334",0.262526426706788,0.0979572018316815,0.0139898653689833,0.0542635658914729,0.1976,0.361142814159393,0.0394275151273287,0.176533712934845,0.0448179968165448,0.0459006082417677,0.25942598372679,0.0822893406424748,0.0181819619611922,0.0304363135295357,0.320568451698873
"335",0.239195927006621,0.00351494223483609,0.0104185654049506,0.230769230769231,0.136789393939394,0.361142814159393,0.0222603302790679,0.0882740428696912,0.00382370533765626,0.0503954577358589,0.067068057027523,0.0687977758125006,0.0268820883633759,0.00615480998830576,0.0497941555704255
"336",0.516187949521153,0.57508633679553,0.833466993462843,0.621212121212121,0.505012237762238,0.564712136983871,0.340586916964509,0.575722605028009,0.533939519130283,0.534634839167296,0.464808159551141,0.63522819335832,0.525333820309837,0.466887004780328,0.392168246794596
"337",0.239565677643748,0.00577010763510447,0.00358320420620624,0.0542635658914729,0.042488038277512,0.361142814159393,0.0284455126328584,0.0882740428696912,0.00238618253668384,0.0459006082417677,0.067571482230948,0.0696779499281412,0.0181819619611922,0.0107251944484593,0.0497941555704255
"338",0.520510741192999,0.777149388415964,0.78794210822841,0.621212121212121,0.733065268065268,0.564712136983871,0.871495730591707,0.589858109227877,0.807197117632725,0.588952981800693,0.647465443545234,0.63522819335832,0.833007075472028,0.881921759542004,0.661902392652789
"339",0.257655550442368,0.0458839699289328,0.00841317515359028,0.0542635658914729,0.022488038277512,0.361142814159393,0.0675945300124161,0.168240182413894,0.0539996960912403,0.0459006082417677,0.070662179244995,0.0884957138756865,0.0181819619611922,0.01621092388251,0.111175318261894
"340",0.517298512763286,0.589764850782284,0.769289485074219,0.621212121212121,0.308472222222222,0.564712136983871,0.478445077026736,0.575722605028009,0.600757545522511,0.588952981800693,0.314597900288318,0.63522819335832,0.63178921055104,0.442393225136276,0.310475665440272
"341",0.237645729114347,0.041405019358874,0.00644264048317053,0.0542635658914729,0.15482533022533,0.361142814159393,0.163335949304033,0.0930666549717858,0.0752302543395025,0.177866799013123,0.0794734269038103,0.0605305189672189,0.144005515532774,0.150826828110565,0.0845635114709755
"342",0.535036869254688,0.995501057789809,0.963526730603885,0.621212121212121,0.771044396779691,0.564712136983871,0.890498045090257,0.589858109227877,0.960806979431168,0.588952981800693,0.769838568987482,0.63522819335832,0.858562057020736,0.889541775367054,0.730026738771416
"343",0.239726564555096,0.0568734233388489,0.018688382456791,0.0542635658914729,0.259587956487956,0.361142814159393,0.0413338781259715,0.0882740428696912,0.0224074905953322,0.177866799013123,0.181183131147022,0.0695717815191439,0.144005515532774,0.0757042273399123,0.137194415243532
"344",0.624818841163641,0.742001122364348,0.986905859905444,0.895161290322581,0.670973229668882,0.564712136983871,0.687974454029425,0.747457934349754,0.934790578191878,0.700419119917833,0.665268863260064,0.697819353716904,0.68401910426775,0.854816145391505,0.668523828446452
"345",0.32071070906274,0.194969290288208,0.0313850660556503,0.230769230769231,0.291936507936508,0.361142814159393,0.416775388548546,0.0882740428696912,0.57150139096741,0.358799624789786,0.108136139461753,0.0889853762188491,0.591462243609805,0.580076910039697,0.106022193583228
