"","LRR_predictions_AUC","GAM_predictions","LDA_predictions","CTREE_predictions_AUC","RF_predictions_AUC","XGB_predictions_AUC","LGBM_predictions_AUC","RE_RF_predictions_AUC","RE_boosting_predictions_AUC","RE_bag_predictions","PLTR_predictions_AUC","lambda.min","lambda.min","lambda.min","lambda.min"
"1",0.814180464129101,0.973578483856296,0.967688408464289,0.953488372093023,0.807993506493506,0.908661067485809,0.999142905658368,0.909866559194253,0.94712641788994,0.91691330824577,0.827746343336537,0.95343311138926,0.929367686864422,0.981844545499074,0.949673583220567
"2",0.878107503553101,0.993563520626577,0.996069337983078,0.953488372093023,0.975712074303405,0.99511904316023,0.999375849098351,0.955684130117017,0.978672492331811,0.949998809148279,0.903931705604411,0.986691072778009,0.986071462446318,0.992636665932717,0.992490786789735
"3",0.120946385155598,0.000604779312090304,0.0028359940592476,0.0384615384615385,0.156446798029557,0.127434611320496,0.0526948668321666,0.121113127596978,0.16014333774626,0.100293564811308,0.201453222341741,0.0155724976223642,0.0990807155369778,0.178267949637071,0.172183046310327
"4",0.791509465550322,0.963064157236599,0.988819274443768,0.953488372093023,0.889774496336996,0.974962329491973,0.996602107139825,0.920820858564899,0.89839258961622,0.949114343369801,0.827746343336537,0.949817524512989,0.982741139376087,0.942973916840535,0.962139392396176
"5",0.681166767661001,0.941892781034498,0.968266758995188,0.953488372093023,0.803326388888889,0.851668804883957,0.855903589910261,0.927054303937518,0.789775369594075,0.91791680541323,0.667823735044582,0.840134038515097,0.958628578895857,0.824252525846354,0.650424801842928
"6",0.827838401797312,0.999584167762429,0.986033689465502,0.953488372093023,0.809848437939769,0.982706477865577,0.983849918887825,0.937359171638824,0.977079349301213,0.870796471317407,0.863493310047276,0.993954668982959,0.897655057182104,0.98978037870103,0.963279156185714
"7",0.120838567734876,0.00228323247959194,0.00209482421678624,0.0384615384615385,0.0237333333333333,0.00459164381027222,0.0380703467777198,0.0322055115350237,0.0406410610936806,0.0470500073187978,0.135810372530269,0.0242092905888347,0.0274778886476002,0.00627338582086962,0.0376314182049625
"8",0.275376584742879,0.12383992804861,0.307649437061876,0.537313432835821,0.319197802197802,0.0112635493278503,0.00165966688225533,0.318524699167499,0.276025744460253,0.43687738013098,0.442961421393091,0.196679954793252,0.358313738284182,0.113859152377862,0.16843818330744
"9",0.0966190324693541,0.00123890738423239,0.00279300004519524,0.0384615384615385,0.0254299149126735,0.00783854722976685,0.00424644441635616,0.0322978835918128,0.016349764079725,0.0488355497137807,0.106651854364037,0.00873418098474206,0.0380769443739329,0.00283847146264316,0.0453058973634259
"10",0.157343646937244,0.00651777366660017,0.00343877419149057,0.0384615384615385,0.0630471380471381,0.00269126892089844,0.000898188493818087,0.0360698169668119,0.0165710352669219,0.0470500073187978,0.106651854364037,0.0277618216620655,0.0274778886476002,0.00272498668327431,0.041997819974777
"11",0.66115855802772,0.241156586206242,0.968117790519247,0.953488372093023,0.738214285714286,0.83576911687851,0.963850703081439,0.888522208446517,0.759040818729454,0.91791680541323,0.667823735044582,0.78445691904869,0.946198720388864,0.80380264046161,0.734319215168174
"12",0.814217311191033,0.999126148010263,0.981140190370819,0.953488372093023,0.911268907563025,0.998082555714063,0.99838710580021,0.949287471966094,0.9641627022136,0.904644903313386,0.893948245347097,0.993483295940218,0.941226804697339,0.962502852202184,0.99051769849115
"13",0.749330003777046,0.901013794351852,0.983261566214649,0.953488372093023,0.740659722222222,0.959240514785051,0.986994506486865,0.888522208446517,0.850311865561219,0.803428280765684,0.663819710591905,0.927387182606623,0.840804618876163,0.924721225945349,0.737983104729283
"14",0.314298508041449,0.579520852300577,0.029049243842066,0.0384615384615385,0.194833333333333,0.0202081799507141,0.00424656500555363,0.0477409691549793,0.196460953741675,0.0470500073187978,0.201614440317077,0.41594561817899,0.0274778886476002,0.105600543899878,0.25891906811647
"15",0.684746608400857,0.923706971326624,0.939068985455029,0.537313432835821,0.514671802054155,0.277058362960815,0.840778320465943,0.583066453388238,0.522195532035404,0.464352840280422,0.655030640927185,0.839494130303018,0.451955520441207,0.367319326689022,0.866624504940939
"16",0.829260873070155,0.97600800797835,0.976620875968309,0.953488372093023,0.774656204906205,0.937716770917177,0.832809301015538,0.889742863795791,0.947179341952468,0.868704630366422,0.763624886321775,0.94486835917211,0.842627583175305,0.973773494853124,0.846852752551794
"17",0.424260133933981,0.0372647141977527,0.0659186088890778,0.0384615384615385,0.27079382183908,0.191779017448425,0.420414022360701,0.0865887313765544,0.150998762256643,0.103879433430683,0.155750872408759,0.13859397496806,0.133507573488255,0.195981772221156,0.139417463359968
"18",0.484735250872784,0.999503609303263,0.933833300401368,0.537313432835821,0.67953663003663,0.942946910858154,0.959158668811035,0.81341846517789,0.920738735852212,0.654812292690215,0.541884148778436,0.829536924402871,0.666924947343597,0.977620015556273,0.743356158499241
"19",0.0963525599812566,0.00262176984308801,0.00105234352010461,0.0384615384615385,0.0104545454545455,0.00052410364151001,0.000175147848324534,0.0178449062014656,0.0165710352669219,0.0470500073187978,0.0742966145180104,0.00693542562459872,0.0274778886476002,0.00250014065919985,0.00954334137512217
"20",0.833829645866793,0.999998644976994,0.993472423430423,0.537313432835821,0.613115312791783,0.879296682775021,0.922804971078276,0.764371181110633,0.956223031567549,0.65897414135672,0.822555714617152,0.999945563471239,0.812081850357906,0.984712661799999,0.991421679615872
"21",0.689810967981936,0.546760771866215,0.978776889064014,0.953488372093023,0.607247023809524,0.365721046924591,0.0611262962652295,0.781644365556274,0.520595856693076,0.785303809366437,0.658593506619588,0.884294746939551,0.781479520462047,0.358060275666159,0.807800077151066
"22",0.685830062784959,0.727308488319146,0.967898017908331,0.953488372093023,0.739454582590612,0.901194617152214,0.935241490590149,0.859894087264644,0.82848105557862,0.908055011277477,0.662628141859754,0.798114555521129,0.921496580182728,0.870325290000823,0.767807417347119
"23",0.108229299578575,0.00205161803803023,0.00278117058031008,0.0384615384615385,0.0361462027914614,0.00123882293701172,0.000119158628769393,0.0278182220287836,0.00917384937301983,0.0470500073187978,0.0742966145180104,0.0110744562227403,0.0274778886476002,0.00163581421801265,0.0141175599177894
"24",0.212116709381504,0.0444387592675193,0.0235534392012089,0.0384615384615385,0.105613464696223,0.0039781928062439,0.00780173030647532,0.0691729803039322,0.0170782176576656,0.0470500073187978,0.114134031193655,0.105719235668906,0.0274778886476002,0.00539141140408469,0.0394302232705889
"25",0.936988442912915,0.999642222177365,0.996056356005387,0.953488372093023,0.915554511278195,0.997848772443831,0.998521761593373,0.955684130117017,0.978672492331811,0.949998809148279,0.903931705604411,0.997840525307396,0.989392680732667,0.991611081690402,0.99477174565659
"26",0.104208725834535,0.000163944104093941,0.00276149279158631,0.0384615384615385,0.0313947163947164,0.00227576494216919,0.00212319813981384,0.0449903990811324,0.00580406814734635,0.0470500073187978,0.0742966145180104,0.0121242064340564,0.0274778886476002,0.000517278311394609,0.0094805015833096
"27",0.120529532323872,0.0463605109890965,0.0067658129108195,0.0384615384615385,0.03,0.00554037094116211,0.0260210810390914,0.0290444891676518,0.0283269015593372,0.0470500073187978,0.0937428581738581,0.0259717338468846,0.0274778886476002,0.00750236125902637,0.025103780215453
"28",0.637158359309415,0.980967604708758,0.873529181619033,0.953488372093023,0.917459383753501,0.998303770669736,0.996264463531187,0.948831893791458,0.934165053994834,0.930453847080453,0.85413357917439,0.792617420171657,0.979432518257338,0.968306142759069,0.979230174100438
"29",0.158284384693982,0.076553425461727,0.0133344278653837,0.0384615384615385,0.0551896551724138,0.0172377228736877,0.0129129951580901,0.031993905273037,0.0279531174717397,0.0488355497137807,0.133346798295849,0.0509927226097246,0.0380769443739329,0.00639075794320468,0.11468648645024
"30",0.460193101689129,0.993391100528012,0.725734034232789,0.537313432835821,0.708184789067142,0.915239721536636,0.971004240761755,0.771814039514475,0.830688540261634,0.609653272963136,0.742587603209758,0.790354517582099,0.751567262874691,0.834176710986182,0.90141124558367
"31",0.698468169850016,0.36579058252453,0.935891045721793,0.953488372093023,0.864047619047619,0.718682140111923,0.126761100509706,0.849676626599918,0.80514058334021,0.904637815241119,0.775596979017716,0.807120045827366,0.940082302865699,0.738488016635365,0.884308658377372
"32",0.533637595671327,0.848329989534353,0.97520938853361,0.953488372093023,0.623095238095238,0.849264547228813,0.410141752530371,0.65144098826735,0.850407367656315,0.861869876320803,0.667823735044582,0.839662004409423,0.816831211971037,0.913101489689313,0.657184450655503
"33",0.0920264220935789,0.000405966832947715,0.000264648263021622,0.222222222222222,0.103727272727273,0.0141984820365906,0.0334818475670698,0.0520871960306434,0.0295368716953129,0.0488355497137807,0.106651854364037,0.00320285844593072,0.0380769443739329,0.011996418141235,0.04616018330342
"34",0.471859358114581,0.164091238192234,0.348612586762055,0.537313432835821,0.485568376068376,0.482769668102264,0.664877834918499,0.656957397034681,0.28214594685856,0.578440658559369,0.545556933268972,0.18044991959745,0.622295231634459,0.439919676865249,0.551073981699945
"35",0.133476509350041,0.000910613746781831,0.00556576539179653,0.0384615384615385,0.0328775339602926,0.000882208347320557,0.00211367149104768,0.069804728889309,0.0099428661771647,0.0470500073187978,0.100386340965895,0.0170445947267519,0.0274778886476002,0.00179412830255485,0.0232678498560322
"36",0.637036422521681,0.730303149081475,0.789087705604152,0.777777777777778,0.727103174603175,0.181317985057831,0.583804137215531,0.75242271670169,0.828931269675486,0.881857023730489,0.743202909051438,0.647268359222613,0.922056938355499,0.816230003896018,0.793654065061323
"37",0.983122910180873,1,0.999988304692985,0.953488372093023,0.973411764705882,0.998742973199114,0.999052651263956,0.955684130117017,0.983249043324644,0.949998809148279,0.903931705604411,0.998433023050218,0.989392680732667,0.995585394275006,0.99115427859905
"38",0.214930512138099,0.0301548785017371,0.0103128577170453,0.0384615384615385,0.163082278888567,0.0788153409957886,0.0597762585121878,0.082887397684347,0.0377052767444757,0.103879433430683,0.100386340965895,0.020103797885928,0.133507573488255,0.0221041867790047,0.0303472142683247
"39",0.153205452165645,0.00605838978797058,0.00697479929615801,0.0384615384615385,0.0418824665277252,0.011153519153595,0.00805500607620919,0.0449903990811324,0.00917384937301983,0.0470500073187978,0.0742966145180104,0.0321143958320203,0.0274778886476002,0.00163581421801265,0.0141175599177894
"40",0.87234396485919,0.999999871368462,0.995573616209082,0.953488372093023,0.921442067736185,0.992537866812199,0.995940486346294,0.948688016756321,0.983249043324644,0.909585161327085,0.885020567229221,0.999899020923721,0.950564340824565,0.995262253144739,0.996915109334091
"41",0.323986827779245,0.0248123056479666,0.0124186463441164,0.0384615384615385,0.185637023593466,0.0199971199035645,0.070349364703273,0.0606965045486475,0.0306664579053598,0.0470500073187978,0.241584824672779,0.0942296718683671,0.0274778886476002,0.00629565369848031,0.25076493852947
"42",0.0996402026013616,0.000346207548488352,0.00198525159899627,0.0384615384615385,0.0153703703703704,0.00295180082321167,0.000498777624793493,0.0360698169668119,0.0165710352669219,0.0470500073187978,0.106651854364037,0.00928723117009316,0.0274778886476002,0.00272498668327431,0.0407813595180111
"43",0.089497388318563,0.00432194248318936,0.00109689260391804,0.0384615384615385,0.0862026421854008,0.0219823718070984,0.134203500582513,0.0520871960306434,0.0277982840727681,0.0488355497137807,0.106651854364037,0.00328301694828063,0.0380769443739329,0.0089863884782524,0.04616018330342
"44",0.147116831074085,0.00443087102296426,0.00395761155938067,0.222222222222222,0.0854851190476191,0.0104026198387146,0.0115654671258023,0.0281550781177994,0.0196944824834211,0.0470500073187978,0.0742966145180104,0.0173877892510712,0.0274778886476002,0.00562407079517717,0.0141175599177894
"45",0.287991322203642,0.0107142804904148,0.0142491891621144,0.0384615384615385,0.256406521312809,0.0290212035179138,0.0400142767623671,0.0485439011601089,0.0191494729808931,0.0470500073187978,0.127370158655172,0.0294786575745866,0.0274778886476002,0.0160135597479532,0.0785997845984815
"46",0.127664251602558,0.00306208901120816,0.00312931209308199,0.0384615384615385,0.0517394387221973,0.00304031372070312,0.00542946152009081,0.0290444891676518,0.00580406814734635,0.0470500073187978,0.0742966145180104,0.0152062751938015,0.0274778886476002,0.000517278311394609,0.00948611228054532
"47",0.0902935335559916,0.000466762462513361,0.000527335120915855,0.0384615384615385,0.0460600255427842,0.00522100925445557,0.0409547476193799,0.0349730226252243,0.0165710352669219,0.0470500073187978,0.106651854364037,0.00342152805529353,0.0274778886476002,0.00250014065919985,0.0406181148930753
"48",0.730105544960472,0.976714198365663,0.946910532224228,0.953488372093023,0.920357142857143,0.961813766509295,0.963994637450764,0.909866559194253,0.849489102780307,0.929249400479911,0.827746343336537,0.909799834384145,0.96674517609982,0.908317799612875,0.968408553436135
"49",0.179970925014059,0.00100498019149067,0.00417713461290008,0.0384615384615385,0.127888294711824,0.089994490146637,0.0111538577034202,0.0455254588008358,0.0283269015593372,0.0470500073187978,0.0937428581738581,0.0090161749739847,0.0274778886476002,0.00817338758854047,0.0277976862740555
"50",0.126473656031566,0.00591383428256446,0.00512077862457532,0.0384615384615385,0.0504545454545455,0.00555866956710815,0.00128280366244068,0.0178449062014656,0.0281700577564648,0.0470500073187978,0.100386340965895,0.0181046159915847,0.0274778886476002,0.00862923124848803,0.0232859561935091
"51",0.148697052602246,0.0402519082785278,0.00419804315100307,0.0384615384615385,0.0537037037037037,0.00577318668365479,0.00290171838655812,0.0397034704650341,0.0482865213231212,0.0488355497137807,0.106651854364037,0.0375385144426322,0.0380769443739329,0.0103317241076111,0.0479000526043395
"52",0.0924768925076711,0.00138693629097468,0.00146289481048783,0.0384615384615385,0.23716457099733,0.100333333015442,0.0847082580054835,0.21066623926346,0.266175197922058,0.203415730812131,0.106651854364037,0.0106951895736,0.17486566906552,0.157677418995085,0.0406181148930753
"53",0.424835344939119,0.04295978116925,0.026520727583835,0.0384615384615385,0.370493506493506,0.0189899802207947,0.0328275936136324,0.144910011048245,0.105004942510294,0.0470500073187978,0.3266011622303,0.182762644355201,0.0274778886476002,0.0527192804877467,0.458719213904769
"54",0.636390803428088,0.545349159143816,0.978009988832415,0.953488372093023,0.669368814192344,0.925909608602524,0.86199066550563,0.854783636653214,0.755625577571918,0.801328059696631,0.64637591293307,0.813984744000763,0.749947142137098,0.853746126224185,0.751540973488348
"55",0.17089483763272,0.0853246038971096,0.00610334452254682,0.0384615384615385,0.176508107553366,0.14560067653656,0.0958270455810118,0.125957482956133,0.0641806316904568,0.103879433430683,0.142356100977039,0.0210782005656519,0.133507573488255,0.0860825680730595,0.152690750691133
"56",0.303467548824817,0.84500270989832,0.606671539233891,0.537313432835821,0.348147741147741,0.687203645706177,0.77278472218971,0.595543839620654,0.819968975208451,0.532127061711391,0.541884148778436,0.271652392332475,0.44897894189955,0.929435810949116,0.501075432366176
"57",0.190709906608307,0.157021631920249,0.00412140618337279,0.0384615384615385,0.1425,0.0671048760414124,0.566010826765151,0.144910011048245,0.266175197922058,0.203415730812131,0.162968608040615,0.0153672379008694,0.17486566906552,0.157677418995085,0.106752694361155
"58",0.814771643621113,0.99999878121769,0.985551908164229,0.537313432835821,0.610750305250305,0.705137193202972,0.134030275543693,0.764371181110633,0.941100997190257,0.536721575616208,0.757069119859971,0.999937057080141,0.637490324238865,0.977743451881843,0.965072609871348
"59",0.152002524603693,0.0105440898756988,0.00372118846047731,0.0384615384615385,0.0919757094757095,0.0508623123168945,0.0270457918399822,0.0563060547958751,0.0179576029512243,0.0470500073187978,0.106651854364037,0.0254980759403495,0.0274778886476002,0.00279608190821252,0.0406181148930753
"60",0.160025418049383,0.000714214836056824,0.00568705620159247,0.0384615384615385,0.0388157998610585,0.00277167558670044,0.00331756749833625,0.0278182220287836,0.00917384937301983,0.0470500073187978,0.0742966145180104,0.0281512044393459,0.0274778886476002,0.00163581421801265,0.0141175599177894
"61",0.225750776938552,0.173281275366234,0.0128350180666627,0.0384615384615385,0.143080858876117,0.00664567947387695,0.00378536235792069,0.0413276917022309,0.0342648450149528,0.0488355497137807,0.106651854364037,0.0923054899420771,0.0380769443739329,0.0123703606546685,0.0689580491843338
"62",0.673367633763581,0.987455225884892,0.983446704790952,0.777777777777778,0.764928728070175,0.864231124520302,0.967074340560183,0.940821008837749,0.825557071163295,0.927130070929866,0.775422560053826,0.911370172057512,0.975013766766256,0.863381661854738,0.934028108576655
"63",0.405371428438294,0.58981147985329,0.383437298027398,0.777777777777778,0.654428728070175,0.996025841217488,0.999101323293448,0.903477405062284,0.772267312057293,0.713219751433819,0.663109871531946,0.52412172172432,0.797591593244957,0.854612647594585,0.665799144954257
"64",0.12644244310126,0.00245362686867465,0.00228588786957493,0.222222222222222,0.161199404761905,0.00915449857711792,0.167127957029523,0.0706130789299479,0.0466516036543672,0.0470500073187978,0.0908819891953877,0.00981152722435258,0.0274778886476002,0.0327389950516371,0.0224988242554126
"65",0.133875453406072,0.0048171072564166,0.00136586361921751,0.0384615384615385,0.0240600255427842,0.0102138519287109,0.00582282916503827,0.0400776656799436,0.016349764079725,0.0488355497137807,0.106651854364037,0.00970110024883085,0.0380769443739329,0.00260428595537545,0.04616018330342
"66",0.913997121795934,0.999702378295886,0.99527889162695,0.953488372093023,0.955554511278195,0.997848772443831,0.998521761593373,0.955684130117017,0.978672492331811,0.949998809148279,0.903931705604411,0.997245358064053,0.989392680732667,0.991611081690402,0.994856695758314
"67",0.839998134906448,0.991314667076852,0.992975550737191,0.953488372093023,0.728292207792208,0.702346861362457,0.700520996363159,0.828940668592267,0.91931727714175,0.90915489635189,0.679667547605577,0.985470410371518,0.940082302865699,0.944410060926933,0.872723640457676
"68",0.175091984237008,0.00430637615225269,0.0167507607299046,0.0384615384615385,0.0389039408866995,0.00710225105285645,0.00981172505919426,0.030421223724048,0.0516138655991478,0.0470500073187978,0.0753212500651792,0.0243590579467987,0.0274778886476002,0.0215286187898037,0.0134341647056811
"69",0.93120384722686,0.985180359885517,0.996347019983932,0.953488372093023,0.868462074303405,0.997535836417228,0.997149267338914,0.955684130117017,0.978672492331811,0.949998809148279,0.903931705604411,0.995462144745857,0.986071462446318,0.992636665932717,0.991723547695649
"70",0.142804252428606,0.0107672592298132,0.00674589223974638,0.0384615384615385,0.0631904761904762,0.00402456521987915,0.0010375353201841,0.0281550781177994,0.0165710352669219,0.0470500073187978,0.0742966145180104,0.0171784876603542,0.0274778886476002,0.00250014065919985,0.0094805015833096
"71",0.118855320826718,0.000618220388573862,0.000501556903240642,0.0384615384615385,0.0610896551724138,0.0111531615257263,0.0839113512882014,0.0752322686890288,0.00651705444382821,0.0470500073187978,0.0753212500651792,0.00243085445692508,0.0274778886476002,0.00155139788505461,0.0113417432988977
"72",0.124640521425197,0.00790045754226785,0.00290473958295658,0.222222222222222,0.0884340608465608,0.00168263912200928,0.00822084951186876,0.0345574951234766,0.00975930223276785,0.0470500073187978,0.106651854364037,0.0162534429020549,0.0274778886476002,0.00200845223802081,0.0595691417823736
"73",0.39381289508961,0.236057354180453,0.476216434563909,0.537313432835821,0.218123931623932,0.0599777698516846,0.419160579531885,0.252452129807464,0.28257077959154,0.532127061711391,0.541884148778436,0.309054507909491,0.44897894189955,0.402217581377665,0.501100319904557
"74",0.914500996441901,0.99989719151378,0.983441509630582,0.953488372093023,0.98,0.999346942699049,0.998758406856746,0.945173515951827,0.978989903847461,0.915237637520211,0.903931705604411,0.999250265086314,0.974330331950742,0.993960021840289,0.993729469159913
"75",0.824406692739857,0.999878986104758,0.97578167062968,0.953488372093023,0.977697368421053,0.995519559830427,0.999706932058663,0.945173515951827,0.95897638877293,0.919297421350184,0.903931705604411,0.996949736180033,0.966452905840329,0.984737680707647,0.995455609536329
"76",0.101966832870453,0.000275927710134722,0.000488607212152726,0.0384615384615385,0.269832512315271,0.083436906337738,0.00804268403779415,0.0706130789299479,0.0943789577982732,0.100293564811308,0.0908819891953877,0.00245059568358473,0.0990807155369778,0.0801466522659734,0.0151511601994576
"77",0.0898171642706991,0.00242447939618203,0.000328046280108425,0.0384615384615385,0.02,0.00454545021057129,0.0301635342708606,0.0290444891676518,0.0165710352669219,0.0470500073187978,0.0742966145180104,0.00332473079829961,0.0274778886476002,0.00250014065919985,0.0094814364712157
"78",0.260421174569073,0.00444437768912968,0.0453715030273313,0.0384615384615385,0.051797385620915,0.00153505802154541,0.000349436939025876,0.030421223724048,0.0306664579053598,0.0470500073187978,0.0753212500651792,0.0521239567756141,0.0274778886476002,0.00629565369848031,0.0129398220640314
"79",0.971209411610334,1,0.99988803522709,0.953488372093023,0.804530701754386,0.997801854042336,0.997836423408549,0.955684130117017,0.978672492331811,0.944454239068354,0.885020567229221,0.999390677639786,0.984413320740293,0.998070965139486,0.98928525208552
"80",0.966150363173237,1,0.999961438533045,0.953488372093023,0.8334375,0.976476000621915,0.994783368618213,0.920820858564899,0.880592466014751,0.949114343369801,0.749404812277564,0.98976683091077,0.982741139376087,0.940816334357452,0.904075149712866
"81",0.158594635366704,0.00663533187465794,0.00689496099012628,0.0384615384615385,0.121797385620915,0.0111737251281738,0.00967685000196663,0.0293212935161664,0.0165710352669219,0.0470500073187978,0.0742966145180104,0.0231312383688974,0.0274778886476002,0.00307347017910488,0.0106200383765317
"82",0.934028332789097,0.999999993896419,0.996743467042061,0.953488372093023,0.939082094376212,0.997804930666462,0.998052213818114,0.955684130117017,0.964271907714916,0.949998809148279,0.903931705604411,0.999911055392358,0.989392680732667,0.985099799466929,0.994769530758235
"83",0.0545645055064068,0.0017276688646474,6.4264281375724e-05,0.222222222222222,0.256301587301587,0.0891861915588379,0.0871147301581308,0.119309719184057,0.379667227802805,0.203415730812131,0.0742966145180104,0.00057554194580454,0.17486566906552,0.437609434667335,0.00966705804024124
"84",0.254480606235729,1,0.0235644964296184,0.0384615384615385,0.127804961378491,0.0012812614440918,0.000897839104814875,0.0473317506589396,0.0794908517896695,0.0470500073187978,0.0742966145180104,0.0081607140561912,0.0274778886476002,0.0174326312811187,0.0106619601597789
"85",0.200349904963206,0.174646777971184,0.0375493993293442,0.0384615384615385,0.0673346768174354,0.00824970006942749,0.0578421457228761,0.0205026532670381,0.016349764079725,0.0488355497137807,0.106651854364037,0.140236825204434,0.0380769443739329,0.00260428595537545,0.0453274316885202
"86",0.239842822748907,0.43548435920017,0.00703980007328308,0.0384615384615385,0.283975369458128,0.0466639399528503,0.10568477874078,0.0740222454632908,0.446970589057358,0.0488355497137807,0.22567890832788,0.1404963535804,0.0380769443739329,0.452649434755952,0.432023422217433
"87",0.145397173516967,0.000682134182761502,0.00524856355111339,0.0384615384615385,0.0338824665277251,0.00305503606796265,0.00304334609373032,0.017629166577175,0.0156776976836199,0.0470500073187978,0.0742966145180104,0.0165446305530117,0.0274778886476002,0.00565802881802478,0.0144152380137407
"88",0.67892228735738,0.66060553804099,0.918647938434388,0.777777777777778,0.6455,0.471408784389496,0.887160553615655,0.927887284917651,0.920122700637558,0.881857023730489,0.743202909051438,0.739539658190276,0.939708942824571,0.931274833543902,0.717986815986362
"89",0.188218867355023,0.601145624565794,0.0012229779628579,0.0384615384615385,0.109393358876118,0.086107611656189,0.0468141589410831,0.247332958460513,0.223316707571752,0.0482879097441207,0.225503882684031,0.299812869878729,0.0274778886476002,0.22762223590749,0.332346550973258
"90",0.111084100589334,0.0435374962723825,0.00198624296728082,0.0384615384615385,0.0461212121212121,0.00814592838287354,0.224982201653681,0.0843581854835502,0.0794908517896695,0.0470500073187978,0.135810372530269,0.0174497256904511,0.0274778886476002,0.0174326312811187,0.036726313536872
"91",0.617797961346637,0.855602838137154,0.919018664813391,0.777777777777778,0.814471177944862,0.921202920377254,0.895457545169778,0.859894087264644,0.925477227940422,0.872811553102247,0.860719910440014,0.805596160500392,0.929464360227887,0.929162683904091,0.980986375444593
"92",0.175187691004132,0.00497861911852312,0.0288837625589792,0.0384615384615385,0.0980557266009852,0.00813430547714233,0.00698857421885289,0.030421223724048,0.0516138655991478,0.0470500073187978,0.110340102716399,0.0289307831969273,0.0274778886476002,0.0215286187898037,0.0319270626932677
"93",0.695370099016257,0.641246760879913,0.94200354368893,0.537313432835821,0.602814659197012,0.673820525407791,0.909600055103576,0.800597645007217,0.684934683831692,0.605250081720279,0.655030640927185,0.804097816906911,0.708729103614281,0.710544764990841,0.865469628892382
"94",0.738246620603176,0.998655129927915,0.972908739180463,0.537313432835821,0.591239567621921,0.846856594085693,0.87175660963391,0.771814039514475,0.899389191008538,0.574037872163203,0.776719666707737,0.986634127322107,0.590977167176447,0.947074453735235,0.949256891036278
"95",0.159675263888351,0.0446549358838044,0.00126564382747425,0.222222222222222,0.142287037037037,0.0235232710838318,0.0987836243992414,0.101573904933951,0.260491097643823,0.0488355497137807,0.106651854364037,0.0128630611255661,0.0380769443739329,0.142796472197839,0.0462786729944482
"96",0.900644796771642,0.999921942778764,0.997939325974394,0.953488372093023,0.943252525252525,0.996562303043902,0.999446247577729,0.936803568867116,0.95897638877293,0.91791680541323,0.827746343336537,0.991622217622834,0.958628578895857,0.984737680707647,0.988215601409852
"97",0.8314896825614,0.998691884340986,0.986505937268134,0.537313432835821,0.819513698719581,0.978910110890865,0.979774932008874,0.744142777236002,0.847166838561769,0.692092384992379,0.679440167443095,0.958723960460858,0.780248159555242,0.918204809409366,0.883922465489985
"98",0.444097324042652,0.00211937425217693,0.696945153401748,0.953488372093023,0.447366071428571,0.140644252300262,0.00628451677380428,0.754238273381882,0.421373216075092,0.720333134310375,0.564624181175634,0.333471113450631,0.70636243653473,0.160964084441892,0.361667351444146
"99",0.890055139581756,0.999961277474317,0.999408515623001,0.953488372093023,0.821428571428571,0.622525304555893,0.0973381899013894,0.75242271670169,0.91931727714175,0.90915489635189,0.699119276179613,0.999973206264242,0.940082302865699,0.924052423236066,0.900284695082004
"100",0.364952002714226,0.594474850541897,0.490404068258383,0.537313432835821,0.488811521811522,0.712785601615906,0.92525691970695,0.675377305341601,0.686556188200859,0.605250081720279,0.595682064998775,0.300447313692594,0.708729103614281,0.822303067556599,0.590192620064174
"101",0.361221590659868,0.437373289154164,0.51070145944983,0.537313432835821,0.301482461982462,0.0710774660110474,0.0353074957289704,0.325514458326311,0.431557019790836,0.451354532124381,0.442961421393091,0.290693266456887,0.401359207493315,0.174263594129548,0.172662822433157
"102",0.292741604122586,0.0860646841298272,0.0247141365424142,0.222222222222222,0.125030303030303,0.007121741771698,0.00251831441460608,0.105939950614115,0.0539420015152119,0.100293564811308,0.12573375119827,0.128667784284395,0.0990807155369778,0.0578410682962007,0.170214241101571
"103",0.507927645076834,0.938272956373265,0.5507256411538,0.537313432835821,0.391238095238095,0.576672375202179,0.956207498674077,0.659854843895815,0.556205693819579,0.486906218388966,0.621866788057479,0.453432429652433,0.492870342863689,0.819141765078432,0.789020077513059
"104",0.294265129503158,0.22042286472742,0.417886332042209,0.537313432835821,0.269804806304806,0.026418924331665,0.021902102575363,0.431836114771229,0.220216939557381,0.459240404497104,0.442961421393091,0.267762593471443,0.396890485560882,0.0740617540362557,0.16843818330744
"105",0.340777019672547,0.209626034525088,0.506092059858925,0.222222222222222,0.605398168498169,0.455884337425232,0.19530701113534,0.177639799573777,0.565918508782935,0.415336713033467,0.0995391741923658,0.392148326907153,0.340121757140956,0.485299133985968,0.0141175599177894
"106",0.491088516954625,0.738733510367307,0.877992163787239,0.537313432835821,0.460188644688645,0.853542864322662,0.691362620963458,0.424636691196174,0.539388441626113,0.532127061711391,0.50614195547889,0.727725714346263,0.44897894189955,0.749392371630458,0.446669252747292
"107",0.877776819457719,0.984504821819278,0.988542931532504,0.953488372093023,0.913666666666667,0.965854100883007,0.964949050479634,0.936628128926759,0.978989903847461,0.870796471317407,0.863493310047276,0.9887340974975,0.897655057182104,0.992302444013318,0.972243649552582
"108",0.849568690750988,1,0.996349717459171,0.953488372093023,0.821098437939769,0.983766064047813,0.994358194580048,0.937359171638824,0.971267789950088,0.870796471317407,0.863493310047276,0.99920116311084,0.897655057182104,0.991414029139541,0.971726467333089
"109",0.308315215083242,0.0711411127157037,0.0572108150555032,0.0384615384615385,0.0598529411764706,0.00510352849960327,0.00402297400311907,0.0790172240533127,0.139513665234778,0.0470500073187978,0.115741935670786,0.0705504197039704,0.0274778886476002,0.0429220030629971,0.0263247312170132
"110",0.181096185352249,0.00770592798323769,0.00497217730779761,0.0384615384615385,0.08,0.00842458009719849,0.00558726047059566,0.030421223724048,0.0306664579053598,0.0470500073187978,0.0753212500651792,0.0181735767203789,0.0274778886476002,0.00773261890667114,0.012975472405294
"111",0.100569121582037,0.00083111787877155,0.00125584074855727,0.0384615384615385,0.0756896551724138,0.0246934294700623,0.00761027612586332,0.0281550781177994,0.0165710352669219,0.0470500073187978,0.0742966145180104,0.00258898588310931,0.0274778886476002,0.00250014065919985,0.0094805015833096
"112",0.825380602206274,1,0.991850905772695,0.537313432835821,0.610002693385046,0.970901101827621,0.927081402790332,0.689755691150247,0.886856365401778,0.564185187309419,0.736154077932268,0.998847221627824,0.663436827192784,0.939873252294081,0.922604321488497
"113",0.904815358579757,0.997359664271485,0.995708147680336,0.953488372093023,0.894462074303405,0.99420720897615,0.999877958432938,0.940821008837749,0.983249043324644,0.918309300600966,0.903931705604411,0.995119877314896,0.955661215374895,0.996126998064285,0.992322385036191
"114",0.527641819794218,0.957805886587403,0.952807563433253,0.953488372093023,0.706357142857143,0.318798303604126,0.273108090005229,0.927054303937518,0.909745104023253,0.785303809366437,0.469168073389958,0.698966454315146,0.781479520462047,0.913809788716489,0.215527682567463
"115",0.108223330805921,2.22044604925031e-16,0.000622008184407142,0.0384615384615385,0.0504545454545455,0.000411689281463623,0.000206778857016203,0.0290444891676518,0.0165710352669219,0.0470500073187978,0.0742966145180104,0.00945678765804929,0.0274778886476002,0.00250014065919985,0.00965406719230192
"116",0.169358432675202,0.00729923375871622,0.0113990321421644,0.0384615384615385,0.210328224407172,0.0861762166023254,0.0129506423190699,0.0561682612060548,0.0279531174717397,0.0488355497137807,0.165438286382588,0.0153395025184173,0.0380769443739329,0.00696305775759125,0.149265882239585
"117",0.317142813770042,0.00875953705660497,0.0452270391396644,0.0384615384615385,0.0771491331943918,0.0123642086982727,0.0382411744989836,0.0466498758483998,0.0290356773400396,0.0470500073187978,0.0950081548678388,0.0906216910784707,0.0274778886476002,0.0173053870320374,0.0510657116529911
"118",0.0974441516897021,0.00198200599403734,0.00108859325218643,0.0384615384615385,0.0544775339602926,0.000234901905059814,0.0024162135261147,0.0322978835918128,0.016349764079725,0.0488355497137807,0.106651854364037,0.00854347903808391,0.0380769443739329,0.00283847146264316,0.0453058973634259
"119",0.486352144787404,0.101022222215183,0.906157868963563,0.953488372093023,0.717619047619048,0.775285854935646,0.699652293256607,0.754238273381882,0.871802095927986,0.788400757712463,0.717461930350077,0.600258879301759,0.854188371274013,0.873699792688067,0.693753483080798
"120",0.462438709241074,0.323169635583906,0.831577655133999,0.537313432835821,0.498498419880773,0.397274017333984,0.612188372655889,0.583066453388238,0.607454604168366,0.464352840280422,0.655030640927185,0.574835275202493,0.3849640682552,0.500113000357501,0.816058246580903
"121",0.153664847879356,0.00428304435517421,0.00431001348400013,0.0384615384615385,0.123223716018975,0.000453412532806396,0.0127429763078826,0.0556516785888384,0.0156776976836199,0.0470500073187978,0.129449928780636,0.0252206442539105,0.0274778886476002,0.00565802881802478,0.0924048304374209
"122",0.08986149672868,0.000692362024586094,0.000311474940236815,0.0384615384615385,0.0353563218390805,0.00265252590179443,0.0190744523465176,0.017629166577175,0.00580406814734635,0.0470500073187978,0.0742966145180104,0.00321461100175357,0.0274778886476002,0.000517278311394609,0.0095367567729431
"123",0.0860463077878347,0.00266158076832523,0.00256302935903645,0.0384615384615385,0.0193177933177933,0.000747621059417725,0.00109993626405972,0.0178449062014656,0.0165710352669219,0.0470500073187978,0.0742966145180104,0.00891473305048759,0.0274778886476002,0.00250014065919985,0.00982690344066171
"124",0.712533203995616,0.90760350832625,0.967018768725709,0.953488372093023,0.838313316993464,0.978729872033,0.931254125785246,0.899771385573712,0.888370773040326,0.711258988245718,0.706411893830088,0.906616485277268,0.724822143228918,0.896848127108263,0.805122912157863
"125",0.809119100806609,0.993120619907381,0.940742508721957,0.953488372093023,0.942518796992481,0.997250372776762,0.99752853326025,0.948688016756321,0.966583042319506,0.930453847080453,0.903931705604411,0.99138571380002,0.979432518257338,0.98594116942857,0.994162957389197
"126",0.174990080501136,0.0477616366317659,0.00949597577983503,0.0384615384615385,0.10082588013838,0.0278365612030029,0.0607977313631683,0.0563060547958751,0.028183568979881,0.0470500073187978,0.106651854364037,0.0507176143934958,0.0274778886476002,0.00807685151557926,0.0595691417823736
"127",0.79793213360925,0.999839332166478,0.978248408282743,0.953488372093023,0.88102380952381,0.968789348378778,0.986135101616518,0.921316011809628,0.956223031567549,0.78618270828365,0.824706223976093,0.998832784357993,0.814224553738295,0.995676296583522,0.974665327161738
"128",0.315671089539196,0.0237496986105791,0.623323755514174,0.537313432835821,0.206568376068376,0.0123113989830017,0.0408378232007301,0.278077187395911,0.183671608288834,0.532127061711391,0.442961421393091,0.244902309425407,0.44897894189955,0.148488103853268,0.16843818330744
"129",0.136582204130957,0.000380307818070156,0.0032447336592009,0.0384615384615385,0.160605480088239,0.00442600250244141,0.00189412058083644,0.0883631485386436,0.0377052767444757,0.100293564811308,0.129449928780636,0.0148639242186152,0.0990807155369778,0.0181274107348776,0.063721303661928
"130",0.571244613724207,0.903508675136172,0.94136451443347,0.537313432835821,0.673973137973138,0.983417998999357,0.978816446922819,0.490478325500279,0.62128573120558,0.667945126871384,0.541884148778436,0.821417636196725,0.706240673862148,0.758214910706834,0.472572670836084
"131",0.935401475070113,0.999995412660034,0.999289790788551,0.953488372093023,0.959212901069519,0.998332459013909,0.972746201566114,0.955684130117017,0.983249043324644,0.949998809148279,0.882996480139324,0.999139624211555,0.989392680732667,0.996126998064285,0.997882969559889
"132",0.644573356232814,0.89005024450955,0.970989211404802,0.953488372093023,0.630852941176471,0.917283087968826,0.851613483683858,0.793777572038274,0.82848105557862,0.908055011277477,0.759387851237102,0.820225209050624,0.921496580182728,0.940301805358105,0.871168673318898
"133",0.242174381760842,0.0192265958649918,0.0338339101713507,0.0384615384615385,0.164746202791461,0.0110422372817993,0.042812305047905,0.0922843969293725,0.0277255808953897,0.100293564811308,0.231849683396718,0.0672312483082918,0.0990807155369778,0.0146874403260055,0.278250294223768
"134",0.820514187923821,0.999954904508632,0.991515039848984,0.537313432835821,0.573401960784314,0.230632424354553,0.662247734454031,0.764371181110633,0.89317062749702,0.464352840280422,0.822555714617152,0.994838165310541,0.451955520441207,0.901095045583778,0.980911543483018
"135",0.850720780117754,0.999681132017963,0.99640161327742,0.777777777777778,0.851333333333333,0.87843569368124,0.866226477926575,0.837584356396416,0.939978317921759,0.870747494388008,0.860719910440014,0.996867067402657,0.91378265700252,0.930891761724749,0.992156451871971
"136",0.202695566408917,0.00064986998494498,0.00259227507341719,0.222222222222222,0.0887037037037037,0.0871596932411194,0.0441518291436522,0.0643169303265483,0.0232594884918337,0.0488355497137807,0.106651854364037,0.0225750788241264,0.0380769443739329,0.00483589212106227,0.04616018330342
"137",0.65226264110703,0.738387716239535,0.972502310943073,0.953488372093023,0.670830051892552,0.934687487781048,0.94037375206949,0.92417755724332,0.747952296674972,0.913388439218653,0.721533169375986,0.860894826360337,0.9507352947878,0.726215478515107,0.832106651806352
"138",0.0676422731073806,0.000283704948792329,0.000651550290442708,0.0384615384615385,0.096421978404737,0.0176481604576111,0.051497300162473,0.0322978835918128,0.0277982840727681,0.0488355497137807,0.129449928780636,0.00171728534606567,0.0380769443739329,0.0089863884782524,0.0721718208135314
"139",0.107270659112374,0.000450060783430335,0.00109731714998838,0.222222222222222,0.0422622377622378,0.00139826536178589,0.00667432067067904,0.0281550781177994,0.0176201636503289,0.0470500073187978,0.0742966145180104,0.00885744882724522,0.0274778886476002,0.00306906673121398,0.0094805015833096
"140",0.39185631452509,0.348755421630484,0.0503550534152115,0.0384615384615385,0.30574536104062,0.0935229063034058,0.145050075794547,0.13530550028937,0.0970758433270558,0.100293564811308,0.176224915307251,0.318423239051224,0.0990807155369778,0.149859489227122,0.295749079575823
"141",0.370989965452436,0.0814783202811102,0.0533806410290661,0.0384615384615385,0.230484298029557,0.108516156673431,0.0153071296520652,0.119309719184057,0.23682608796461,0.100293564811308,0.168684659863579,0.117136369085197,0.0990807155369778,0.431862866941839,0.118026624472418
"142",0.272198400556889,0.296594820536984,0.043359401320826,0.0384615384615385,0.226542483660131,0.0307539701461792,0.0141051480819934,0.137259164358254,0.160614700095177,0.190300948291344,0.13755729130388,0.0754861337695322,0.17486566906552,0.0755559778930972,0.0492548934300402
"143",0.61945871909237,0.874732860960417,0.963570731004337,0.953488372093023,0.832088744588745,0.825428918004036,0.873607810721769,0.909866559194253,0.912879709701978,0.91691330824577,0.749404812277564,0.814369469150858,0.929367686864422,0.951338449169983,0.893449861866003
"144",0.326587278117563,0.0427462611256899,0.473225762388393,0.537313432835821,0.362473137973138,0.280304253101349,0.319156779413855,0.280569898969962,0.431811979354123,0.518785778159469,0.442961421393091,0.347096242514967,0.44897894189955,0.478216686697177,0.16843818330744
"145",0.868834639568837,0.998348862658768,0.996912529794959,0.953488372093023,0.966363636363636,0.997088317526504,0.990536468798611,0.936628128926759,0.975703788100113,0.914838154524132,0.863493310047276,0.997743362238669,0.959990126130448,0.991449185989556,0.989922275667809
"146",0.73516316692775,0.892738759466571,0.977820613532477,0.953488372093023,0.842746031746032,0.871344566345215,0.744472169894736,0.902881827925434,0.86525374457989,0.91791680541323,0.827746343336537,0.793886198528813,0.946198720388864,0.951344035735599,0.949698121590076
"147",0.582243965672572,0.58690424393902,0.820721086188288,0.537313432835821,0.480457264957265,0.818471625447273,0.775583862330816,0.540925281409268,0.390531278666312,0.546414082629469,0.621866788057479,0.639934910641583,0.546148485729452,0.550104053418259,0.71823628828286
"148",0.10199812809495,0.00313396189796362,0.00269872061528893,0.0384615384615385,0.0543434343434343,0.0027269721031189,0.00389928389537041,0.0205026532670381,0.016349764079725,0.0488355497137807,0.106651854364037,0.00823602807625246,0.0380769443739329,0.00260428595537545,0.0453145099238036
"149",0.973867976370759,1,0.999985822890898,0.953488372093023,0.98,0.976460786536336,0.99758640906889,0.948831893791458,0.978672492331811,0.949114343369801,0.827746343336537,0.99585444967281,0.982741139376087,0.992636665932717,0.952228815096997
"150",0.135303252206644,0.0125673990414672,0.00113770326719204,0.0384615384615385,0.0701182266009852,0.0253575444221497,0.152476962583161,0.0520871960306434,0.016349764079725,0.0488355497137807,0.106651854364037,0.0100124816304768,0.0380769443739329,0.00260428595537545,0.0453058973634259
"151",0.271136755132193,0.00128433795488573,0.00755717048872164,0.0384615384615385,0.111127155172414,0.0131087899208069,0.000733960969526839,0.118014696544442,0.0277255808953897,0.100293564811308,0.168684659863579,0.0378189231738318,0.0990807155369778,0.0146874403260055,0.080842824161479
"152",0.758507290580076,0.995794415020435,0.986037582947962,0.537313432835821,0.708530831913185,0.977519292384386,0.958940135707807,0.71627677516693,0.918695409661144,0.692092384992379,0.679440167443095,0.978235704370258,0.780248159555242,0.969276522665621,0.950502240405573
"153",0.418420596316401,1,0.108863342614947,0.0384615384615385,0.252857142857143,0.0339692831039429,0.00719625246747266,0.054982462094223,0.204542430845205,0.0470500073187978,0.206945814759584,0.0807466074721073,0.0274778886476002,0.124328293695147,0.212336889884789
"154",0.86726074077918,0.999930082191546,0.99581955020985,0.953488372093023,0.966363636363636,0.988441524095833,0.999079463466913,0.948831893791458,0.983249043324644,0.949114343369801,0.827746343336537,0.990514774932317,0.9773848857922,0.996126998064285,0.98512025133711
"155",0.949276109870088,0.999980318975737,0.998414422147034,0.953488372093023,0.951919191919192,0.980236722156405,0.998789693411153,0.936803568867116,0.95897638877293,0.91791680541323,0.827746343336537,0.996067719918562,0.958628578895857,0.984737680707647,0.989043968019651
"156",0.337526890940328,0.177284149061398,0.0520336613085703,0.0384615384615385,0.12231763136289,0.021490216255188,0.099513371210168,0.118014696544442,0.0432688480743135,0.100293564811308,0.207303377941755,0.123664972816578,0.0990807155369778,0.0546228694757183,0.261901692541187
"157",0.629157149637532,0.921195688410695,0.971523925920752,0.953488372093023,0.710457558781088,0.979368465021253,0.955980703274102,0.830689410158559,0.793148843807761,0.855516464780808,0.569042649502813,0.768578449463336,0.826890819376095,0.91682822386205,0.425564763854595
"158",0.828923527091601,0.993909444165809,0.989560663307448,0.953488372093023,0.668852941176471,0.790270268917084,0.865959556930218,0.909866559194253,0.902073660608472,0.783062229383873,0.658593506619588,0.960413165540662,0.72793496275947,0.971580798223292,0.781567286272296
"159",0.721657007797199,0.996310625896186,0.922482759727376,0.537313432835821,0.500445084327437,0.630966186523438,0.906152715079716,0.699248935950436,0.722296585409187,0.574037872163203,0.621866788057479,0.883941978657446,0.590977167176447,0.762632800834418,0.891778268654756
"160",0.703762136707863,0.771390055049178,0.924803934434406,0.953488372093023,0.866304511278196,0.965215194970369,0.974813095407207,0.90884586827536,0.934165053994834,0.887839695810083,0.749404812277564,0.795693577932754,0.950252840238427,0.956294529481412,0.927901968739676
"161",0.509128183113366,0.971095686505293,0.899266319068959,0.777777777777778,0.796428728070175,0.951960667967796,0.790172467178653,0.909866559194253,0.806522189327145,0.88273596233071,0.728191571967562,0.701988676993441,0.900170748682653,0.865505431674769,0.844407331562331
"162",0.325079358618336,0.376234987762771,0.692852951566394,0.537313432835821,0.535989010989011,0.665639489889145,0.552517544023855,0.490478325500279,0.541661476566179,0.667945126871384,0.541884148778436,0.423686544817636,0.706240673862148,0.405653432704034,0.472572670836084
"163",0.0819740113717003,0.000396644709936635,0.00167281905884674,0.0384615384615385,0.021010101010101,0.0053526759147644,0.033936335400063,0.0281550781177994,0.0165710352669219,0.0470500073187978,0.0742966145180104,0.00484309522380039,0.0274778886476002,0.00250014065919985,0.0094805015833096
"164",0.425868230624611,0.917231927745388,0.752476706282338,0.537313432835821,0.563179487179487,0.515191525220871,0.945469159863982,0.627405300650587,0.673667517040742,0.574037872163203,0.525078291143355,0.557504335860892,0.523045757696485,0.868860503149409,0.335172032785995
"165",0.122942176935699,0.00789038465498402,0.00275038304495966,0.0384615384615385,0.0595557266009852,0.0137569308280945,0.000863875126846199,0.0205026532670381,0.0256840914268909,0.0488355497137807,0.106651854364037,0.012761469067097,0.0380769443739329,0.00893138371167618,0.0662991139721443
"166",0.437300454707961,0.888503684614557,0.832001246045712,0.537313432835821,0.498676630558983,0.0697406530380249,0.591257513260014,0.490232638258019,0.45241817947152,0.591155393172301,0.595682064998775,0.629565849041855,0.606011207747289,0.389347725238843,0.823473195914903
"167",0.754435180418798,0.905031190710158,0.975358229522978,0.953488372093023,0.791431771273102,0.890516318380833,0.996818501507712,0.877114007099997,0.968960116606899,0.909585161327085,0.860719910440014,0.91311765807949,0.950564340824565,0.989419962642364,0.97222702613004
"168",0.205443201521222,1,0.0226821498360754,0.222222222222222,0.402722372534873,0.661758184432983,0.71774842349604,0.13530550028937,0.291579345671302,0.100293564811308,0.142356100977039,0.0271637570888034,0.0990807155369778,0.44649429730204,0.136184572465022
"169",0.588165247083225,0.53443302305301,0.936468151914323,0.777777777777778,0.577018830777925,0.665446907281876,0.124892867165847,0.700413714400288,0.808323240560472,0.737022673934423,0.620853619726923,0.692092687957474,0.770999559496216,0.75824706459489,0.672259354299636
"170",0.738767849749942,0.99999712543696,0.979965240751427,0.537313432835821,0.714431542313895,0.988530948758125,0.993090149041323,0.771814039514475,0.907233520269686,0.696013419214318,0.763042911820371,0.998832615389641,0.853289806927526,0.947971979740102,0.948089412787872
"171",0.14257771004079,0.000447355138471219,0.00593671944686064,0.0384615384615385,0.0392157998610585,0.00910568237304688,0.00475961340262565,0.0278182220287836,0.00917384937301983,0.0470500073187978,0.0742966145180104,0.0210133007192841,0.0274778886476002,0.00163581421801265,0.0141175599177894
"172",0.874628149912493,0.999941340866722,0.997406800418944,0.953488372093023,0.967465277777778,0.996960200136527,0.994999226486428,0.955684130117017,0.978989903847461,0.919297421350184,0.863493310047276,0.999508715583593,0.974330331950742,0.993795472517169,0.991115549652222
"173",0.37030673071371,0.140565641523299,0.463620779878991,0.537313432835821,0.356104395604396,0.694843322038651,0.805595094659168,0.431836114771229,0.281713665973823,0.546696285116836,0.442961421393091,0.278021795822645,0.494522357915076,0.454893694227847,0.171197899781158
"174",0.877558695354844,0.998189857086992,0.996298896497532,0.953488372093023,0.986363636363636,0.994411607272923,0.997417907201924,0.936628128926759,0.952711231199211,0.914838154524132,0.863493310047276,0.990347725526401,0.969336973880675,0.976504528609348,0.989121279785141
"175",0.952784273429422,1,0.999951632455827,0.953488372093023,0.8534375,0.97281083650887,0.994931996349143,0.948831893791458,0.880592466014751,0.949114343369801,0.749404812277564,0.993713620563131,0.982741139376087,0.923061724893858,0.903129978956395
"176",0.688127850250688,0.941234972557778,0.953740457364999,0.953488372093023,0.911798017771702,0.951986577361822,0.999290256802561,0.949287471966094,0.977055658068276,0.918309300600966,0.903931705604411,0.911678281392287,0.955661215374895,0.993975569669969,0.988797861134697
"177",0.109149555248566,0.000209504010466588,0.00237753978942076,0.222222222222222,0.0478249158249158,0.00108885765075684,0.000547251503906392,0.0534959234336036,0.00669849055328269,0.0470500073187978,0.106651854364037,0.0140634188742309,0.0274778886476002,0.000651886372943909,0.0406181148930753
"178",0.68811648710258,0.205561036220925,0.952474282758597,0.953488372093023,0.846888888888889,0.958944220095873,0.979882781342617,0.889486299542165,0.955780297692491,0.913794081828965,0.763624886321775,0.886788656534643,0.958628578895857,0.981540598379067,0.796205273227001
"179",0.235473773671884,0.634073032684238,0.00548128160322909,0.0384615384615385,0.174877533960293,0.303850829601288,0.065578070457873,0.427541768286049,0.13680757792505,0.0482879097441207,0.165736127529521,0.162249764518054,0.0274778886476002,0.172418405618345,0.112178450111085
"180",0.481080111560998,0.923853417955126,0.0655919981185077,0.222222222222222,0.306166666666667,0.0224959850311279,0.0261900506018173,0.17331316335214,0.30998187989256,0.100293564811308,0.259862132017288,0.676387808308111,0.0990807155369778,0.41729294588626,0.469201074464296
"181",0.954706529653525,0.999992032883215,0.994305585686856,0.953488372093023,0.912661654135338,0.997396625345573,0.997927431965691,0.955684130117017,0.95764927368638,0.930453847080453,0.903931705604411,0.999805951049728,0.98431158687194,0.97528503328443,0.99467477335446
"182",0.510901971624098,0.0578732380726617,0.836163897196249,0.953488372093023,0.617080357142857,0.424489974975586,0.346630149828985,0.754238273381882,0.54520276582591,0.776144795537348,0.564624181175634,0.567228598878865,0.781479520462047,0.475880270313716,0.366198783251745
"183",0.107730051085438,0.000129371268602178,0.00292079726642268,0.0384615384615385,0.0620511266511267,0.0159160494804382,0.039797495650625,0.0802671053753985,0.0710992151890612,0.0470500073187978,0.163699274430371,0.0320752255258793,0.0274778886476002,0.0214536347820146,0.0661584956222195
"184",0.113042364825648,0.000132752769845299,0.00151718788799528,0.0384615384615385,0.0657563218390805,0.00305300951004028,0.00659117642260626,0.0286973061092958,0.00580406814734635,0.0470500073187978,0.0742966145180104,0.00383448244724571,0.0274778886476002,0.000517278311394609,0.00949921669997732
"185",0.813476260175289,0.999841355110507,0.985488128901476,0.953488372093023,0.897386363636364,0.994905032683164,0.999440640562212,0.949287471966094,0.977055658068276,0.918309300600966,0.903931705604411,0.995855461375653,0.955661215374895,0.995074000772637,0.993292101683488
"186",0.107172367125885,0.0204477908992875,0.00582139237828112,0.0384615384615385,0.00773737373737374,0.000524580478668213,8.80240664175712e-05,0.0290444891676518,0.0165710352669219,0.0470500073187978,0.0742966145180104,0.0246013877432606,0.0274778886476002,0.00250014065919985,0.00948237145043008
"187",0.166224030340765,0.0290537912528186,0.00581347183654255,0.0384615384615385,0.0834128694581281,0.00265461206436157,0.00937293418876477,0.082887397684347,0.0575243456012888,0.0488355497137807,0.129449928780636,0.0208921450339035,0.0380769443739329,0.0416851034937504,0.10244955597921
"188",0.0890792374258832,0.108324967996281,0.00131474880906583,0.0384615384615385,0.215241582491582,0.0217885971069336,0.0972547489172292,0.21273273825439,0.250511942991759,0.203415730812131,0.106651854364037,0.00743429372199475,0.17486566906552,0.154277465236595,0.0406181148930753
"189",0.707376695425689,0.979152938919219,0.973041017580524,0.953488372093023,0.774171393557423,0.843983620405197,0.155062779972349,0.849676626599918,0.78870906478816,0.90915489635189,0.759387851237102,0.833010016012871,0.940082302865699,0.809493094866743,0.883382155535527
"190",0.934793486680676,0.99973794036016,0.996839341213212,0.953488372093023,0.972268907563025,0.99858134961687,0.996940429325637,0.948688016756321,0.983249043324644,0.949998809148279,0.903931705604411,0.998387692844139,0.989392680732667,0.995585394275006,0.995367034179368
"191",0.128429625831728,0.00129005530301333,0.00181994579623951,0.0384615384615385,0.0736896551724138,0.00463521480560303,0.00159642270997955,0.017629166577175,0.00580406814734635,0.0470500073187978,0.0742966145180104,0.0049391922203155,0.0274778886476002,0.000517278311394609,0.0094814364712157
"192",0.832376572436569,0.99930439298627,0.980481573449058,0.953488372093023,0.973035714285714,0.999141488049645,0.999616039722251,0.945173515951827,0.95897638877293,0.919297421350184,0.903931705604411,0.978421461558646,0.966452905840329,0.984737680707647,0.991510049507763
"193",0.674372587967532,0.782350502068447,0.977656050727802,0.953488372093023,0.634210084033613,0.288737058639526,0.116732589822962,0.793349565247268,0.712449663544511,0.859170981623418,0.658593506619588,0.830858881709563,0.897836720640364,0.68154323237007,0.716630235897698
"194",0.576784458763649,0.0330718701111903,0.637819906877609,0.537313432835821,0.446901709401709,0.880624435842037,0.757646637715194,0.656957397034681,0.379834693708146,0.667945126871384,0.545556933268972,0.411687698600402,0.706240673862148,0.566627978885862,0.551073981699945
"195",0.827904768205063,0.997164258291294,0.994064359757543,0.953488372093023,0.804583333333333,0.979074386879802,0.959814432812655,0.859894087264644,0.91238108471416,0.908055011277477,0.759387851237102,0.980653627732702,0.921496580182728,0.950163686993939,0.967520449620505
"196",0.309792671221309,0.398328029756727,0.41837943650708,0.222222222222222,0.484612454212454,0.377816677093506,0.079769496475866,0.175838055840087,0.565918508782935,0.415336713033467,0.0995391741923658,0.338797525249368,0.340121757140956,0.485299133985968,0.0141175599177894
"197",0.175292026408301,0.00788628644375108,0.00638226414881699,0.0384615384615385,0.198565472165878,0.00413501262664795,0.00130601872287798,0.0325937130003623,0.0794908517896695,0.0470500073187978,0.135810372530269,0.0358363535320998,0.0274778886476002,0.0174326312811187,0.0530101186007302
"198",0.486869672355615,0.991080301051437,0.089704021926601,0.0384615384615385,0.30688713416401,0.466763377189636,0.0476219395493832,0.48300695980842,0.377561574935163,0.0482879097441207,0.325902347574165,0.947350350750673,0.0274778886476002,0.596778991147314,0.758572843313
"199",0.0973473555061566,7.95246668759927e-05,0.00191023261106515,0.0384615384615385,0.0555896551724138,0.00599473714828491,0.00558543191939789,0.0449903990811324,0.00580406814734635,0.0470500073187978,0.0742966145180104,0.00780831326719722,0.0274778886476002,0.000517278311394609,0.0094805015833096
"200",0.25353035349972,0.0026169141279465,0.00720695450482377,0.0384615384615385,0.146294642857143,0.00604021549224854,0.000238588362367969,0.0491190481957551,0.0477773969982203,0.0470500073187978,0.117596474606492,0.0234052175333653,0.0274778886476002,0.0213985019648943,0.0502289460940703
"201",0.161646626447185,0.184456779458655,0.00867954424293614,0.0384615384615385,0.177688411261941,0.00540465116500854,0.00703879779787133,0.119309719184057,0.250511942991759,0.203415730812131,0.0742966145180104,0.0192331282611533,0.17486566906552,0.154277465236595,0.0106210844311098
"202",0.564525864914675,0.84663185528021,0.932944631336099,0.953488372093023,0.709318452380952,0.571397066116333,0.919244309622572,0.828940668592267,0.612451425555471,0.90915489635189,0.591171230679948,0.724153573018217,0.940082302865699,0.60587391575429,0.530581781415338
"203",0.553800930646008,0.545377850434963,0.916064582031222,0.953488372093023,0.73197619047619,0.993829215876758,0.995683577003615,0.937359171638824,0.918460663750765,0.889151885118448,0.79743094071129,0.71982593958097,0.950928262127379,0.950066161075691,0.904876862878637
"204",0.112205083734057,0.000294384599979001,0.00152305884347148,0.0384615384615385,0.0854,0.00152319669723511,0.0029424085125279,0.109963544077276,0.0099428661771647,0.0470500073187978,0.0908819891953877,0.00955670891293068,0.0274778886476002,0.00179412830255485,0.0151511601994576
"205",0.899597326600985,0.998977907523399,0.999088818799054,0.953488372093023,0.974,0.991553558036685,0.997032639562578,0.948831893791458,0.955128316913377,0.949114343369801,0.827746343336537,0.995509630540422,0.982741139376087,0.983080092555911,0.951401023478529
"206",0.120737175082733,0.000910715764582888,0.00270058148193752,0.0384615384615385,0.0108545454545455,0.000377297401428223,0.00127949349075924,0.0278182220287836,0.00580406814734635,0.0470500073187978,0.0742966145180104,0.0129179672769808,0.0274778886476002,0.000517278311394609,0.0094805015833096
"207",0.0751327847387242,2.22044604925031e-16,0.00157065102505002,0.0384615384615385,0.0243401709401709,0.0016443133354187,0.00170670138553386,0.0278182220287836,0.00580406814734635,0.0470500073187978,0.0742966145180104,0.00283868226031473,0.0274778886476002,0.000517278311394609,0.0094805015833096
"208",0.099857009979348,0.00384374597339329,0.000532192669026888,0.0384615384615385,0.0303703703703704,0.0424940586090088,0.141970852455354,0.0563060547958751,0.0179576029512243,0.0470500073187978,0.106651854364037,0.00538097321150007,0.0274778886476002,0.00256538471510328,0.0406181148930753
"209",0.875861003716777,2.22044604925031e-16,0.947432634693013,0.953488372093023,0.827197368421053,0.985317897982895,0.978910061537466,0.815987277021045,0.918173707399908,0.943477531322107,0.759387851237102,0.923192059746098,0.974719151087234,0.979932950070832,0.898194036878669
"210",0.768244473112904,0.999994658798271,0.968766273269036,0.777777777777778,0.776285870927318,0.996188179356977,0.990876707887972,0.936628128926759,0.89689537257622,0.739581765721986,0.735316794617777,0.998109077515403,0.818185555348388,0.931317932441689,0.924474489436537
"211",0.643116695229217,0.804161638825555,0.910372729853342,0.537313432835821,0.772981325863679,0.978152940049767,0.947541019267803,0.668670487738994,0.80986688746944,0.574037872163203,0.58761589496818,0.747468763931723,0.590977167176447,0.912573546889532,0.667680945070368
"212",0.172555523312278,0.0028947321592585,0.00534169191163285,0.222222222222222,0.131588319088319,0.00846946239471436,0.00660067103084792,0.133863245105326,0.0370107460700998,0.100293564811308,0.142356100977039,0.0293231588888219,0.0990807155369778,0.0216202780500216,0.0953302639190143
"213",0.603006021431281,0.999997488700957,0.925371324825461,0.537313432835821,0.516111111111111,0.674002230167389,0.903397195468361,0.584721216819341,0.822480618681735,0.536721575616208,0.659794695287594,0.996540780023046,0.571685169010439,0.958078405166592,0.879811498389765
"214",0.646396131199133,0.726996110107286,0.957987253715035,0.953488372093023,0.701547619047619,0.739138752222061,0.918553744510639,0.888522208446517,0.840454183844069,0.861869876320803,0.763624886321775,0.857333720094902,0.816831211971037,0.895337288188653,0.841480310395962
"215",0.73505425362306,0.966653062395582,0.988841975974398,0.953488372093023,0.801490535608183,0.890644729137421,0.945582145144527,0.87115501801231,0.920738735852212,0.78618270828365,0.768395659315758,0.950013895440406,0.814224553738295,0.924349704949597,0.927553399335184
"216",0.141799368851727,0.0617731696153046,0.00451016367621393,0.0384615384615385,0.0739136904761905,0.015164852142334,0.0407052239532516,0.0727433337943447,0.191559243416964,0.0470500073187978,0.0937428581738581,0.0195666629228935,0.0274778886476002,0.144860640449959,0.0374678331741926
"217",0.406261148723317,0.930458412549239,0.72607823913237,0.537313432835821,0.32935267673503,0.0314462780952454,0.0658759689403814,0.434876860555968,0.364311529147187,0.546696285116836,0.442961421393091,0.541588455684303,0.494522357915076,0.193284220027422,0.18800281793941
"218",0.637410805124492,0.00842622785029206,0.126793392623033,0.0384615384615385,0.310345626651915,0.0211484432220459,0.00179659386294356,0.0485439011601089,0.0638476367502728,0.0470500073187978,0.176376549250837,0.344945127047554,0.0274778886476002,0.0192428405419416,0.0933898447363675
"219",0.957340837040399,1,0.999850893633269,0.953488372093023,0.781666666666667,0.967169918119907,0.851469722975235,0.779972208005399,0.899066865892032,0.90915489635189,0.759387851237102,0.99131376433011,0.940082302865699,0.971571368616893,0.899458130553917
"220",0.644714588206422,0.791051152610615,0.950195542166218,0.953488372093023,0.820666666666667,0.915723547339439,0.956717710672592,0.904551895774931,0.863215789299346,0.711258988245718,0.794508473652384,0.863216368894938,0.666578544149986,0.912016858280936,0.917156559548944
"221",0.0844720545442492,0.000961631946187388,0.00196207401756002,0.0384615384615385,0.0233177933177933,0.000656306743621826,0.00159295466950498,0.0178449062014656,0.0165710352669219,0.0470500073187978,0.0742966145180104,0.00681308940863247,0.0274778886476002,0.00250014065919985,0.00953205624061456
"222",0.650385524805516,0.996385248123045,0.971535187494766,0.537313432835821,0.574997198879552,0.837427288293839,0.989670241351999,0.672607783528434,0.89689537257622,0.564185187309419,0.800594236276986,0.974029612177184,0.663436827192784,0.941721064372839,0.982254987335233
"223",0.599214315359233,0.649896238613964,0.928153798311578,0.537313432835821,0.449965452847806,0.71697399020195,0.798072036669342,0.545237306430446,0.777509956002431,0.55963957331474,0.58761589496818,0.834017264641861,0.546148485729452,0.843085342365983,0.672083820671746
"224",0.810381942031707,0.999999840281804,0.994165688287284,0.537313432835821,0.58571335200747,0.984003204852343,0.998868916871832,0.853821371272693,0.944678113752488,0.65897414135672,0.822555714617152,0.99967599531082,0.812081850357906,0.993278616337388,0.986041722824661
"225",0.468041595166079,1,0.509108396535851,0.0384615384615385,0.122012406495165,0.0232779979705811,0.0347511402623591,0.0413276917022309,0.0218820662697968,0.0488355497137807,0.106651854364037,0.169598144127027,0.0380769443739329,0.00394073670280451,0.0462128097052978
"226",0.15806281948532,0.0256398137433143,0.00200119247917729,0.222222222222222,0.202454545454545,0.0470582842826843,0.119018254669264,0.125957482956133,0.0986321973149554,0.103879433430683,0.142356100977039,0.0175284619409209,0.133507573488255,0.108369882076116,0.107500954650469
"227",0.102317150024177,0.0155046591770827,0.00179415815380825,0.0384615384615385,0.05,0.00101739168167114,0.00109910383725782,0.0473317506589396,0.0794908517896695,0.0470500073187978,0.0742966145180104,0.0104950933540931,0.0274778886476002,0.0174326312811187,0.0094814364712157
"228",0.393841807272118,0.0282630416917443,0.623346960108166,0.222222222222222,0.561712454212454,0.676783263683319,0.16317225723708,0.19926815457362,0.70833599049668,0.424867377595467,0.14121034441107,0.465002779486998,0.419319874540969,0.754103481144602,0.0662929517019767
"229",0.352167878107724,0.362338809396132,0.102655043613487,0.0384615384615385,0.25438013136289,0.0936289429664612,0.0608666589413479,0.130969530144561,0.139513665234778,0.0470500073187978,0.245296154125198,0.292290683883005,0.0274778886476002,0.0429220030629971,0.237178668227589
"230",0.847533224806519,0.999761143037676,0.9957264568984,0.953488372093023,0.872151785714286,0.967442080378532,0.993641099258072,0.891574514613853,0.961211165474199,0.857784025387063,0.805996040234125,0.996348096954625,0.911576290059538,0.970254025150404,0.973957246119693
"231",0.128631013530239,0.0138937453567417,0.00123056578155111,0.0384615384615385,0.0814594964422551,0.0366823077201843,0.171797207349796,0.208040587017407,0.123613973756853,0.0482879097441207,0.163699274430371,0.123550543147204,0.0274778886476002,0.0949098387992986,0.105659598898669
"232",0.778095238782261,0.971021959501999,0.989877508497699,0.953488372093023,0.880714795008913,0.994558302219957,0.991577844810121,0.949287471966094,0.981718561471604,0.918309300600966,0.903931705604411,0.964825963995223,0.955661215374895,0.991826314607467,0.989245259875391
"233",0.426302541182738,0.580723328935457,0.604009389550192,0.537313432835821,0.656459373959374,0.855185806751251,0.858447989359832,0.490478325500279,0.62128573120558,0.667945126871384,0.621866788057479,0.54342304225108,0.706240673862148,0.571960986365047,0.690409167055231
"234",0.736648938821946,0.27674184775216,0.950471522155315,0.953488372093023,0.918636363636364,0.997159589780495,0.969597293010979,0.936628128926759,0.978989903847461,0.919297421350184,0.863493310047276,0.833790634316478,0.966452905840329,0.992930140306549,0.954064095712998
"235",0.395067444168615,0.0146824972918859,0.03522502451353,0.0384615384615385,0.245189655172414,0.0844654440879822,0.0205919588102328,0.157714200212937,0.150998762256643,0.103879433430683,0.231849683396718,0.113212483895291,0.133507573488255,0.195981772221156,0.306026175166566
"236",0.521794412727723,0.17171837413711,0.863200894328052,0.537313432835821,0.391849888673418,0.471895575523376,0.351284336650876,0.350005716971311,0.295292091517441,0.532127061711391,0.541884148778436,0.508475900978039,0.44897894189955,0.326444086562922,0.529704540734446
"237",0.853150824873271,0.848663841588681,0.93399049531259,0.953488372093023,0.833864035087719,0.997300114482641,0.998862796980553,0.955684130117017,0.963866468230072,0.944454239068354,0.885020567229221,0.960447447810024,0.984413320740293,0.99333258123205,0.986633871947279
"238",0.721067333928,0.971119103310267,0.950402524895027,0.537313432835821,0.72840258760847,0.914566114544868,0.914350177110233,0.699248935950436,0.688231078750947,0.574037872163203,0.679440167443095,0.80964543440289,0.590977167176447,0.737950911056236,0.881898794069889
"239",0.161559664094578,0.00223221879026757,0.00372597077807213,0.0384615384615385,0.163731176231176,0.018278956413269,0.0312182744741615,0.0883631485386436,0.0549361327134211,0.100293564811308,0.160823947689465,0.0180236481277401,0.0990807155369778,0.0529550499542669,0.153660325220236
"240",0.68874175939001,0.938750600994895,0.971420702426804,0.953488372093023,0.868294642857143,0.856816947460175,0.987609912136008,0.909866559194253,0.892579845242835,0.91691330824577,0.827746343336537,0.893559911998101,0.929367686864422,0.958861798589107,0.961883598885527
"241",0.951298986528235,0.999938209208842,0.999078368942237,0.953488372093023,0.983321428571429,0.998779289075173,0.999417404793368,0.955684130117017,0.983249043324644,0.949998809148279,0.903931705604411,0.998169543608779,0.989392680732667,0.996126998064285,0.993043736928902
"242",0.17548789101341,0.0285779619604079,0.00785578337123913,0.0384615384615385,0.0884229497354497,0.00853508710861206,0.00554160502425657,0.0360698169668119,0.028183568979881,0.0470500073187978,0.106651854364037,0.0560038865471187,0.0274778886476002,0.00879880588126351,0.06155702126076
"243",0.459507896610636,0.568181308588654,0.812143543388958,0.537313432835821,0.528490231990232,0.65377551317215,0.110161514232802,0.434876860555968,0.545462104042662,0.546696285116836,0.442961421393091,0.582255700388705,0.494522357915076,0.68139795419018,0.232568894983765
"244",0.221900225741498,0.00251214411015155,0.00265439575459631,0.0384615384615385,0.181785049909256,0.0027393102645874,0.00950399587572086,0.118014696544442,0.0207472376971301,0.0470500073187978,0.153819617273743,0.00755606207699858,0.0274778886476002,0.0134564402602997,0.0532748275032893
"245",0.65585619152583,0.984908586092332,0.946895784809527,0.537313432835821,0.686101692425222,0.967143759131432,0.953507720514853,0.708174985288845,0.717566601461454,0.692092384992379,0.621866788057479,0.826815738175717,0.780248159555242,0.919186114184089,0.740849072484701
"246",0.741315125254069,0.999841562776416,0.9511764711743,0.777777777777778,0.814666666666667,0.968086276203394,0.911245003803443,0.903477405062284,0.952711231199211,0.867685700523137,0.8380480391513,0.99779690196289,0.936180134852404,0.963163039529403,0.969687691072385
"247",0.771104800244706,0.892749054264938,0.963681149762506,0.953488372093023,0.779042717086835,0.997804431477562,0.993866784192291,0.955684130117017,0.929302765691533,0.922917814813678,0.885020567229221,0.953353851252111,0.977002467066034,0.98267565892083,0.98643417890001
"248",0.828116619154294,0.996251841128698,0.992476336447509,0.953488372093023,0.9775,0.997643741546199,0.987271306537451,0.936628128926759,0.95897638877293,0.919297421350184,0.863493310047276,0.985327448662366,0.966452905840329,0.981377524908359,0.985860650822855
"249",0.133647721412829,0.00122230625558017,0.00108181077121571,0.0384615384615385,0.0226896551724138,0.000819265842437744,0.00334378287468089,0.0205026532670381,0.0370584991863455,0.0488355497137807,0.129449928780636,0.00653622602789091,0.0380769443739329,0.0135534604258418,0.0708784620303297
"250",0.431716243444948,0.214833603093143,0.564524802085802,0.537313432835821,0.462163614163614,0.131309509277344,0.610001053477995,0.665921320851328,0.482498752158782,0.478966059506882,0.49760591687515,0.341931759324903,0.497528248371563,0.309400192330119,0.245611669695645
"251",0.108313727861455,0.000187642501358875,0.00292327209260293,0.0384615384615385,0.0516700123152709,0.00959235429763794,0.0246608779423768,0.0278182220287836,0.00917384937301983,0.0470500073187978,0.0742966145180104,0.00888107803945749,0.0274778886476002,0.00163581421801265,0.0141175599177894
"252",0.172074364549284,0.00621694383103028,0.0137544955108001,0.0384615384615385,0.0542306808134394,0.000508546829223633,0.000240623591216406,0.017629166577175,0.0117605554905677,0.0470500073187978,0.0742966145180104,0.0443104707151198,0.0274778886476002,0.00145239012042555,0.0301397656464556
"253",0.33081555482189,0.0254864329666868,0.385444821756529,0.537313432835821,0.264150793650794,0.095133900642395,0.0808607180270608,0.224522051418249,0.108817039296274,0.444715338248318,0.442961421393091,0.18702344749599,0.354040841113253,0.0747918914019298,0.232977805872461
"254",0.463152293783798,2.22044604925031e-16,0.0339849435604719,0.222222222222222,0.290506493506493,0.0130326151847839,0.00293904055945591,0.0706130789299479,0.099854002723634,0.100293564811308,0.0908819891953877,0.0248074301931764,0.0990807155369778,0.0966722456373713,0.0473759547650642
"255",0.766714616433767,0.937039933906233,0.774536497056134,0.953488372093023,0.918214285714286,0.996519537642598,0.998348394919632,0.916092542892704,0.908490005343281,0.877606234889677,0.903931705604411,0.957180731367992,0.941655245304881,0.920905730146963,0.992296692800043
"256",0.906906692290014,0.999638892596975,0.999358461105352,0.953488372093023,0.927333333333333,0.992424472700804,0.996931858779372,0.948831893791458,0.937629005653573,0.949114343369801,0.827746343336537,0.997154890511266,0.982741139376087,0.971195983612889,0.961957657287335
"257",0.517832096450106,0.982599759380923,0.880785320331797,0.777777777777778,0.759071585213032,0.826586022973061,0.995996848611199,0.937359171638824,0.944316833482666,0.821345341323811,0.779084727389783,0.79804270744075,0.857361168513537,0.969586488307322,0.8646171609787
"258",0.304536164755976,0.035336152808667,0.05089039521025,0.0384615384615385,0.0811363636363636,0.0489335060119629,0.0128313008978835,0.0491190481957551,0.0306664579053598,0.0470500073187978,0.146581366158822,0.102355320684131,0.0274778886476002,0.00838543699559513,0.0853015759106398
"259",0.131610555482192,0.00315533386273465,0.00307144266881979,0.222222222222222,0.112854545454545,0.00280046463012695,0.000593864939205842,0.0706130789299479,0.0159098758501962,0.100293564811308,0.0908819891953877,0.0118528362884216,0.0990807155369778,0.00719110079040852,0.0151511601994576
"260",0.613710013182153,0.900497926055504,0.947217802387038,0.953488372093023,0.827493055555556,0.94528778642416,0.93149557719366,0.927054303937518,0.884502179322232,0.91791680541323,0.763624886321775,0.777557807755972,0.946198720388864,0.929481355272274,0.791776887002541
"261",0.228706322382502,1,0.00724572569071599,0.0384615384615385,0.09,0.000195562839508057,5.47578969535279e-05,0.0178449062014656,0.0165710352669219,0.0470500073187978,0.0742966145180104,0.00325421198216689,0.0274778886476002,0.00250014065919985,0.00948237145043008
"262",0.223761676078505,0.00805320734199906,0.0101685090110779,0.0384615384615385,0.1061817002442,0.0787451267242432,0.00769342903669088,0.0290444891676518,0.0441919535152703,0.0470500073187978,0.0937428581738581,0.0394423199125312,0.0274778886476002,0.025425949900237,0.0367881047356437
"263",0.121223777655797,0.0102938582473244,0.00299192303222791,0.0384615384615385,0.0128108672936259,0.000766992568969727,0.0145393367613128,0.0286973061092958,0.00580406814734635,0.0470500073187978,0.0742966145180104,0.0158123670092406,0.0274778886476002,0.000517278311394609,0.00954334137512217
"264",0.862332611415745,0.94916350394849,0.991896048517025,0.953488372093023,0.978781512605042,0.985005920752883,0.99782739957662,0.948831893791458,0.983249043324644,0.949114343369801,0.827746343336537,0.954549694414264,0.982741139376087,0.996126998064285,0.952228815096997
"265",0.147064153016018,0.00711633372287157,0.0117312975237371,0.0384615384615385,0.0991653646481233,0.0203995108604431,0.0327920151194429,0.0563060547958751,0.0179576029512243,0.0470500073187978,0.106651854364037,0.0312843734278526,0.0274778886476002,0.00279608190821252,0.0406181148930753
"266",0.320432442417517,0.0303278967408177,0.504511056541109,0.537313432835821,0.222016124398477,0.45051497220993,0.160852869699186,0.665921320851328,0.496442218337986,0.574037872163203,0.525078291143355,0.306794685631104,0.523045757696485,0.475483869377277,0.335172032785995
"267",0.105684660148569,0.000238868513146472,0.000663803995540755,0.0384615384615385,0.0360896551724138,0.0028005838394165,0.00130517702923238,0.017629166577175,0.00580406814734635,0.0470500073187978,0.0742966145180104,0.003801235439834,0.0274778886476002,0.000517278311394609,0.0094814364712157
"268",0.651287046212523,0.468817833040095,0.965790335512146,0.953488372093023,0.631063316993464,0.615096241235733,0.126636860096065,0.746410495048458,0.831784182588445,0.788400757712463,0.612446677190115,0.815517366027685,0.854188371274013,0.79046738782686,0.583673494485
"269",0.846445064262712,0.999197519103616,0.996793522626508,0.953488372093023,0.849944444444444,0.949477035552263,0.916246463579626,0.891574514613853,0.961211165474199,0.855516464780808,0.805996040234125,0.995781367260459,0.862890530123773,0.991874480476285,0.96575488161105
"270",0.547290823547024,0.236028541971274,0.808819403046636,0.537313432835821,0.526423328305681,0.224415004253387,0.0901020600244362,0.665921320851328,0.670421967318642,0.478966059506882,0.560734734497899,0.627825916502473,0.497528248371563,0.678844826237167,0.464452356903457
"271",0.249651096444385,0.0240455657546625,0.0357289655890816,0.0384615384615385,0.147794642857143,0.00550997257232666,0.00131192974588877,0.0933269473071212,0.0794547651817896,0.0470500073187978,0.155750872408759,0.0911982101825895,0.0274778886476002,0.0651207743144041,0.176239588750111
"272",0.174008250864105,0.018662980564481,0.00714844276593113,0.222222222222222,0.095771744595274,0.00205916166305542,0.00120906274675369,0.0281550781177994,0.0176201636503289,0.0470500073187978,0.0742966145180104,0.0187283858557464,0.0274778886476002,0.00306906673121398,0.0106200383765317
"273",0.14693725512909,0.000223992859000449,0.00346718433044057,0.222222222222222,0.115724915824916,0.00127667188644409,0.000848468584363537,0.0541264042169788,0.00669849055328269,0.0470500073187978,0.106651854364037,0.0269453701272644,0.0274778886476002,0.000651886372943909,0.0406181148930753
"274",0.614484746871087,0.614486295215113,0.9701087228332,0.953488372093023,0.587619047619048,0.375606715679169,0.727162697280048,0.744556695753475,0.53696889602084,0.904193604966272,0.509842093022268,0.817915819886282,0.928912955125366,0.456871761979919,0.42500945481749
"275",0.751436360316819,0.987575546154326,0.978290089236714,0.953488372093023,0.832462074303405,0.987470670603216,0.989865556669265,0.904551895774931,0.966814826197248,0.864053569710631,0.863493310047276,0.974217017980456,0.879589795822527,0.98781007510661,0.959839725104711
"276",0.974184596830156,0.999999081222871,0.999325751710243,0.953488372093023,0.978462074303405,0.997162038693205,0.999011739154887,0.949287471966094,0.983249043324644,0.949998809148279,0.903931705604411,0.999966281947168,0.989392680732667,0.995585394275006,0.995155846128044
"277",0.842848112784347,0.992902989871679,0.996593436499553,0.953488372093023,0.901919191919192,0.98540847748518,0.930933597627158,0.888522208446517,0.955780297692491,0.91791680541323,0.763624886321775,0.985144850334494,0.958628578895857,0.988306968212914,0.943365057346041
"278",0.118162001070638,0.00119364911038606,0.00138847860203621,0.0384615384615385,0.0851947056774643,0.0097619891166687,0.011735301487648,0.0752322686890288,0.00651705444382821,0.0470500073187978,0.0753212500651792,0.00496361418328173,0.0274778886476002,0.00155139788505461,0.0113417432988977
"279",0.612676327769918,0.808513065115544,0.940533985405456,0.953488372093023,0.780270833333333,0.838798359036446,0.878607248851774,0.917720102760341,0.773755068416589,0.943416777389856,0.749404812277564,0.867307645896751,0.972969226374215,0.802197444991662,0.904046267875011
"280",0.923182135430118,0.999470261817363,0.996968089099882,0.953488372093023,0.940448179271709,0.982927409932017,0.995139776064558,0.902881827925434,0.978989903847461,0.91791680541323,0.827746343336537,0.981022530385355,0.958628578895857,0.994926573029739,0.962575676374027
"281",0.148961976456813,0.00262460971907357,0.00163916415598173,0.0384615384615385,0.0226896551724138,0.00102829933166504,0.00092616828093373,0.0205026532670381,0.0218820662697968,0.0488355497137807,0.106651854364037,0.0108469630827237,0.0380769443739329,0.00394073670280451,0.0453188167887908
"282",0.122179666252276,0.0363292434758701,0.00252920889627548,0.222222222222222,0.117882608132608,0.0255570411682129,0.192404149047519,0.13530550028937,0.0907046106120917,0.0470500073187978,0.106651854364037,0.0233405010180082,0.0274778886476002,0.021872686125465,0.0406181148930753
"283",0.122416128322236,0.000969370911344131,0.00547971654099828,0.0384615384615385,0.0607690202517789,0.00023418664932251,9.42848945725815e-05,0.0437437887627189,0.00999926974240816,0.0470500073187978,0.0937428581738581,0.0172780202901647,0.0274778886476002,0.00155843438597976,0.0248612925854548
"284",0.71446263719617,0.942695077768055,0.978340874037299,0.953488372093023,0.889369047619048,0.708901613950729,0.989199712333541,0.920820858564899,0.899537414233178,0.949114343369801,0.827746343336537,0.925806820352211,0.9773848857922,0.950110700259338,0.951667298888655
"285",0.675953068281112,0.999999997877276,0.954492841531082,0.953488372093023,0.734083333333333,0.920600570738316,0.97440746085506,0.903477405062284,0.945473266551386,0.67633633323551,0.759781505828137,0.997694736273309,0.640743089071963,0.993258855730552,0.861328401929828
"286",0.684005005206614,0.807505416291926,0.890862147530709,0.953488372093023,0.77625,0.968650817871094,0.896094562093168,0.876094684148891,0.643282826363537,0.943477531322107,0.662628141859754,0.541782860923816,0.974719151087234,0.867850768903412,0.78928882349879
"287",0.494076768977455,0.702081444186918,0.846317687984945,0.537313432835821,0.395759103641457,0.696504175662994,0.449764507003979,0.316407650900706,0.588637076823005,0.55963957331474,0.58761589496818,0.62657637651011,0.477356199154958,0.594398209574785,0.676383413088314
"288",0.404175031413727,0.000930558005024112,0.0334600839440154,0.0384615384615385,0.29860632183908,0.147743165493011,0.131407425147359,0.163344918288713,0.150998762256643,0.103879433430683,0.231849683396718,0.0808116187152679,0.133507573488255,0.195981772221156,0.305941613779875
"289",0.154822743476411,0.0030672581592345,0.00339909392737867,0.0384615384615385,0.0496896551724138,0.00127774477005005,0.00151054815265732,0.0281550781177994,0.0117605554905677,0.0470500073187978,0.0742966145180104,0.0168305383889123,0.0274778886476002,0.00145239012042555,0.0300119888201212
"290",0.925218002692495,0.962991176426172,0.984032144445048,0.953488372093023,0.92,0.983066299930215,0.998245457059537,0.948831893791458,0.95764927368638,0.929249400479911,0.827746343336537,0.957795655302676,0.974555779052991,0.97528503328443,0.956170553624858
"291",0.324794508690261,0.026333508150368,0.335667653595341,0.537313432835821,0.36160150960151,0.0297443866729736,0.0133809538383996,0.318524699167499,0.195748360213159,0.444715338248318,0.442961421393091,0.216636655981896,0.354040841113253,0.184020855746363,0.16843818330744
"292",0.10163405109247,0.000272563465408281,0.000874768960460254,0.222222222222222,0.0428249158249158,0.000648200511932373,0.00092112305384522,0.0345574951234766,0.00617581013916077,0.0470500073187978,0.106651854364037,0.0103638784660036,0.0274778886476002,0.000635276300630815,0.0406181148930753
"293",0.229849207014591,0.00430363171608751,0.0122144195025758,0.0384615384615385,0.14751352411393,0.00536787509918213,0.00809225038943654,0.0275552044487997,0.0140996004833187,0.0470500073187978,0.0937428581738581,0.0456869926366304,0.0274778886476002,0.00268247947987652,0.0284809916917684
"294",0.206926423121089,0.00918915982461278,0.0141005039915121,0.0384615384615385,0.096969696969697,0.0257390141487122,0.215630083615651,0.0606965045486475,0.0306664579053598,0.0470500073187978,0.165438286382588,0.0527775153874679,0.0274778886476002,0.00629565369848031,0.134097066038571
"295",0.116273690133183,0.00496722310773785,0.00301153220407925,0.0384615384615385,0.0140229885057471,0.00222831964492798,0.000155958595999843,0.0281550781177994,0.0117605554905677,0.0470500073187978,0.0742966145180104,0.0145753930916191,0.0274778886476002,0.00145239012042555,0.0094805015833096
"296",0.947055432893877,0.999996665405186,0.998977407263252,0.953488372093023,0.83,0.989554775878787,0.997816674846106,0.955684130117017,0.977055658068276,0.909585161327085,0.885020567229221,0.999948074790647,0.962026076299622,0.995074000772637,0.997290150836976
"297",0.753905676095728,0.983037055320074,0.960953202412534,0.537313432835821,0.811715434891905,0.984729466028512,0.971998771685313,0.853821371272693,0.929712957986864,0.696013419214318,0.805832714016606,0.975613443794731,0.853289806927526,0.953762122825487,0.975596842551879
"298",0.382760108468963,0.0364614659986915,0.510216695287658,0.537313432835821,0.26414632752868,0.226808369159698,0.405030400685107,0.665921320851328,0.330919124152453,0.56090552568174,0.525078291143355,0.425239126221249,0.523045757696485,0.20018105080731,0.335172032785995
"299",0.778438410941312,0.635622323243057,0.970203833590031,0.953488372093023,0.760221628045157,0.993395578116179,0.959164704714702,0.779972208005399,0.612451425555471,0.90915489635189,0.716821431542537,0.665992692900033,0.940082302865699,0.925644230423848,0.909646654691882
"300",0.380669257599155,0.864189645755082,0.719937110670363,0.537313432835821,0.510405372405372,0.689318418502808,0.299041769952421,0.525840608181134,0.379834693708146,0.667945126871384,0.541884148778436,0.534734146367512,0.706240673862148,0.183968490189225,0.505969053450904
"301",0.507824973581722,0.999851540582596,0.695971605289332,0.537313432835821,0.637539682539683,0.953884202986956,0.995836904871042,0.621545683062192,0.770466374255345,0.536721575616208,0.742587603209758,0.987060554104017,0.571685169010439,0.927992578194156,0.933816329502152
"302",0.230931367345247,0.771451921650449,0.0243863018434811,0.0384615384615385,0.120688240465117,0.0651320219039917,0.229379486146953,0.0618474963072181,0.19734576533227,0.0488355497137807,0.189471070753909,0.200512570291926,0.0380769443739329,0.082156414428262,0.44171517801414
"303",0.959946332376885,0.999948253308047,0.997148427093863,0.953488372093023,0.957268907563025,0.99763903580606,0.995228927464221,0.948688016756321,0.983249043324644,0.949998809148279,0.903931705604411,0.999834310443848,0.989392680732667,0.994600378208626,0.99555504313303
"304",0.823101698614819,0.99945510375776,0.978458914295766,0.953488372093023,0.903666666666667,0.990329486317933,0.999522023966892,0.904551895774931,0.966814826197248,0.864053569710631,0.863493310047276,0.995401829550112,0.879589795822527,0.986733868205126,0.975406878074607
"305",0.0745173365568529,0.00120979337943767,0.00056451891556669,0.0384615384615385,0.0812452107279693,0.00773811340332031,0.0106775112094362,0.0455254588008358,0.0165710352669219,0.0470500073187978,0.0742966145180104,0.00254083856718187,0.0274778886476002,0.00250014065919985,0.0094805015833096
"306",0.37078781469598,0.443294446122463,0.671312266056921,0.537313432835821,0.433691697191697,0.236576914787292,0.733063592504819,0.226685433636078,0.330620735046053,0.532127061711391,0.442961421393091,0.487277385392665,0.44897894189955,0.4239579285309,0.171245368761372
"307",0.251739127286881,0.0102847092170922,0.0145448999024669,0.0384615384615385,0.265689655172414,0.0486351847648621,0.183025020307865,0.1357993550605,0.139513665234778,0.0470500073187978,0.241980005210044,0.193933196311602,0.0274778886476002,0.0429220030629971,0.202350707006887
"308",0.865498799247555,0.996450244351313,0.981001332170962,0.953488372093023,0.936666666666667,0.99317897297442,0.999178549790314,0.948831893791458,0.983249043324644,0.946467168915918,0.827746343336537,0.981156724266297,0.982741139376087,0.995388082728352,0.964821008711342
"309",0.880045130370707,0.999737146871676,0.9975340479481,0.953488372093023,0.84468954248366,0.97889974527061,0.994800808697753,0.837584356396416,0.968960116606899,0.909585161327085,0.860719910440014,0.998323735002159,0.962026076299622,0.994299439722921,0.992555294770762
"310",0.846155407117789,0.996347823879148,0.99161450046954,0.953488372093023,0.687166666666667,0.748699754476547,0.706557178737889,0.779972208005399,0.785372042407011,0.785303809366437,0.658593506619588,0.971644494273647,0.781479520462047,0.925539071537721,0.929075064387734
"311",0.27897530717766,0.501889168880226,0.0231446053004947,0.222222222222222,0.200888888888889,0.0121572017669678,0.030740604699346,0.121428509701624,0.159181062792557,0.103879433430683,0.160823947689465,0.0806822375133621,0.133507573488255,0.215456121404663,0.168871293229919
"312",0.48434626316839,0.953412392352398,0.789715012174348,0.537313432835821,0.589679738562091,0.866808116436005,0.967437553615478,0.701226960124259,0.91364094938351,0.578546787328158,0.684029731635463,0.877691684760986,0.642395230423048,0.957270410730863,0.751329964392944
"313",0.891431233733219,0.999403485904536,0.978401074423783,0.953488372093023,0.915714285714286,0.997992561198771,0.999570462368642,0.945173515951827,0.958266225724892,0.889151885118448,0.903931705604411,0.989100423852286,0.962308967475195,0.983630962464843,0.994224594564814
"314",0.0689069187323958,0.000141329689172254,0.00106988450512581,0.0384615384615385,0.0353108672936259,0.000707864761352539,0.0046811444064448,0.0205026532670381,0.00629548603471289,0.0470500073187978,0.0742966145180104,0.00301104362623147,0.0274778886476002,0.000649807114814296,0.0108251736509597
"315",0.78085566706749,0.996953192735388,0.988115143187486,0.953488372093023,0.794690476190476,0.993321133311838,0.99701984841428,0.86795950590087,0.909745104023253,0.788400757712463,0.790673276949486,0.973693751383362,0.854188371274013,0.984102150878899,0.958461115902375
"316",0.126944337999851,0.0576498295862977,0.00335117099208996,0.0384615384615385,0.0781271551724138,0.0630020499229431,0.0168611712010653,0.126998594569953,0.120458878212122,0.0470500073187978,0.163699274430371,0.0352807710117937,0.0274778886476002,0.0531818207624989,0.109562464483339
"317",0.376533253017595,0.666471216191324,0.650611186810198,0.537313432835821,0.416996947496948,0.227662980556488,0.476434196737123,0.388068078764478,0.312459596246421,0.546696285116836,0.442961421393091,0.418558304485477,0.494522357915076,0.394489509435836,0.16843818330744
"318",0.410977274832982,0.112805085182619,0.883080847819336,0.777777777777778,0.472403926482874,0.650561511516571,0.502665750601936,0.830551095503314,0.548322327171931,0.622579267660094,0.524004290775733,0.381093846829356,0.45545099864676,0.480481132865272,0.306751692068917
"319",0.170167661267882,0.00896055124120068,0.00203162561446023,0.0384615384615385,0.130732512315271,0.0714797973632812,0.0107839063251282,0.0454827587032244,0.0685558465901288,0.100293564811308,0.100386340965895,0.0166212292823778,0.0990807155369778,0.0481291013123316,0.0233244778393628
"320",0.850327705839974,0.994442472558489,0.977692427649583,0.777777777777778,0.818545407636739,0.997627826174721,0.999456291082389,0.945173515951827,0.952711231199211,0.867685700523137,0.885020567229221,0.980584306882278,0.936180134852404,0.993492046746014,0.990692034274241
"321",0.230406330438134,0.0204707520274291,0.0102337654443295,0.222222222222222,0.283576917989418,0.0311883091926575,0.166124987674065,0.133863245105326,0.0496711901492224,0.100293564811308,0.142356100977039,0.0416361749162837,0.0990807155369778,0.0656449095602485,0.136184572465022
"322",0.665026427274931,0.949625317673762,0.979277954499975,0.953488372093023,0.695790892114422,0.894453890621662,0.910284579816171,0.793777572038274,0.82848105557862,0.908055011277477,0.662628141859754,0.863771983408909,0.921496580182728,0.940301805358105,0.768481150558017
"323",0.404479697063448,0.421825307910068,0.721459963208521,0.537313432835821,0.413984211866565,0.348792433738708,0.343564529319634,0.363819626139693,0.29981308935373,0.591155393172301,0.595682064998775,0.551937917868315,0.606011207747289,0.146767776330002,0.687838892927467
"324",0.863169250659226,0.896963839350734,0.992564080170824,0.953488372093023,0.902417876241406,0.993048602249473,0.899696171801227,0.888522208446517,0.9155649000198,0.91791680541323,0.763624886321775,0.93848812880402,0.958628578895857,0.965287834998503,0.841979496263929
"325",0.469650408962204,0.157637869756852,0.805483134496836,0.537313432835821,0.3517056179115,0.125644087791443,0.223102871753182,0.547658811383669,0.384368809212542,0.55963957331474,0.525078291143355,0.425007310508335,0.477356199154958,0.316440272913328,0.36118424674892
"326",0.27961305246325,0.19923922040509,0.0189225866352781,0.0384615384615385,0.143213464696223,0.0734057426452637,0.0242278522352857,0.198796347743546,0.0454379258857992,0.0470500073187978,0.163699274430371,0.13655287335685,0.0274778886476002,0.0123872576530548,0.0763562823034473
"327",0.268022736467959,0.00202938637444712,0.193641051696144,0.537313432835821,0.255184537684538,0.0132737159729004,0.0317264682137625,0.278077187395911,0.198962520978184,0.532127061711391,0.442961421393091,0.123013729070104,0.44897894189955,0.275437370464994,0.171197899781158
"328",0.122713975374438,0.00220130708429021,0.00165402260611226,0.0384615384615385,0.0743563218390805,0.0245046019554138,0.00142274189079785,0.198796347743546,0.0454379258857992,0.0470500073187978,0.163699274430371,0.0172004856629806,0.0274778886476002,0.0123872576530548,0.076019960221919
"329",0.761201613180499,0.990670236152589,0.989990678715331,0.777777777777778,0.84862317251462,0.956991635262966,0.758129041016546,0.955684130117017,0.942888036188759,0.884100066794294,0.850004800880685,0.984789888525702,0.940756032390682,0.962494687026505,0.978256320505893
"330",0.145735415782611,0.00416176371686793,0.00773613837820218,0.0384615384615385,0.0498581482534069,0.0046120285987854,0.00543574590533989,0.0345574951234766,0.0185241752652563,0.0470500073187978,0.106651854364037,0.0317862359753994,0.0274778886476002,0.00458369032020272,0.0595691417823736
"331",0.541179396679256,0.936991200427205,0.877782126564743,0.777777777777778,0.740824561403509,0.756939440965652,0.824993659018841,0.806315435918654,0.800397546200881,0.717639359602391,0.790673276949486,0.738222239052641,0.800583092378753,0.696133124751646,0.919822647235288
"332",0.425328306478197,0.453487628672445,0.634450195225642,0.537313432835821,0.319369963369963,0.0563665628433228,0.0473489526165854,0.322801604507695,0.312459596246421,0.574037872163203,0.525078291143355,0.489667734180068,0.523045757696485,0.13281391396794,0.338507636616261
"333",0.0809450729817094,0.0432846322775986,0.00207839634930688,0.0384615384615385,0.180037878787879,0.00948911905288696,0.0032371003202189,0.177639799573777,0.250511942991759,0.203415730812131,0.0742966145180104,0.00787846354185937,0.17486566906552,0.154277465236595,0.0094805015833096
"334",0.354735608779616,0.0777586509847724,0.383243894215241,0.537313432835821,0.533653846153846,0.689656734466553,0.291502851772781,0.366084017493537,0.313754498979552,0.654812292690215,0.541884148778436,0.262570275981366,0.666924947343597,0.433502836342618,0.472572670836084
"335",0.13362822508862,0.000127441334403164,0.00341828327616119,0.0384615384615385,0.0480081075533662,0.00397419929504395,0.00135047259893321,0.017629166577175,0.0156776976836199,0.0470500073187978,0.0742966145180104,0.0144907557961397,0.0274778886476002,0.00565802881802478,0.0145659308746487
"336",0.509162654053752,0.934911726957527,0.868368548710912,0.537313432835821,0.695328367710721,0.984566205181181,0.971634636645637,0.707708452709249,0.75543362536554,0.605250081720279,0.655030640927185,0.764823726358889,0.648730037720257,0.764205739036044,0.851619639033423
"337",0.451432809736348,0.504814037376972,0.74159457318643,0.537313432835821,0.391825396825397,0.142468333244324,0.0987502141746019,0.421614128055422,0.351451858261278,0.532127061711391,0.50614195547889,0.502219781719028,0.44897894189955,0.314762854447937,0.451512380903916
"338",0.157009567420283,0.00213162652860836,0.00385380632870542,0.0384615384615385,0.111810541310541,0.001944899559021,0.00930432967536824,0.0599943473782914,0.0121662994085153,0.0470500073187978,0.133346798295849,0.0167996409193053,0.0274778886476002,0.00317216597247606,0.101500901856748
"339",0.662296691664953,0.990589122498318,0.921190405720501,0.777777777777778,0.804619047619048,0.99339095922187,0.999505715979293,0.916092542892704,0.871802095927986,0.717639359602391,0.824706223976093,0.933407984022935,0.800583092378753,0.968856313600586,0.960025438858473
"340",0.163557966082284,0.72480640579116,0.00651770589166571,0.222222222222222,0.355329848392348,0.381097614765167,0.255655423936746,0.21273273825439,0.379783444670526,0.203415730812131,0.106651854364037,0.0419006584592392,0.17486566906552,0.421265614847666,0.0595691417823736
"341",0.551906816759151,0.698304793942112,0.833222869924906,0.537313432835821,0.610576563958917,0.321247816085815,0.640390675483199,0.81341846517789,0.596956894111645,0.605250081720279,0.599242521436985,0.503841262149946,0.648730037720257,0.602118302364266,0.720867736779681
"342",0.570650735782355,0.985156758408097,0.920110770893265,0.537313432835821,0.637,0.864675268530846,0.963436571165902,0.745932819207891,0.907147355893175,0.672027942602156,0.742587603209758,0.916839002320178,0.79749681528902,0.967397896502162,0.962433591791318
"343",0.233112609266533,1,0.0450233903034578,0.0384615384615385,0.0868933588761175,0.00257563591003418,0.00297413831048632,0.0397034704650341,0.0218820662697968,0.0488355497137807,0.106651854364037,0.0204158834474287,0.0380769443739329,0.00394073670280451,0.0466890229354113
"344",0.824578794362699,0.99971849642876,0.994027662656407,0.777777777777778,0.767776334776335,0.85824878513813,0.958032255819466,0.920820858564899,0.821734051117304,0.823014342045072,0.724615153647598,0.980498314324164,0.870983447608479,0.853569650837509,0.955075564990508
"345",0.390872443935315,0.284678620408702,0.584951735131905,0.537313432835821,0.694711233211233,0.87142451107502,0.693040240493993,0.490478325500279,0.601864723852336,0.667945126871384,0.541884148778436,0.425589451404859,0.706240673862148,0.753448677787018,0.472572670836084
