"","GAM_predictions","RE_RF_predictions_PG","RE_boosting_predictions_PG","RE_bag_predictions","SRE_RF_predictions_PG","SRE_bag_predictions_PG","SRE_boosting_predictions_AUC","SRE_PLTR_predictions_PG"
"1",0.412338232172668,0.489349475486501,0.31921616986617,0.674339384775557,0.443040095797181,0.605751085755357,0.421207403721612,0.426151018399406
"2",0.307393215189699,0.742547504152173,0.889181202667641,0.668223589546586,0.420126406898286,0.522856263602527,0.297597876697486,0.58464372205428
"3",0.827916133538707,0.645794247201933,0.924034224368263,0.723503737118013,0.455581960052274,0.725237523896501,0.439244740090226,0.418884398152198
"4",0.2849576401136,0.202119810677978,0.150814863570488,0.174745292302608,0.21353554700696,0.161631224943602,0.241636936159058,0.201375718688744
"5",0.050014119060142,0.095992513972565,0.107814328055196,0.0645416070313508,0.199631737455059,0.109046087024877,0.207782708466694,0.163792765059374
"6",0.228916815405404,0.378986820699727,0.484230123665391,0.501065230640285,0.389120035767178,0.373706558941957,0.326400134300801,0.444853251348962
"7",0.017604295456455,0.0378139278314533,0.00385414772910327,0.0551319051622218,0.199631737455059,0.109046087024877,0.207782708466694,0.0872309612743941
"8",0.766190881185413,0.741931441448684,0.889074036903193,0.871093730941875,0.455581960052274,0.710763709067405,0.486377501882255,0.780577614811574
"9",0.11530225810024,0.130493980623836,0.0650812608916682,0.206770116893547,0.376461998569761,0.317193750481842,0.349318957761064,0.215997153754573
"10",0.752255515510019,0.412667954625047,0.728494166151564,0.308385947748274,0.427102124794166,0.31607129916059,0.350314161969075,0.349461312065249
"11",0.70643480323086,0.442096089144462,0.872012390370956,0.550724437383638,0.389120035767178,0.639963847567694,0.386701932754381,0.526387663253884
"12",0.0971613920646801,0.0314724268711981,0.00987096882506917,0.0648381387120258,0.199631737455059,0.109046087024877,0.207782708466694,0.107536766163001
"13",0.281624247619168,0.402904402065209,0.237593953626284,0.0939845241930932,0.315473778753332,0.148004453661933,0.286133691112684,0.225598604345256
"14",0.0340483214771086,0.157438921775582,0.207771711014023,0.278443067540965,0.359624393335698,0.306203424938437,0.342781980457302,0.307872057413162
"15",0.022240950748259,0.0579737727925432,0.0172302191885201,0.0996931192037685,0.199631737455059,0.12009559814278,0.207782708466694,0.0909013382893224
"16",0.134421716231275,0.145078834301248,0.219788621003405,0.194893524347305,0.33537721371125,0.255890323377692,0.349318957761064,0.290370912379376
"17",0.212516080863623,0.0486610345659378,0.0842963589147263,0.0551319051622218,0.199631737455059,0.109046087024877,0.207782708466694,0.119077983679898
"18",0.282665065817706,0.517609814096223,0.537101609459327,0.610960227899001,0.305613257273665,0.712333403096493,0.418634617555753,0.434352395261745
"19",0.0303239031490733,0.152347711058635,0.0655320391806822,0.0766865275129345,0.242488565918748,0.146576696384671,0.23724005966214,0.243896085378358
"20",0.479714628229736,0.774779548480217,0.62964669397025,0.773753042099486,0.401627876233221,0.681937330606272,0.486377501882255,0.651500001670695
"21",0.627248265332834,0.668831460989947,0.68247939942703,0.634778319699416,0.476694801843104,0.451638508444268,0.421207403721612,0.375104865080446
"22",0.0245287829815754,0.161129417655368,0.160235976411882,0.0648381387120258,0.199631737455059,0.199306237371428,0.207782708466694,0.157343074028835
"23",0.0943361651226642,0.16555151564704,0.0766565330943048,0.313060964059977,0.241669222266411,0.273266437292197,0.23724005966214,0.278755592880766
"24",0.194436133307959,0.243965324069745,0.24391999757724,0.270873746817977,0.326019836884855,0.223416696968413,0.349318957761064,0.30453549072356
"25",0.627323153911328,0.373000477977346,0.471391777093648,0.427120107268931,0.3945743561931,0.335505622754638,0.349318957761064,0.364758373707779
"26",0.636005556351537,0.397093327497937,0.81441453346445,0.580392748882825,0.379141724050489,0.504112181700114,0.387862924616167,0.503708735858477
"27",0.240222116404308,0.0585871102347359,0.3971413773595,0.0856766598874257,0.199631737455059,0.121692676793205,0.207782708466694,0.1996188750435
"28",0.0570072786374105,0.104020510123056,0.0411621733620677,0.111431434173928,0.199631737455059,0.161895922332135,0.241636936159058,0.126815909682343
"29",0.150031066515184,0.130667274485074,0.0471217439759509,0.0896858274987092,0.21353554700696,0.109046087024877,0.207782708466694,0.344472857528746
"30",0.460540767839624,0.521663915486761,0.582629186694015,0.435055544879649,0.342868756128629,0.351179082088873,0.296003894561191,0.444899079135722
"31",0.0423043497258291,0.150874261987252,0.0206989781099266,0.172816105925808,0.283463252929758,0.209245083958219,0.295092900249349,0.226851187644877
"32",0.493953225971995,0.20272918003697,0.207155275739161,0.251241459136842,0.21353554700696,0.269941507366739,0.274232410388778,0.583622222533056
"33",0.588428798327564,0.594591069501268,0.91501385709802,0.722009743609121,0.318509194554023,0.756015284925686,0.295865787426302,0.521409923775879
"34",0.764439293907824,0.566593107189708,0.207011927457038,0.662293135733733,0.392597298325921,0.575439322901496,0.412994842654192,0.625847969005811
"35",0.231857035091792,0.0972469422604272,0.0630479467259273,0.297861640651993,0.315246775377543,0.335895507005893,0.349318957761064,0.330121635635527
"36",0.445191438604612,0.739241605844675,0.502073455048353,0.709028393436168,0.422741275021855,0.529984492322773,0.494653537882625,0.528603020578065
"37",0.923927240902028,0.744726065772778,0.621382609037273,0.77320613681387,0.443572202027447,0.66630698150005,0.421207403721612,0.741285983283288
"38",0.171381707819763,0.107880516162922,0.0361459935945002,0.136709135218237,0.199631737455059,0.146452281265697,0.207782708466694,0.327010469222604
"39",0.117871127562085,0.151456927773846,0.126909495841858,0.240614017572576,0.199631737455059,0.204023925130971,0.241636936159058,0.219460685454661
"40",0.284850363554303,0.276650174500892,0.373617389880173,0.20882162794471,0.315246775377543,0.244432461949041,0.285135365712163,0.262018168940002
"41",0.0887834416714038,0.165262292829547,0.248240128408433,0.223676550975456,0.310090553273616,0.299851860317089,0.342781980457302,0.220048192773459
"42",0.1777929949695,0.17546576928085,0.0814566914844764,0.174745292302608,0.21353554700696,0.161631224943602,0.241636936159058,0.118944576210023
"43",0.521754008001244,0.388988592705078,0.488109260820601,0.352383641263637,0.431130088082576,0.343768828946618,0.421207403721612,0.535627385079082
"44",0.0216570474570387,0.0416759305100396,0.0106516533689744,0.0992782693467767,0.199631737455059,0.177460961106175,0.207782708466694,0.0874528899476914
"45",0.0584824308786098,0.03772579894219,0.0771747225489678,0.249979143351997,0.21353554700696,0.20896376718205,0.274232410388778,0.236178303886395
"46",0.21764931025959,0.370632859256789,0.33600253578292,0.14844616485285,0.199631737455059,0.267953935626935,0.207782708466694,0.366029707170198
"47",0.428626587408767,0.546442671674859,0.406524259353451,0.645697710386973,0.406746188206373,0.46926002831093,0.41931111578968,0.416599325017183
"48",0.725861581701639,0.461762714744889,0.63879345916391,0.644219909140005,0.408504106646103,0.614364198269448,0.504486423059443,0.389402508638667
"49",0.0299503760746519,0.0693691727007641,0.0165719558255883,0.0551319051622218,0.199631737455059,0.109046087024877,0.207782708466694,0.0778497785506719
"50",0.144696889736614,0.268432486383357,0.174858285178723,0.421534497444186,0.35505233863574,0.435729890324174,0.411269747718557,0.384612035738286
"51",0.052044003573439,0.092349227212139,0.0213010316924436,0.0648381387120258,0.199631737455059,0.109046087024877,0.207782708466694,0.110596958088324
"52",0.229162021828448,0.555816072245587,0.386565819529503,0.701062386187891,0.414747003192551,0.698696523689497,0.412454894458028,0.45317662442496
"53",0.215838308598401,0.502695690530371,0.230289077446674,0.645306689152376,0.412737775628183,0.595844224022262,0.414181463262542,0.258430017929257
"54",0.213835017332644,0.279254985051109,0.123143905578931,0.340933668501512,0.31733956183799,0.252986285078482,0.23724005966214,0.312524330521592
"55",0.44021178146954,0.26435424947367,0.127470985862068,0.0648381387120258,0.199631737455059,0.109046087024877,0.207782708466694,0.20398616880627
"56",0.384578818793644,0.666067118236975,0.683392820613093,0.834053308840994,0.443299547294146,0.679068413210937,0.487470649635072,0.469379958901765
"57",0.116115925735024,0.0713601062789301,0.0942996264239173,0.0852447406140304,0.199631737455059,0.12009559814278,0.23724005966214,0.105045526159793
"58",0.0149957310238267,0.0633723669227844,0.0220465065238905,0.106766514567618,0.199631737455059,0.133831161797208,0.207782708466694,0.139791030416133
"59",0.546570534217371,0.129815044196729,0.199783952182316,0.28605740820287,0.199631737455059,0.20896376718205,0.274232410388778,0.284906517352854
"60",0.255833659712281,0.494548452412962,0.679664501676301,0.248466311860345,0.354632000867899,0.306717931016567,0.33711914379459,0.436429255853484
"61",0.694753815745838,0.252573094420293,0.290733258416832,0.380378261611313,0.300613099090293,0.266574608178412,0.288115250776783,0.615847603563895
"62",0.014832303023924,0.0520872201236843,0.01526408194033,0.111431434173928,0.199631737455059,0.161631224943602,0.241636936159058,0.0837609403471213
"63",0.209073229553813,0.220203590708333,0.584331666543492,0.400702555572732,0.390307053847289,0.331536541876688,0.350939095449671,0.376249519475982
"64",0.158654195210791,0.149956355953376,0.295961570552324,0.140035361501296,0.344046542872744,0.184890396468639,0.341680608681296,0.242712873576895
"65",0.289396348342543,0.451092851739243,0.67887910600581,0.367947692072114,0.31710028079276,0.324516727718454,0.302951261451007,0.456394817808036
"66",0.596660165126533,0.431098456998949,0.644296786420734,0.211876654992606,0.384793085087956,0.255081048343639,0.341680608681296,0.307582625307033
"67",0.467011318353446,0.345242665001513,0.803864645526735,0.47157131205772,0.395100347722451,0.507414130140204,0.505709449761811,0.314097397170693
"68",0.583380270935331,0.435850389895585,0.419547045238224,0.603958002821449,0.396314811491385,0.4940609711362,0.412329604604571,0.404808663788435
"69",0.0867368322715778,0.0738786421275813,0.157141300186396,0.140035361501296,0.340572641152711,0.184890396468639,0.341680608681296,0.205606854414211
"70",0.967398450188518,0.836901869460483,0.983628018392101,0.808501541902579,0.456116793625226,0.70546533521493,0.486377501882255,0.908900824885462
"71",0.13169440763168,0.0991382178621971,0.0338511103981904,0.115477322273396,0.199631737455059,0.143617418159627,0.23724005966214,0.131472287178129
"72",0.104629425857048,0.277755095916396,0.0553344342177534,0.329656771466193,0.21353554700696,0.217653174508898,0.274232410388778,0.348096932244934
"73",0.015507828846459,0.0692629540639426,0.00379036565003153,0.0551319051622218,0.199631737455059,0.109046087024877,0.207782708466694,0.072751289510715
"74",0.0674319218415799,0.179582375444315,0.432202906116856,0.337410066636669,0.323910862271683,0.386342596807712,0.413515660307672,0.287639443366278
"75",0.231967929753174,0.288453213696689,0.347792238938518,0.572289203467613,0.317225452464524,0.460037321259936,0.354265876561131,0.285066940948178
"76",0.406660866183684,0.360403510787365,0.303702290620544,0.35014920158082,0.34409710118237,0.339422718165311,0.296576170055461,0.435805461744207
"77",0.120523656171475,0.274309648955495,0.278605294607924,0.127919721611643,0.357667083049122,0.147970203837805,0.326400134300801,0.563251249984779
"78",0.398979753673211,0.60496127014307,0.659296706985358,0.547908941086729,0.443572202027447,0.560515830519932,0.438040005775865,0.748269109586233
"79",0.0739107929916669,0.313293480984173,0.239087742405789,0.21717297274434,0.233707609444929,0.277471859512929,0.23724005966214,0.246551572057898
"80",0.0351839312581169,0.0564413050170933,0.0399147427928833,0.0648381387120258,0.199631737455059,0.109046087024877,0.207782708466694,0.137570622231665
"81",0.426186744681914,0.482053258640535,0.189646186003859,0.255941159606817,0.344695079772357,0.275487447618169,0.349318957761064,0.571629811580702
"82",0.00752062594844719,0.040376337434713,0.00730015107458254,0.0648381387120258,0.199631737455059,0.109046087024877,0.207782708466694,0.100216136602202
"83",0.715712679762198,0.909818343967859,0.968679626976459,0.885997422374741,0.427102124794166,0.871078899525949,0.513985253438082,0.464289884394126
"84",0.183575840000838,0.24501659869156,0.278411777284436,0.308385947748274,0.30607073338934,0.31607129916059,0.350314161969075,0.415637364837368
"85",0.404639174919256,0.286000218703464,0.107708142564395,0.25800690000324,0.392597298325921,0.249832170535539,0.366742901086615,0.342176447167714
"86",0.659878129070449,0.384474698961561,0.623994747604323,0.60303750393206,0.422741275021855,0.475312207540344,0.446208087027808,0.408825708480614
"87",0.0416391655961438,0.0871533090882543,0.134642445911647,0.127058271276591,0.242488565918748,0.157348511572684,0.23724005966214,0.270863084904543
"88",0.0536523042901813,0.13801835141996,0.0560642023467996,0.108380627192214,0.295886686109347,0.146576696384671,0.285135365712163,0.208687807730428
"89",0.503983215869115,0.616004743453095,0.487973027611813,0.66187110358761,0.360000906680363,0.714698688142567,0.457841969378532,0.351188146449516
"90",0.624701301999872,0.36129076193103,0.47751126808807,0.267422239569823,0.21353554700696,0.274827281905171,0.274232410388778,0.321347389446446
"91",0.796193462575378,0.629750225974422,0.759128010136999,0.680524269369557,0.443572202027447,0.582126665138297,0.421207403721612,0.628975911247317
"92",0.520191752112424,0.413642355211192,0.510509342220615,0.394478916063106,0.365168310521806,0.345763277967349,0.341680608681296,0.332173711224914
"93",0.0758833199882767,0.035755338002918,0.00947209535633454,0.0551319051622218,0.199631737455059,0.109046087024877,0.207782708466694,0.0778497785506719
"94",0.243869343501565,0.227549203402436,0.254777856235625,0.42625257411199,0.302581355400721,0.393576703982789,0.326400134300801,0.423871778676012
"95",0.315452594473401,0.46490726890419,0.455736567520598,0.276147469134267,0.396860972407748,0.223416696968413,0.350314161969075,0.300401108433117
"96",0.436731382948999,0.219629398011679,0.751343062540158,0.3467542558387,0.3945743561931,0.376036814773155,0.349318957761064,0.342719401143001
"97",0.471876421031532,0.579941007893171,0.330512392834213,0.81760911459966,0.443040095797181,0.686489959925437,0.487599827442958,0.533631759735566
"98",0.0427682485318536,0.0195555143154439,0.00289509639343455,0.0692726261186578,0.199631737455059,0.12009559814278,0.207782708466694,0.0873646343421899
"99",0.498139479223443,0.362643620763275,0.750801767577211,0.526316868830083,0.396314811491385,0.490499361711616,0.412329604604571,0.564423479772685
"100",0.0722918322592643,0.0848595270870665,0.0366182562080663,0.215808379563604,0.299248587006429,0.19814103049593,0.23724005966214,0.318691377758513
"101",0.596584645119613,0.403194366881042,0.861416608266845,0.479278471067355,0.3945743561931,0.443199946752276,0.411269747718557,0.443336106051993
"102",0.0326763092050783,0.0704104150672498,0.0195964437752932,0.0648381387120258,0.199631737455059,0.109046087024877,0.207782708466694,0.154254653036327
"103",0.806604147541168,0.505120968489016,0.697023820644039,0.644219909140005,0.395100347722451,0.614364198269448,0.504486423059443,0.415637364837368
"104",2.22044604925031e-16,0.557477127733463,0.743961221428718,0.382771893799731,0.396860972407748,0.297681287553159,0.353638246678678,0.309303482406056
"105",0.4767673576605,0.40250204954761,0.818127400166942,0.432034771001285,0.403232448241202,0.472793108976595,0.386701932754381,0.56617132358736
"106",0.862384615297194,0.607209042763481,0.288024001488094,0.728085245023006,0.462804239131386,0.638295196070929,0.421207403721612,0.758012741817374
"107",0.00666631596863027,0.0585871102347359,0.0530652553393567,0.0648381387120258,0.199631737455059,0.109046087024877,0.207782708466694,0.093911085553349
"108",0.00558791222482867,0.0243103399735498,0.00135816673758726,0.0551319051622218,0.199631737455059,0.109046087024877,0.207782708466694,0.0507408188021677
"109",0.0292469315740796,0.0285246772958131,0.0110964025275261,0.111431434173928,0.199631737455059,0.161631224943602,0.241636936159058,0.0993962527919128
"110",0.0177280149254823,0.0777787288688202,0.01526408194033,0.111431434173928,0.199631737455059,0.161631224943602,0.241636936159058,0.0837609403471213
"111",0.170369392337058,0.228611355763447,0.0813165249506323,0.165080247231317,0.292743928298077,0.154211055260229,0.238032763517091,0.279793080335341
"112",0.097392824402116,0.0480062205871999,0.337335998347056,0.0645416070313508,0.199631737455059,0.178255505898034,0.23724005966214,0.178578246771251
"113",0.676099251216418,0.261757030495859,0.249748599955823,0.192239341843305,0.199631737455059,0.176950863354611,0.241636936159058,0.196549402582199
"114",0.399003238128138,0.771663637496504,0.662911581099817,0.329313013519219,0.408771074540162,0.386570296834836,0.45906635743946,0.638966406685558
"115",0.0481394113307468,0.0270544182538017,0.0147898284937824,0.0923812434921762,0.199631737455059,0.129027074630735,0.23724005966214,0.108099126100301
"116",0.342927792619135,0.390077541330918,0.571039572889862,0.61343629627057,0.34409710118237,0.488639118640367,0.354265876561131,0.435805461744207
"117",0.0392508344998961,0.0884561952819912,0.0244159134022657,0.0648381387120258,0.199631737455059,0.109046087024877,0.207782708466694,0.122667372861873
"118",0.190508563158988,0.480067999116022,0.564637090376128,0.578100516208435,0.308823334001528,0.61431992128356,0.295865787426302,0.455207614977835
"119",0.0119522158358893,0.0179103911805742,0.00102671826871049,0.0551319051622218,0.199631737455059,0.109046087024877,0.207782708466694,0.0563241073113252
"120",0.740468937030482,0.6067885541883,0.900369485368591,0.656941669855867,0.354379197658682,0.656562137613411,0.386750040398295,0.4559786159383
"121",0.560155678751914,0.334290640836922,0.615137223113636,0.754096098374936,0.400717226897046,0.488634015807756,0.386701932754381,0.446515349958689
"122",0.0791843471863942,0.328306020651196,0.175067968773174,0.14844616485285,0.199631737455059,0.267953935626935,0.207782708466694,0.271169970494029
"123",0.293383730199375,0.12019890103924,0.233605367743111,0.115477322273396,0.199631737455059,0.143617418159627,0.23724005966214,0.167430452998172
"124",0.201011687769689,0.514282978075043,0.482631413219815,0.576518039704066,0.344334432453424,0.628582145794176,0.264875484011399,0.474956912073317
"125",0.128348747017165,0.23077677185911,0.109702498924684,0.157082853610474,0.295667689194125,0.195114740217487,0.285135365712163,0.25792542538345
"126",0.612400052796711,0.782290015517822,0.943686884510236,0.743165587556661,0.345105675249696,0.755561157048214,0.362888802205122,0.564801667345078
"127",0.0262875994296336,0.0629639681725429,0.122360907138454,0.231732240420722,0.283463252929758,0.280157248782168,0.295092900249349,0.299388934748759
"128",0.167001473285654,0.343828759621987,0.122779467303595,0.375361261949953,0.361990772092771,0.262021466398814,0.33711914379459,0.341593525574791
"129",0.808617795230703,0.552252170572474,0.179800464036069,0.444444953032634,0.408504106646103,0.311850131918854,0.395789145743214,0.518821424044229
"130",0.0126816042748164,0.0468066111380236,0.0258462785086342,0.115477322273396,0.199631737455059,0.143617418159627,0.23724005966214,0.127145772977775
"131",0.174195843307708,0.124862434072787,0.14457301542693,0.115477322273396,0.199631737455059,0.190109206929871,0.23724005966214,0.145303778248565
"132",0.12662086772143,0.108134088143855,0.0316233290229454,0.0648381387120258,0.199631737455059,0.109046087024877,0.207782708466694,0.102220554232469
"133",0.273881718443112,0.177919436480214,0.141449620907404,0.249061393566116,0.21353554700696,0.20896376718205,0.274232410388778,0.299374348342095
"134",0.0533396274919209,0.18861785221998,0.0234340012587625,0.12793613528331,0.199631737455059,0.267953935626935,0.207782708466694,0.21188976154383
"135",0.0973813291329428,0.180125109882348,0.329219228453947,0.0645416070313508,0.199631737455059,0.109046087024877,0.207782708466694,0.181559618339853
"136",0.259313414670577,0.432592364893821,0.571509795369995,0.548097966054935,0.443040095797181,0.500134073538121,0.486377501882255,0.333471860275779
"137",0.946975375310623,0.666574840879451,0.650116847236375,0.50229045261408,0.454291292917714,0.68343345203476,0.421207403721612,0.595806440991957
"138",0.0262013718901998,0.0243103399735498,0.00196857447629831,0.0551319051622218,0.199631737455059,0.109046087024877,0.207782708466694,0.0780230549975572
"139",0.0633849637417759,0.0595573941049228,0.00707872372959557,0.12793613528331,0.199631737455059,0.131618201832121,0.207782708466694,0.125241144833051
"140",0.0744372919161288,0.0777255786003591,0.00756659074984601,0.068957309158498,0.199631737455059,0.12009559814278,0.207782708466694,0.12661809332994
"141",0.00772299266892149,0.0468018213727734,0.0135123457886423,0.107896536411106,0.199631737455059,0.129027074630735,0.23724005966214,0.0623109385043508
"142",0.0246234681386602,0.0527256688610384,0.0135650172283021,0.0648381387120258,0.199631737455059,0.109046087024877,0.207782708466694,0.112539303389037
"143",0.489964020368518,0.215996523202183,0.235945418772541,0.26312051506791,0.392597298325921,0.249832170535539,0.366742901086615,0.342176447167714
"144",0.593274849471502,0.641154830125264,0.604386128791623,0.683045784067543,0.443572202027447,0.582126665138297,0.421207403721612,0.619193948185376
"145",0.43774554573969,0.388515787064032,0.656633594636363,0.495655223773885,0.377676617863446,0.435086482445222,0.326400134300801,0.569607147251418
"146",0.206480812601768,0.131788176776637,0.564421743778143,0.121220121234797,0.382992004281152,0.155718267229715,0.285135365712163,0.199419313192881
"147",0.105618915810258,0.151554689018584,0.192928828139396,0.580392748882825,0.270736762800903,0.429755099460378,0.330694438546063,0.219941223199422
"148",0.32523612150431,0.404831540736586,0.745160880812714,0.285057545495579,0.21353554700696,0.503566490452084,0.274232410388778,0.349516966064594
"149",0.0502452992166485,0.0641342349711849,0.016776360040259,0.0648381387120258,0.199631737455059,0.109046087024877,0.207782708466694,0.112148415446743
"150",0.376352130277597,0.308116029010882,0.215808785252797,0.157082853610474,0.315246775377543,0.168808494212503,0.285135365712163,0.276808011199259
"151",0.229299892549414,0.269536584761735,0.54119596918746,0.315474156694217,0.375270553443744,0.354172987385936,0.503392595077316,0.296174449500988
"152",0.776103342366405,0.332041264427967,0.29588286674172,0.346389648860744,0.315473778753332,0.304284874526464,0.349318957761064,0.41604490460893
"153",0.314368635908252,0.18894782527593,0.282009159731167,0.336040785633626,0.34409710118237,0.268996992765144,0.257639729542145,0.632433031651566
"154",0.577679680908199,0.398470807010696,0.385723984423658,0.486945584605976,0.384793085087956,0.408325134312589,0.350314161969075,0.334602437038131
"155",0.878960343265193,0.877399843479214,0.669658607423626,0.894737138717351,0.501696275017669,0.761480755379315,0.487599827442958,0.497287213127097
"156",0.151692139401675,0.307815680201703,0.637466366512939,0.350048662482234,0.312092343195869,0.226130043777151,0.238921290171556,0.303158727203004
"157",0.192404288189152,0.11121539319847,0.0757420947977846,0.0648381387120258,0.199631737455059,0.109046087024877,0.207782708466694,0.177120419716936
"158",0.573607589590344,0.274766490665707,0.354261288855975,0.251822062818774,0.425044981956111,0.329521776435715,0.349318957761064,0.317719030959795
"159",0.0774031527068179,0.179617507141424,0.0200924878536699,0.198311566277635,0.425239894036669,0.255890323377692,0.285135365712163,0.254820317916829
"160",0.264847740191077,0.574476706705027,0.709083340778724,0.550039721369618,0.404681631257577,0.524950763363659,0.411269747718557,0.45317662442496
"161",0.31611772836759,0.289737549538839,0.394542758566981,0.0645416070313508,0.199631737455059,0.109046087024877,0.207782708466694,0.143168525416116
"162",0.128496076260059,0.160477849231314,0.0520472471444252,0.0939845241930932,0.315246775377543,0.148004453661933,0.285135365712163,0.214271615525084
"163",0.0148680012421648,0.0951613175323864,0.0229908884783888,0.0887414638836325,0.199631737455059,0.109046087024877,0.207782708466694,0.0808903859558388
"164",0.310601343285236,0.374332594765106,0.533078648459323,0.637104115405282,0.386698020840518,0.612135385169988,0.355385915860113,0.304403479624652
"165",0.811111865087552,0.851046352824461,0.888079580853328,0.855336539194278,0.464067154746381,0.766619461088031,0.486377501882255,0.812197009423848
"166",0.368508473908453,0.208130560397423,0.235056158091219,0.386793362418951,0.21353554700696,0.305953165662045,0.274232410388778,0.40189445993329
"167",0.0885191780674714,0.113462297847625,0.0869036774477509,0.161454519497068,0.302866333805615,0.196907874993424,0.238032763517091,0.347578559455874
"168",0.470607216285523,0.428671798513207,0.412413085023314,0.324724920300921,0.392597298325921,0.382021423537515,0.30799048774828,0.674298453063866
"169",0.0975630601307287,0.147946243985664,0.383526920089242,0.340370969825793,0.380801608284141,0.301401900521771,0.349318957761064,0.37328086353986
"170",0.0938990922253671,0.234412637088635,0.0468158415638289,0.213262976797515,0.241669222266411,0.237549864084214,0.238126552051172,0.236541062301636
"171",0.098912707491138,0.0339438780718483,0.00413777395527355,0.0551319051622218,0.199631737455059,0.109046087024877,0.207782708466694,0.081124378400949
"172",0.206870232910706,0.371060125048125,0.423552448839182,0.205399042363776,0.295886686109347,0.26153495331076,0.285135365712163,0.422103470824513
"173",0.00512370511019396,0.0265050805221487,0.00344282983183056,0.0645416070313508,0.199631737455059,0.109046087024877,0.207782708466694,0.0635671090922627
"174",0.644733785105506,0.443604359685409,0.391145028393488,0.269739790249991,0.388433574772358,0.367369839534127,0.411269747718557,0.287273296157279
"175",0.0569901151678852,0.077724964449684,0.0889950471725696,0.0648381387120258,0.199631737455059,0.109046087024877,0.207782708466694,0.218580284687376
"176",0.834832962712217,0.89918699553095,0.940661162169767,0.959979972407116,0.464328654221284,0.924194525999668,0.49574733297744,0.584241862788699
"177",0.00318833191016173,0.0551294763041503,0.000432933593707436,0.0551319051622218,0.199631737455059,0.109046087024877,0.207782708466694,0.046819676438995
"178",0.688524770040487,0.833735129101549,0.650385616625302,0.713566052746215,0.455842744997512,0.550993352876815,0.487470649635072,0.589633414799613
"179",0.0271677990050393,0.0456505896221115,0.012825146941368,0.116809800460645,0.220818021622881,0.150925464372142,0.238126552051172,0.207530482515749
"180",0.688155184203569,0.353976858603357,0.548844987834434,0.431092653161286,0.302378929429746,0.308201573769508,0.274232410388778,0.532940614844495
"181",0.117554379503169,0.0582135933664979,0.079664841824018,0.107896536411106,0.199631737455059,0.129027074630735,0.23724005966214,0.121025523214753
"182",0.0243599718304217,0.0371047963764858,0.00424369645667926,0.0648381387120258,0.199631737455059,0.109046087024877,0.207782708466694,0.115381871518486
"183",0.0193393044997488,0.0483635045287236,0.0142757917818654,0.0992540999547974,0.199631737455059,0.12009559814278,0.207782708466694,0.076199498428376
"184",0.4508859257799,0.420321375311555,0.414782681775012,0.468837432053449,0.426844884577547,0.409350364399318,0.349318957761064,0.645977880257252
"185",0.626726780190377,0.623529792679584,0.746014689788783,0.803519530142627,0.501433430457917,0.662224754257721,0.487599827442958,0.45317662442496
"186",0.25836529359603,0.434291837477023,0.554365760061926,0.463862142614294,0.414491820518006,0.398198847642609,0.350431844660257,0.380331966496394
"187",0.182649255914332,0.19742682750477,0.142116430776517,0.129689011019081,0.199631737455059,0.161631224943602,0.241636936159058,0.191319291309305
"188",0.0409770812966026,0.0401535279268669,0.00615739595840237,0.0754043554691165,0.199631737455059,0.109046087024877,0.207782708466694,0.0758553432790843
"189",0.0490368987789594,0.0582135933664979,0.189701105776176,0.115477322273396,0.199631737455059,0.143617418159627,0.23724005966214,0.0825093204111611
"190",0.317688047408299,0.230512959475158,0.0594506659736946,0.28605740820287,0.21353554700696,0.269941507366739,0.274232410388778,0.262857020315217
"191",0.975691263659592,0.78483212007395,0.764156184864855,0.776766145750289,0.443572202027447,0.663436428266752,0.486377501882255,0.661968008861716
"192",0.201660111898254,0.102380529375414,0.0356180144501237,0.0551319051622218,0.199631737455059,0.109046087024877,0.23724005966214,0.110470611576095
"193",0.94918527462271,0.869014073232035,0.929259834141778,0.781334613646398,0.443572202027447,0.68876398920663,0.486377501882255,0.683197487281864
"194",0.121253880243543,0.260499556097607,0.217821086808647,0.299941177884266,0.335459755484308,0.276789587764634,0.302028058711072,0.408490793896549
"195",0.30897128362826,0.455218977036042,0.398919279590308,0.14844616485285,0.199631737455059,0.267953935626935,0.207782708466694,0.290869181418052
"196",0.0553914771145441,0.223942653591826,0.201667237182832,0.147459591519798,0.199631737455059,0.310225037989935,0.23724005966214,0.205595246303579
"197",0.660609348015924,0.530003434960603,0.909956693755391,0.513674053420906,0.385054644721321,0.372582415669475,0.386701932754381,0.895781855221442
"198",0.126863161310863,0.341086984256083,0.609291711473022,0.48031743914344,0.374454134103234,0.451673798562772,0.350314161969075,0.45898457253342
"199",0.0671409933126735,0.111279120755047,0.0276168635734679,0.0766865275129345,0.315473778753332,0.166785731630308,0.285135365712163,0.155128487207435
"200",0.0424551880503437,0.0785389198115832,0.0350888364703808,0.0648381387120258,0.199631737455059,0.109046087024877,0.207782708466694,0.0899717290541748
"201",0.464243315907063,0.556518755680745,0.388679395630987,0.38862870319838,0.408504106646103,0.542406402728292,0.412454894458028,0.382200318443499
"202",0.499722940197384,0.392685086709538,0.712081214027715,0.476653620680638,0.392597298325921,0.320013440970025,0.412994842654192,0.311139221691569
"203",0.492084935786707,0.130888641143837,0.155916910630769,0.0996931192037685,0.199631737455059,0.194784729038675,0.23724005966214,0.167196717738609
"204",0.21442250059649,0.381338540379482,0.106636309084041,0.351847285252274,0.410974296908919,0.655447555097585,0.382412954329994,0.3720784876755
"205",0.385999376194922,0.431723245864679,0.240054333503847,0.540638905336086,0.422741275021855,0.660403006667258,0.446208087027808,0.475084446612976
"206",0.108784568724226,0.0600061710963948,0.112575691906532,0.0648381387120258,0.199631737455059,0.109046087024877,0.207782708466694,0.138689041604808
"207",0.0443750056193472,0.0604097274673154,0.018021913247162,0.173075566625701,0.199631737455059,0.161631224943602,0.241636936159058,0.0655880974428259
"208",0.736022954656085,0.647810284114148,0.472346302978306,0.460613899407702,0.328421295048128,0.556565868275879,0.33711914379459,0.577915875053807
"209",0.560564645979289,0.531028826688923,0.836581057530454,0.665886069119581,0.31710028079276,0.472023683034107,0.303985439317783,0.4559786159383
"210",0.114436187922698,0.07431586619545,0.0233942657946001,0.107896536411106,0.199631737455059,0.129027074630735,0.23724005966214,0.129439696653443
"211",0.0561700606890537,0.147168245273808,0.132929845200976,0.343446011448393,0.300777458648226,0.296551179579689,0.238032763517091,0.294309453150561
"212",0.0194984501712247,0.142365885297527,0.0180971857941113,0.054877159179901,0.199631737455059,0.109046087024877,0.207782708466694,0.0932736893723673
"213",0.0100657303943333,0.0274329056434219,0.018501461403656,0.0648381387120258,0.199631737455059,0.199306237371428,0.207782708466694,0.109725509940635
"214",0.215331730348829,0.170879602645378,0.10617966289289,0.123480799269399,0.315246775377543,0.169338480758976,0.285135365712163,0.290219785758535
"215",0.40244010042737,0.093002770686478,0.0757519423289174,0.0645416070313508,0.199631737455059,0.109046087024877,0.207782708466694,0.133106313432029
"216",0.111672427061155,0.249174386995094,0.0354904415242334,0.0645416070313508,0.199631737455059,0.109046087024877,0.207782708466694,0.133106313432029
"217",0.162934783306856,0.0501583793234114,0.0255172883241147,0.0648381387120258,0.199631737455059,0.109046087024877,0.207782708466694,0.155752727351027
"218",0.523535343429071,0.257679811361744,0.653741617852321,0.352790501809902,0.422741275021855,0.335505622754638,0.374622694820291,0.364758373707779
"219",0.410150663925515,0.100344816832857,0.332282908687948,0.115477322273396,0.199631737455059,0.143617418159627,0.23724005966214,0.247870277964932
"220",0.279370724189473,0.277116724876157,0.810389114666408,0.471404512469472,0.392597298325921,0.404532421008971,0.350939095449671,0.281711616244833
"221",0.815156765114923,0.722452491473223,0.952667921874228,0.835267978707069,0.480768616973797,0.582542235888252,0.494653537882625,0.591587467560649
"222",0.0511876936722369,0.0469837724862254,0.107121119534276,0.123480799269399,0.206918182337222,0.202300049509627,0.23724005966214,0.310420769312866
"223",0.0657627670553633,0.0486610345659378,0.133582196713578,0.0692726261186578,0.199631737455059,0.12009559814278,0.207782708466694,0.105045526159793
"224",0.137100515710074,0.0991382178621971,0.0642740197475209,0.0648381387120258,0.199631737455059,0.109046087024877,0.207782708466694,0.131472287178129
"225",0.0494056102647623,0.0356235192017675,0.0144303076540244,0.0645416070313508,0.199631737455059,0.109046087024877,0.207782708466694,0.124753110883025
"226",0.0475153077207721,0.0680729835677423,0.0357879746922889,0.0992782693467767,0.199631737455059,0.334782788568267,0.207782708466694,0.111643367096469
"227",0.186887148353203,0.431344888755662,0.497507240996667,0.592752144009197,0.356409249407819,0.362221019432689,0.297597876697486,0.315211725880334
"228",0.341193037098427,0.407011087262336,0.214827402812481,0.354736942546521,0.396063294869961,0.511049536954974,0.350431844660257,0.382200318443499
"229",2.22044604925031e-16,0.295291497981543,0.536866752268762,0.566128666130348,0.300777458648226,0.464864717554598,0.297024462183976,0.305993461789126
"230",0.155792422736129,0.260500395367381,0.450592461922602,0.282694836060637,0.21353554700696,0.20896376718205,0.274232410388778,0.373069525758676
"231",0.714420906931523,0.323061933025354,0.762233893809139,0.433092898152948,0.433349019407538,0.359709212541433,0.446208087027808,0.33933037828389
"232",0.245796987321931,0.111562780100091,0.279130664604669,0.14844616485285,0.199631737455059,0.139949046273032,0.274232410388778,0.238312071362539
"233",0.0568517139491226,0.0605622728846457,0.102660781498166,0.0883459399730198,0.199631737455059,0.109046087024877,0.23724005966214,0.103984685280761
"234",0.24780531335183,0.293886428118596,0.265697782211427,0.408163315586828,0.410974296908919,0.413613771791437,0.438040005775865,0.440469792568341
"235",0.761044845013095,0.466295023031529,0.702496049555431,0.347065281134984,0.337254940466633,0.326329427999881,0.349318957761064,0.679849392172348
"236",0.674105358027763,0.296375372194708,0.67041099000677,0.568837011685056,0.335611608073839,0.455263811768272,0.349318957761064,0.404808663788435
"237",2.22044604925031e-16,0.0713862182846833,0.110873260309679,0.0648381387120258,0.199631737455059,0.109046087024877,0.207782708466694,0.106821712963401
"238",0.319462787580731,0.491028154950942,0.416395299466674,0.490244821553695,0.384793085087956,0.48296794264353,0.342781980457302,0.267100268461834
"239",0.0472786932016655,0.13202697270889,0.0661394725728908,0.273522223626054,0.199631737455059,0.204023925130971,0.241636936159058,0.201573075201569
"240",0.286596341283165,0.251371488288465,0.273877132000776,0.357090835028151,0.34409710118237,0.377579980663355,0.31110527865515,0.420052179947583
"241",0.083792384266543,0.351014192015233,0.140250541187899,0.722155717912539,0.396314811491385,0.647237738552866,0.413515660307672,0.356402471129807
"242",0.707574502513903,0.886748530879973,0.798009703307548,0.654657470166022,0.443299547294146,0.723954233113029,0.383446881011056,0.593962015056315
"243",0.100193747695887,0.110771306990977,0.0244139119590401,0.0812543116202314,0.199631737455059,0.12009559814278,0.23724005966214,0.145989211539725
"244",0.12149174286332,0.0608472221899012,0.108937583442478,0.0648381387120258,0.199631737455059,0.109046087024877,0.207782708466694,0.148661588384452
"245",0.0569412772688693,0.0588340570927045,0.0431850065629991,0.0996931192037685,0.199631737455059,0.12009559814278,0.207782708466694,0.113973446188392
"246",0.66054716912965,0.638216523961301,0.825689801831857,0.619641508467191,0.443572202027447,0.742104883366194,0.421207403721612,0.714255135542816
"247",0.0163647727178237,0.0401919155597235,0.00209720995405478,0.0852447406140304,0.199631737455059,0.12009559814278,0.207782708466694,0.0546434507839781
"248",0.540251391035541,0.415726651864155,0.550063665647757,0.262369152979612,0.384793085087956,0.323609773280835,0.342781980457302,0.27869260624849
"249",0.329382729937089,0.228252145303792,0.526794739288274,0.221671615062458,0.343146139570581,0.233307384566176,0.295092900249349,0.527296059366138
"250",0.603010384761113,0.703001308669115,0.503995307767472,0.546960364430444,0.442729669094315,0.543373381910166,0.421207403721612,0.683197487281864
"251",0.158174687598718,0.425186364137911,0.333074218020947,0.603703131859354,0.308823334001528,0.527326670795107,0.296886079688349,0.321286962331002
"252",0.191477021870244,0.119376874161482,0.0629018434133759,0.115477322273396,0.233519370708645,0.143617418159627,0.23724005966214,0.208851930668353
"253",0.866034213094641,0.629213174714719,0.735060969910616,0.32928980565002,0.455581960052274,0.367071082354137,0.374622694820291,0.464289884394126
"254",0.281163953108652,0.387921560567148,0.236838742175805,0.611739555092149,0.445566085593194,0.372938896395553,0.327476752653081,0.284110757757026
"255",0.186505599650686,0.482053594226838,0.330391290142405,0.482390279391282,0.412737775628183,0.48296794264353,0.367879914151601,0.387940059129559
"256",0.913753602263951,0.913982943591965,0.941810036230299,0.865871715936269,0.455842744997512,0.803774624717299,0.447289575117835,0.735939835141152
"257",0.681316401669926,0.663730174606978,0.714550509244627,0.50229045261408,0.415015188377139,0.42777837858847,0.394743246426569,0.69494086591598
"258",0.145052739857837,0.217818081826872,0.724703988802146,0.085293517352588,0.199631737455059,0.121692676793205,0.207782708466694,0.191319291309305
"259",0.495528345418661,0.344475898218495,0.647411679074213,0.17811153324604,0.315473778753332,0.194845138241685,0.285135365712163,0.303424923512817
"260",0.254732054763133,0.290838129126642,0.204670686400094,0.13180721063315,0.315473778753332,0.148004453661933,0.285135365712163,0.378561840446619
"261",0.332254961550029,0.281699828809526,0.196801500611502,0.340370969825793,0.426844884577547,0.339920697003573,0.349318957761064,0.426151018399406
"262",0.0402385689628058,0.0754350592339581,0.0898820222043456,0.159948585315701,0.199631737455059,0.14126903023756,0.23724005966214,0.189050422299348
"263",0.217076516479901,0.568161614086113,0.351314676936779,0.571613991290958,0.319250758455349,0.61431992128356,0.295865787426302,0.455207614977835
"264",0.0112887574497934,0.0179103911805742,0.00093681065806144,0.0551319051622218,0.199631737455059,0.109046087024877,0.207782708466694,0.0563241073113252
"265",0.616404630968369,0.760479970268339,0.857224755757753,0.803695426240167,0.443299547294146,0.69193532985431,0.431573588388428,0.525536429131608
"266",0.400376411027376,0.252578997271189,0.29754075962027,0.194893524347305,0.3945743561931,0.291015707618486,0.349318957761064,0.330492747839747
"267",0.173737450035344,0.0699652947392617,0.140884174075544,0.0648381387120258,0.199631737455059,0.178255505898034,0.23724005966214,0.117657032083127
"268",0.0470891593023738,0.0587869438384204,0.0648754741075497,0.136709135218237,0.199631737455059,0.146452281265697,0.207782708466694,0.21188976154383
"269",0.560083845647245,0.503828663847491,0.488892212001124,0.197236706950456,0.358558746917841,0.293544220314726,0.258576608030036,0.365311263987591
"270",0.182699713055833,0.146445589746292,0.0828768511773218,0.206770116893547,0.384793085087956,0.280157248782168,0.350314161969075,0.230956108263496
"271",0.320231632476858,0.213072777851389,0.444285287402558,0.0645416070313508,0.199631737455059,0.178255505898034,0.23724005966214,0.183790645775561
"272",0.905101956851256,0.942824613799906,0.992515058167306,0.912181846562203,0.501696275017669,0.867146338899484,0.541294219966767,0.453592401168329
"273",0.110580304994194,0.0960933681981924,0.032619444605273,0.0985566190418318,0.199631737455059,0.143617418159627,0.23724005966214,0.113661886146868
"274",0.0994379208204799,0.434502678573209,0.150327171371257,0.257202504392741,0.345871571035459,0.359201753868108,0.296576170055461,0.43018075966922
"275",0.398508419642439,0.199589978868486,0.0912076794374928,0.242551132227127,0.325788856599334,0.256609304423714,0.349318957761064,0.50150227869539
"276",0.255480511327044,0.349006593357874,0.0641954159335969,0.536457411982862,0.416783737440983,0.380058397491329,0.395789145743214,0.240794857024774
"277",0.275481063115867,0.094057274486182,0.0893795724462871,0.154315297496774,0.199631737455059,0.143617418159627,0.23724005966214,0.129564422213183
"278",0.737614462364664,0.541679467697381,0.252057843006746,0.710668285974204,0.455581960052274,0.51063532755723,0.486377501882255,0.613319603118475
"279",0.133727420097334,0.468866604209904,0.499210777696966,0.351245199165658,0.384793085087956,0.31074563547579,0.286133691112684,0.289832501061732
"280",0.271503063148375,0.125174510328032,0.150005660980708,0.108380627192214,0.241861957541496,0.184917324789894,0.23724005966214,0.220688708936337
"281",0.621962994819858,0.369577494416544,0.264179109427359,0.411338727656234,0.343117712014871,0.232544553433719,0.33711914379459,0.425863398280552
"282",0.34036536053671,0.439776579415263,0.255188195856663,0.615202457552579,0.422741275021855,0.660403006667258,0.446208087027808,0.424674816687229
"283",0.0131030163049206,0.0327085399820842,0.00109682000522435,0.054877159179901,0.199631737455059,0.109046087024877,0.207782708466694,0.0719790232399782
"284",0.662761776695617,0.375500103381117,0.320636940423722,0.545186692627469,0.433349019407538,0.41532657299943,0.438040005775865,0.719184896402698
"285",0.0579398710870774,0.108468278842227,0.040495134612558,0.196689633358362,0.199631737455059,0.131618201832121,0.207782708466694,0.161196163748426
"286",0.114528082444505,0.18390149648888,0.0268559440499203,0.129484407317526,0.396063294869961,0.240033021210832,0.349318957761064,0.244573692976826
"287",0.100576987078812,0.0876498934775467,0.145820204148634,0.0645416070313508,0.199631737455059,0.109046087024877,0.207782708466694,0.114212608132185
"288",0.176714534602336,0.426512504425769,0.669652347111137,0.512438893456115,0.292743928298077,0.477255331267395,0.288115250776783,0.285066940948178
"289",0.236514385399331,0.338441773255503,0.360456713390551,0.141768661978275,0.384544222809246,0.155495202897336,0.286133691112684,0.225305640414584
"290",0.0862746334266517,0.0669700589932702,0.0679029877571014,0.0648381387120258,0.199631737455059,0.109046087024877,0.207782708466694,0.157467014707151
"291",0.412120711693717,0.354595314075561,0.26963828379297,0.0939845241930932,0.315473778753332,0.148004453661933,0.285135365712163,0.251214671106135
"292",0.153388917065682,0.217778061863669,0.0781321104221179,0.131034185941598,0.365168310521806,0.267255249415739,0.429589927513063,0.204905076370646
"293",0.139511345212776,0.263502804807661,0.459450085609857,0.114977670979007,0.199631737455059,0.143617418159627,0.23724005966214,0.203713887883378
"294",0.803054753849525,0.475162891489296,0.549452024631032,0.597538280707187,0.422741275021855,0.552112700513925,0.438040005775865,0.550098402925111
"295",0.865015829294864,0.834408928739773,0.964227543488275,0.815189148255684,0.455842744997512,0.803774624717299,0.447289575117835,0.589633414799613
"296",0.0197909286195509,0.117579983552183,0.027233020158202,0.0766865275129345,0.242488565918748,0.143617418159627,0.23724005966214,0.202772769166553
"297",0.469997804001631,0.299120368964158,0.346000318968218,0.439624185927938,0.326019836884855,0.326971510693533,0.349318957761064,0.415637364837368
"298",0.271759809313555,0.157594847318749,0.059276627140975,0.159720242696022,0.199631737455059,0.176950863354611,0.241636936159058,0.190341699678538
"299",0.385528586846539,0.310365186732452,0.40711206719863,0.348163711469715,0.241861957541496,0.250246195430776,0.23724005966214,0.368430369989444
"300",0.720578999470589,0.495246149549959,0.664344883164617,0.620795913069532,0.433325231538427,0.45416034852633,0.486377501882255,0.736771247749666
"301",0.0315239010677826,0.0838182207527811,0.0737763198746928,0.0883459399730198,0.199631737455059,0.367345316747076,0.207782708466694,0.113074256123913
"302",0.383250305550908,0.608490463787493,0.725395651871026,0.760358928162859,0.442457120437694,0.708764828065428,0.487599827442958,0.358534542546542
"303",0.0293025029448749,0.11869408942786,0.193887473319341,0.115477322273396,0.199631737455059,0.143617418159627,0.23724005966214,0.109776571812989
"304",0.352274535691631,0.215950649935637,0.185249765517546,0.309275634948212,0.306758171159053,0.262273202713666,0.274232410388778,0.559182015742491
"305",0.461285484456673,0.119917027403531,0.159133991752879,0.0648381387120258,0.199631737455059,0.109046087024877,0.207782708466694,0.173522336224386
"306",0.13914326378163,0.25372584646077,0.148421104128521,0.231303683413185,0.412482957893951,0.312340161947868,0.30799048774828,0.276767346149463
"307",0.278860605496643,0.228285743092232,0.563641389685771,0.114977670979007,0.199631737455059,0.190109206929871,0.23724005966214,0.121834965556741
"308",0.0208364299177286,0.0274329056434219,0.0102851979165875,0.0648381387120258,0.199631737455059,0.109046087024877,0.207782708466694,0.112780348022371
"309",0.120646673183277,0.131431860214485,0.138430467407889,0.256407007829566,0.31710028079276,0.223416696968413,0.296003894561191,0.297495875711997
"310",0.163782810528864,0.0692416022965318,0.241050624892797,0.115477322273396,0.199631737455059,0.143617418159627,0.23724005966214,0.136866202550247
"311",0.644944602549501,0.25027001875288,0.104950434635678,0.329656771466193,0.21353554700696,0.217653174508898,0.274232410388778,0.33801005420079
"312",0.149297396853599,0.0339438780718483,0.0244575563734709,0.0730947408347433,0.199631737455059,0.121692676793205,0.207782708466694,0.119077983679898
"313",0.769109100336235,0.832436862850814,0.959724674620391,0.668336514602506,0.427102124794166,0.700708132248998,0.447135225717203,0.587233152812184
"314",0.618950155420533,0.557775298925446,0.612959043469907,0.722155717912539,0.414747003192551,0.620279872646869,0.413515660307672,0.404808663788435
"315",0.11360194351664,0.147199775384435,0.111610755087769,0.0887414638836325,0.199631737455059,0.222093394131605,0.207782708466694,0.20821129628792
"316",0.137201173649109,0.0710987296414392,0.0337648718575645,0.0996931192037685,0.199631737455059,0.12009559814278,0.207782708466694,0.127379753318791
"317",0.616170685714955,0.725025969632053,0.950428363842754,0.856238709855475,0.386947400634332,0.805319150691672,0.406058715969558,0.389653219944582
"318",0.707354128000815,0.895474890279382,0.775803116692198,0.589074236979892,0.456116793625226,0.586558033048714,0.421207403721612,0.76848430241329
"319",0.643224507039974,0.588709223898824,0.732497245960001,0.683045784067543,0.443572202027447,0.582126665138297,0.421207403721612,0.618798282029477
"320",0.0216683208651583,0.0488332535806825,0.0107354543699793,0.0645416070313508,0.199631737455059,0.109046087024877,0.207782708466694,0.0802834429905751
"321",0.68843904486015,0.415104708606774,0.612747330054837,0.722155717912539,0.396314811491385,0.647237738552866,0.413515660307672,0.404808663788435
"322",0.648754671836646,0.494041564942273,0.48117223743508,0.319930152297504,0.443040095797181,0.446023782791546,0.421207403721612,0.395210698842837
"323",0.291211611316865,0.208691894790578,0.28592050944339,0.221612852815272,0.292743928298077,0.257915972914989,0.371009030670259,0.246235568969252
"324",0.393165282863435,0.141020672969441,0.399915443918125,0.154315297496774,0.199631737455059,0.190109206929871,0.23724005966214,0.12802580156359
"325",0.712694043888119,0.784256832470661,0.76368375342693,0.727778904609639,0.420922354923557,0.481732304085807,0.486377501882255,0.71959141754027
"326",0.154104593505929,0.0899531914403014,0.762036365436218,0.114977670979007,0.199631737455059,0.376749577080014,0.23724005966214,0.184058959438195
"327",0.112614890639192,0.149915922572473,0.0458463734900892,0.170851397566793,0.199631737455059,0.322913828925772,0.241636936159058,0.140812505873805
"328",0.218289937667474,0.402097447630824,0.412405000089605,0.674339384775557,0.431130088082576,0.605751085755357,0.421207403721612,0.426151018399406
"329",0.103964502167552,0.133619908495993,0.183191424717635,0.136709135218237,0.199631737455059,0.292969768415942,0.207782708466694,0.20156495219072
"330",0.0797852761633764,0.0543771159193991,0.0924826704986219,0.0856766598874257,0.199631737455059,0.121692676793205,0.207782708466694,0.184100560671871
"331",0.324034572539267,0.0405722894539431,0.0639738368437311,0.0989928922578904,0.199631737455059,0.229125844575937,0.23724005966214,0.119077983679898
"332",0.0198362246313776,0.0344773948411203,0.00181882664628845,0.0551319051622218,0.199631737455059,0.109046087024877,0.207782708466694,0.0934950319844738
"333",0.28052784132764,0.362472844736176,0.165827426531433,0.348947468810891,0.386152177863855,0.342506242852118,0.350431844660257,0.308096396184745
"334",0.511782415891835,0.566827035954753,0.341249201328213,0.295683041031411,0.414747003192551,0.413356586809868,0.411269747718557,0.381804255320858
"335",0.00987894754445568,0.107132204345001,0.0594935771848116,0.0648381387120258,0.199631737455059,0.109046087024877,0.207782708466694,0.081433477399247
"336",0.0370554980663797,0.182652411022174,0.0607260054344441,0.20902280588683,0.302866333805615,0.187614901101627,0.289013535942656,0.258341970723292
"337",0.138848728277046,0.100189194426908,0.0895426525337307,0.0812543116202314,0.199631737455059,0.12009559814278,0.207782708466694,0.162427926260358
"338",0.208683875950331,0.191831225052812,0.511179808888087,0.429185145528265,0.340572641152711,0.302723313305984,0.386701932754381,0.2400673282872
"339",0.6889466754743,0.878789344199233,0.846282854071278,0.903947920438907,0.464328654221284,0.785073271330257,0.487599827442958,0.700565576134645
"340",0.0854275393003441,0.093066845608511,0.0486090768894622,0.0887414638836325,0.199631737455059,0.109046087024877,0.207782708466694,0.112661531006723
"341",0.739886974283908,0.461429966094383,0.610045870402323,0.293542443321106,0.396063294869961,0.396012207811099,0.411269747718557,0.41604490460893
"342",0.1232074304441,0.115805798295925,0.132511987666127,0.2024507635555,0.326019836884855,0.223416696968413,0.349318957761064,0.248212332789167
"343",0.0301242457845805,0.0765506475541868,0.111953937044308,0.0985566190418318,0.199631737455059,0.190109206929871,0.23724005966214,0.0801776298391727
"344",0.212769316158088,0.204474605387064,0.172416916888142,0.108380627192214,0.315473778753332,0.143617418159627,0.285135365712163,0.222394048576879
"345",0.00990997542378402,0.103475761824201,0.00432863782742167,0.0892865069357602,0.21353554700696,0.109046087024877,0.241636936159058,0.142203854295605
"346",0.0182699176103294,0.0283551153185207,0.00163036969207275,0.054877159179901,0.199631737455059,0.109046087024877,0.241636936159058,0.0735428865445606
"347",0.352994284556758,0.165552975209601,0.305534150332689,0.353296335868586,0.357949527322414,0.327326213681056,0.341680608681296,0.304821977348336
"348",0.177363293950902,0.129475538360768,0.12185738484244,0.161454519497068,0.241669222266411,0.15470374204423,0.23724005966214,0.248133924850288
"349",0.790330393908956,0.615319956204571,0.838395692282051,0.644219909140005,0.406726661042712,0.655358549361658,0.504486423059443,0.415637364837368
"350",0.0981543372982001,0.197155787620838,0.317738630127957,0.174911021904914,0.30607073338934,0.244411973813149,0.349318957761064,0.296897318532627
"351",0.539758712717107,0.192314065101569,0.489300825706566,0.159948585315701,0.199631737455059,0.14126903023756,0.23724005966214,0.282004490637934
"352",0.0626408905567475,0.0638716775250438,0.0602753981015439,0.115477322273396,0.199631737455059,0.190109206929871,0.23724005966214,0.093704403068529
"353",0.027949090637161,0.0427437534417931,0.00345946780735843,0.0551319051622218,0.199631737455059,0.109046087024877,0.207782708466694,0.0578327080371827
"354",0.730780715508112,0.596213716589222,0.774624208590021,0.637571154157275,0.427102124794166,0.749992710860153,0.420376898596205,0.496620609592321
"355",0.870656174430349,0.772146851343366,0.906290649957703,0.864886347974627,0.443040095797181,0.838020903303459,0.487599827442958,0.603683993684502
"356",0.461100968305859,0.437262846722543,0.346853283642288,0.568260998419509,0.454017425516739,0.664903942573813,0.383446881011056,0.415650472197371
"357",0.677082937750737,0.514284653407781,0.586809697748664,0.551434130317969,0.408948149417004,0.646582977068259,0.326400134300801,0.582937822817565
"358",0.0330041705338927,0.160483686915358,0.0564485399056128,0.0896858274987092,0.21353554700696,0.109046087024877,0.207782708466694,0.172951358806483
"359",0.720600830824381,0.871386728055046,0.482501831933217,0.87771256540836,0.501696275017669,0.624410062625675,0.42346855002877,0.57934841841307
"360",0.721213549855942,0.527467007315784,0.474711102650126,0.532745532679286,0.369890528327916,0.477594750341852,0.394743246426569,0.497181647177845
"361",0.754617016608109,0.515821587295137,0.503035654672966,0.363841057648452,0.35653547793674,0.245877242064806,0.274232410388778,0.599967487701974
"362",0.363822119448347,0.363765472816147,0.117221780435501,0.163793394120153,0.384793085087956,0.173769853960922,0.285135365712163,0.278355477244081
"363",0.0122780025603987,0.0671331501883817,0.00625276458113365,0.196689633358362,0.199631737455059,0.131618201832121,0.207782708466694,0.147740777698313
"364",0.0171412012322812,0.0600835977673843,0.00188419656029686,0.0648381387120258,0.199631737455059,0.109046087024877,0.207782708466694,0.0825663904751737
"365",0.166838918751656,0.40411552568777,0.375923571407096,0.48031743914344,0.396314811491385,0.451673798562772,0.350314161969075,0.425432516142745
"366",0.18792507723053,0.120372987967586,0.217855364663234,0.0648381387120258,0.199631737455059,0.178255505898034,0.23724005966214,0.167430452998172
"367",0.618568089061931,0.805584382960796,0.928865706623553,0.765467090620146,0.397481660449443,0.778087987577425,0.387911085339255,0.440478336506196
"368",0.039994507733723,0.228586721821858,0.0230570099451176,0.13180721063315,0.233707609444929,0.20883330019874,0.23724005966214,0.192591468468307
"369",0.021172212523399,0.0915533266505385,0.0133757018117581,0.128041550182638,0.199631737455059,0.234050989516991,0.310971483056272,0.153483615015888
"370",0.0248398511941367,0.0980885572780446,0.0101472989934319,0.0887414638836325,0.199631737455059,0.109046087024877,0.207782708466694,0.0738899132864554
"371",0.183196567315712,0.0976735565447847,0.0354877157927971,0.0996931192037685,0.199631737455059,0.12009559814278,0.207782708466694,0.125854075483017
"372",0.118338781056378,0.173796040119932,0.157427357778119,0.316243626787365,0.292743928298077,0.302551302151807,0.290019930985741,0.252244586734844
"373",0.00985840484085776,0.0731378419824009,0.0460569820289405,0.0856766598874257,0.199631737455059,0.121692676793205,0.207782708466694,0.133118126315738
"374",0.0105926059270764,0.025106063385265,0.000667647573929174,0.0551319051622218,0.199631737455059,0.109046087024877,0.207782708466694,0.0552603633726297
"375",0.144194117424945,0.257684602169622,0.126324643327264,0.298588422990788,0.328177675077762,0.336705714545186,0.23724005966214,0.414680990344713
"376",0.830371700923509,0.67217735576642,0.96848396928537,0.73140682225662,0.413005578437561,0.553544843245051,0.412994842654192,0.889021134179405
"377",0.0641900404964204,0.102023974608334,0.104497787792689,0.138569960521222,0.231990243058905,0.155495202897336,0.238126552051172,0.202381408891681
"378",0.0187010121084502,0.0853981338666933,0.0964220229083422,0.173075566625701,0.199631737455059,0.161631224943602,0.241636936159058,0.0851655514150251
"379",0.487139410746664,0.265063888493198,0.153874645352061,0.3467542558387,0.342803562811388,0.376036814773155,0.349318957761064,0.37519107143025
"380",0.0324098228545325,0.228722832156047,0.0999575358256611,0.542820252178254,0.317225452464524,0.493351459845428,0.296576170055461,0.269507882855224
"381",0.0458186962304893,0.12302429238662,0.0174406050668859,0.0645416070313508,0.199631737455059,0.109046087024877,0.207782708466694,0.12802580156359
"382",0.698916881395944,0.451985125772773,0.504297921510357,0.518474621491251,0.396314811491385,0.380942447121519,0.412329604604571,0.415637364837368
"383",0.162167385006302,0.470978511348074,0.45356034969994,0.664112283160085,0.372750404076667,0.52308401289202,0.41931111578968,0.432319643833936
"384",0.017028776725875,0.03028398745162,0.0131644215382066,0.129689011019081,0.199631737455059,0.161895922332135,0.241636936159058,0.0825946385697435
"385",0.762026307973338,0.462029878607915,0.844556921729792,0.629821226929285,0.392597298325921,0.522787601184824,0.412994842654192,0.449486187783172
"386",0.457903175458597,0.802887850876013,0.66753516552324,0.768345301047459,0.443299547294146,0.513546586739163,0.384604228745059,0.395210698842837
"387",0.0227922481172057,0.0435668778147938,0.0290315087988988,0.0883459399730198,0.199631737455059,0.109046087024877,0.207782708466694,0.106898885912285
"388",0.424443856670769,0.295430543740317,0.318197551206989,0.444215184251371,0.34409710118237,0.440966745220527,0.312154826455601,0.382053135558966
"389",0.0587453345709339,0.0270619274225932,0.0149196435240183,0.0645416070313508,0.199631737455059,0.109046087024877,0.207782708466694,0.171937493457695
"390",0.0828586352666436,0.104231703688979,0.0822085879681702,0.115477322273396,0.199631737455059,0.143617418159627,0.23724005966214,0.223844604891945
"391",0.132651778249485,0.15881746561571,0.0163628599283327,0.115477322273396,0.199631737455059,0.143617418159627,0.23724005966214,0.158507201671668
"392",0.287731866896462,0.310728361038854,0.148803842767119,0.0648381387120258,0.199631737455059,0.178255505898034,0.23724005966214,0.185238689214011
"393",0.111045573285547,0.163017785370911,0.361591627472517,0.275959231210922,0.283676851001059,0.249764562610881,0.295092900249349,0.39677354510412
"394",0.259407342529298,0.237341680602726,0.221706191845226,0.0645416070313508,0.199631737455059,0.109046087024877,0.207782708466694,0.20805691716353
"395",0.348376225172563,0.375027496694943,0.619330080488377,0.400702555572732,0.412482957893951,0.280976561465097,0.30799048774828,0.395461049250786
"396",0.0165400454828228,0.0571820913711232,0.00528167322612189,0.0551319051622218,0.199631737455059,0.109046087024877,0.207782708466694,0.0754814872967771
"397",0.19003989117095,0.232983463008828,0.276128342331787,0.174911021904914,0.315473778753332,0.209245083958219,0.349318957761064,0.284505560514966
"398",0.39260900996752,0.389518778542309,0.533426164134813,0.54615460317218,0.359878852591485,0.32529040421917,0.386701932754381,0.71292124521004
"399",0.487331906697434,0.631064644200726,0.830169748524731,0.841838986376677,0.455581960052274,0.703591124871139,0.487599827442958,0.418476070184724
"400",0.916131053714049,0.723035924418464,0.895549824222092,0.782939465693412,0.464067154746381,0.610843976363012,0.422400641094801,0.649180181136947
"401",0.0236303667237145,0.0945866148678249,0.0194912348434716,0.0648381387120258,0.199631737455059,0.109046087024877,0.207782708466694,0.112493923164315
"402",0.995217066882477,0.823754572672758,0.904471884542227,0.77520779215913,0.521779422609068,0.619327490192285,0.422400641094801,0.648797999703586
"403",0.248875746830733,0.108140658861678,0.0426892285593437,0.0996931192037685,0.199631737455059,0.12009559814278,0.207782708466694,0.143489533458606
"404",0.421282037182789,0.34090691578492,0.526719103049634,0.234846834947028,0.315473778753332,0.277471859512929,0.285135365712163,0.307582625307033
"405",0.698747424325073,0.346784607115316,0.434779703662688,0.298768649917209,0.437200363925475,0.265259217800827,0.366742901086615,0.342176447167714
"406",0.518554749257387,0.269931273475235,0.636309444909541,0.233108499667414,0.365168310521806,0.244271355055996,0.285135365712163,0.254358914478404
"407",0.387566496335771,0.289755588890966,0.474048546732027,0.282694836060637,0.21353554700696,0.20896376718205,0.274232410388778,0.342416826818346
"408",0.210454363830815,0.500854215554645,0.373718378955458,0.709340748209732,0.346912901363943,0.576935829124689,0.275207258074731,0.345373429819252
"409",0.410729821056999,0.558845632117567,0.398378948324055,0.524793825301933,0.343117712014871,0.284025375458581,0.33711914379459,0.624822774526275
"410",0.104928934543655,0.0477542932909836,0.586786547965337,0.0645416070313508,0.199631737455059,0.306119224176809,0.23724005966214,0.171698763867764
"411",0.94173791903549,0.720736670522578,0.654615866685002,0.694773315269022,0.476694801843104,0.590604136469348,0.421207403721612,0.722306273039334
"412",0.160384136468935,0.161006703514572,0.0349286238990303,0.130031352608191,0.318509194554023,0.178731661121706,0.238032763517091,0.220688708936337
"413",0.840758460873204,0.569451192542595,0.6696951240054,0.755270582451605,0.408504106646103,0.749579534483699,0.505709449761811,0.404808663788435
"414",0.0883551741410816,0.0683296221788207,0.142037924760907,0.115477322273396,0.199631737455059,0.143617418159627,0.23724005966214,0.121025523214753
"415",0.132895072375738,0.122098710154558,0.124552381359005,0.170929518965015,0.292464478666235,0.228390907255556,0.341680608681296,0.239761392465265
"416",0.137628859142394,0.0546196844913205,0.015081197793488,0.0551319051622218,0.199631737455059,0.109046087024877,0.207782708466694,0.0971287313804351
"417",0.60507707193026,0.78400612245688,0.622434622308858,0.766459741764206,0.455581960052274,0.646356932402974,0.486377501882255,0.437282094536504
"418",0.215873259616721,0.182098771729018,0.443985223458132,0.282694836060637,0.21353554700696,0.20896376718205,0.274232410388778,0.114562051118675
"419",0.273053177538139,0.293432323744579,0.182054637022832,0.28605740820287,0.217568096843506,0.349486563028124,0.274232410388778,0.331317734063949
"420",0.116026099222454,0.197420138926476,0.0332376240136174,0.0892865069357602,0.21353554700696,0.109046087024877,0.207782708466694,0.21531693857607
"421",0.497982859320768,0.430018078313634,0.67104862372201,0.106766514567618,0.199631737455059,0.133831161797208,0.207782708466694,0.203713887883378
"422",0.726856063669641,0.241560617559645,0.389336097059289,0.175453181593736,0.21353554700696,0.161631224943602,0.274232410388778,0.323943547428075
"423",2.22044604925031e-16,0.0772423968468613,0.0354590366825022,0.0648381387120258,0.199631737455059,0.109046087024877,0.207782708466694,0.104966377293017
"424",0.0550168084191562,0.0716781243899866,0.00301403333053574,0.0812543116202314,0.199631737455059,0.12009559814278,0.207782708466694,0.107697884458071
"425",0.0239470729102752,0.0708807869318389,0.0253912731318283,0.134026851090065,0.199631737455059,0.12009559814278,0.207782708466694,0.0919882288216932
"426",0.400969981974632,0.365837221162991,0.270645524460684,0.298007434512864,0.480768616973797,0.329805390665686,0.438040005775865,0.482559037561632
"427",0.105041084531025,0.202106681868165,0.439534210899291,0.282694836060637,0.21353554700696,0.573206728815379,0.274232410388778,0.293034487412722
"428",0.110718285729652,0.0537161127816459,0.0315122773647147,0.115477322273396,0.199631737455059,0.143617418159627,0.23724005966214,0.131663976534569
"429",0.0781980160089599,0.0618359346702208,0.14159328103389,0.107896536411106,0.199631737455059,0.129027074630735,0.23724005966214,0.127566352087305
"430",0.0875434535048564,0.127915851843785,0.137659791537302,0.283689699816236,0.21353554700696,0.269941507366739,0.274232410388778,0.218207361219523
"431",0.131072286581852,0.272427483517615,0.58461808324111,0.174745292302608,0.21353554700696,0.281657504485749,0.241636936159058,0.239821569365186
"432",0.0875010788192238,0.309917799490933,0.136309198578582,0.13180721063315,0.233707609444929,0.148004453661933,0.23724005966214,0.192591468468307
"433",0.296174808303592,0.337453802666207,0.211985876695351,0.256773347222342,0.295886686109347,0.313092589251245,0.286133691112684,0.317196570015173
"434",0.0220883240672367,0.129356194552943,0.00894644288300222,0.0762186602237952,0.21353554700696,0.109046087024877,0.241636936159058,0.0974835532670228
"435",0.0491642857111133,0.183279241111517,0.119600894816824,0.0892865069357602,0.21353554700696,0.109046087024877,0.241636936159058,0.203187333129364
"436",0.0688172548507609,0.159158910549834,0.112986370323366,0.174745292302608,0.21353554700696,0.284812676154014,0.241636936159058,0.115008220262171
"437",0.0656963885183483,0.0961821537847071,0.0315314506347564,0.136291581619834,0.297514450389387,0.130202725953057,0.23724005966214,0.310842254989803
"438",0.902671847807505,0.738370107296347,0.621382609037273,0.77320613681387,0.443572202027447,0.68745309362738,0.421207403721612,0.741285983283288
"439",0.318858701591454,0.23350012147279,0.437291124678196,0.173075566625701,0.21353554700696,0.161631224943602,0.241636936159058,0.29332139440543
"440",0.0583281664460645,0.195575305073275,0.35356885157128,0.28605740820287,0.21353554700696,0.20896376718205,0.274232410388778,0.180874105042429
"441",0.662499926788334,0.439988145426788,0.755548418684336,0.314221885055786,0.384793085087956,0.391498538035702,0.342781980457302,0.307582625307033
"442",0.0223721544755064,0.0979847076483981,0.0106227529754319,0.068957309158498,0.199631737455059,0.12009559814278,0.207782708466694,0.0837609403471213
"443",0.170687804626978,0.152812922102245,0.276634806091215,0.285057545495579,0.21353554700696,0.20896376718205,0.274232410388778,0.274413669588026
"444",0.574256095462264,0.400500883379305,0.182731272942028,0.359617033244232,0.435157472087634,0.398228671346467,0.438040005775865,0.48297796178362
"445",0.0223672734267125,0.0802339697803841,0.00457486244828985,0.0648381387120258,0.199631737455059,0.109046087024877,0.207782708466694,0.100436147582138
"446",0.0386942063630562,0.0669279847348296,0.123695952248812,0.115477322273396,0.199631737455059,0.143617418159627,0.23724005966214,0.11099980650598
"447",0.367684916924089,0.57761061069838,0.463692525486421,0.555140744440414,0.426009798579677,0.356644269958494,0.350431844660257,0.384563955077662
"448",0.18803162483375,0.186118832213986,0.219016248504327,0.115477322273396,0.275709823646033,0.187943696351531,0.23724005966214,0.207321074917981
"449",0.0610121401070398,0.0402183561899261,0.0274778106336648,0.085293517352588,0.199631737455059,0.121692676793205,0.207782708466694,0.169181599368072
"450",0.049579828124865,0.0340878910148225,0.0331690418760166,0.0551319051622218,0.199631737455059,0.109046087024877,0.207782708466694,0.10740552419516
"451",0.220825136167282,0.29010447138779,0.0355338117083482,0.256407007829566,0.388433574772358,0.302143609603142,0.437886319466179,0.23307279687761
"452",0.374703818661027,0.197102734519742,0.238841872186004,0.149761085543322,0.199631737455059,0.518112800739147,0.274232410388778,0.141417532325058
"453",0.14709387533152,0.136614969618601,0.0908847728300688,0.231743894807448,0.342631907162001,0.200195866808338,0.33711914379459,0.417989776286394
"454",0.0215388979174348,0.0279877883540054,0.00733526425480492,0.0812543116202314,0.199631737455059,0.12009559814278,0.207782708466694,0.112148415446743
"455",0.99444659953732,0.615977813452189,0.908157937700859,0.689813366823752,0.443572202027447,0.58841876795538,0.421207403721612,0.595806440991957
"456",0.0121297627419372,0.0863862011752577,0.00750741577520025,0.0648381387120258,0.199631737455059,0.109046087024877,0.207782708466694,0.0769299402966618
"457",0.820606918933516,0.530937804966973,0.38249583413295,0.42625257411199,0.356233595573528,0.553013064126856,0.394743246426569,0.536345194566206
"458",0.15797150783214,0.227659762352578,0.0934119266891471,0.0808891960358195,0.199631737455059,0.12009559814278,0.207782708466694,0.143168525416116
"459",0.311212878093809,0.166294434623404,0.367701294275989,0.151877243780354,0.21353554700696,0.161631224943602,0.274232410388778,0.261324779230854
"460",0.463880642622323,0.226907029162046,0.263173832868428,0.270873746817977,0.337254940466633,0.223416696968413,0.349318957761064,0.420096292224465
"461",0.448376086674122,0.201238592011013,0.259532093141637,0.474145632378894,0.376461998569761,0.415694727828423,0.411269747718557,0.337627554026415
"462",0.782915960826102,0.665054076826713,0.672734228452134,0.651054218539338,0.4460987956917,0.506400425511174,0.386701932754381,0.737762116425037
"463",0.0267267886661568,0.12686064054282,0.008933212637988,0.054877159179901,0.199631737455059,0.109046087024877,0.241636936159058,0.122783222427414
"464",0.805539526004704,0.692982467789847,0.916602078539381,0.760143117815962,0.406726661042712,0.727145527168007,0.505709449761811,0.404808663788435
"465",0.662914273750598,0.768690291337163,0.462199741525888,0.670454892676858,0.453171210876392,0.687753715604488,0.383446881011056,0.593962015056315
"466",0.214692432676196,0.112339387267962,0.180553739095043,0.2024507635555,0.325788856599334,0.255615772045045,0.349318957761064,0.296174449500988
"467",0.568585822175723,0.269189773084305,0.234340825326873,0.206770116893547,0.408504106646103,0.255615772045045,0.350314161969075,0.314097397170693
"468",0.190960594067541,0.126805747037523,0.827567412327608,0.1756111412914,0.241861957541496,0.178731661121706,0.23724005966214,0.24592431630665
"469",0.245816995685136,0.0747226129794511,0.116998409300442,0.12652201281333,0.315246775377543,0.209869969230767,0.349318957761064,0.296524292073428
"470",0.718358093926948,0.758778487870484,0.748214043675974,0.862943798053594,0.443040095797181,0.793192288709741,0.487599827442958,0.576752690656681
"471",0.0821526089074034,0.198941309499801,0.165044298936827,0.282694836060637,0.21353554700696,0.20896376718205,0.274232410388778,0.365277765076603
"472",0.730582361539195,0.580592310861329,0.577400229442305,0.513518285878783,0.441200590086765,0.495603011891613,0.421207403721612,0.596640680138775
"473",0.533939082057898,0.301856327296298,0.611422222200828,0.700316729234733,0.457782047787671,0.525657555425906,0.486377501882255,0.750455233966213
"474",0.0814137471660799,0.0672919912735103,0.0363338016538972,0.0648381387120258,0.199631737455059,0.109046087024877,0.207782708466694,0.151403631827463
"475",0.0366982159825914,0.0372805259765286,0.00252851008085475,0.054877159179901,0.199631737455059,0.109046087024877,0.207782708466694,0.106148286605177
"476",0.760359374756309,0.522622012944929,0.48593768832507,0.348536955068585,0.21353554700696,0.256921260492186,0.241636936159058,0.539825975769237
"477",0.210140349674309,0.393612370542326,0.239531224026989,0.243570510320013,0.370815721187761,0.229651656099506,0.366742901086615,0.251193610982953
"478",0.199292046109175,0.192305475191795,0.198379782140711,0.436886112191083,0.248906459643675,0.369723749748667,0.275207258074731,0.438312232153101
"479",0.259750751278993,0.493182849337881,0.276482231138462,0.401462303608347,0.443040095797181,0.379297511787699,0.438040005775865,0.453592401168329
"480",0.0391407410769175,0.0195555143154439,0.00187073146098502,0.0692726261186578,0.199631737455059,0.12009559814278,0.207782708466694,0.0625107593560939
"481",0.779313469915981,0.743104354912055,0.952155464594672,0.749869465291447,0.443299547294146,0.592989241222299,0.37679656490839,0.362010269368985
"482",0.0323099537681962,0.0280283981629131,0.0146366673431869,0.0985566190418318,0.199631737455059,0.143617418159627,0.23724005966214,0.103851161315678
"483",0.654743510094132,0.381113817402555,0.115754084729204,0.271338341217988,0.315473778753332,0.285711824271205,0.349318957761064,0.381804255320858
"484",0.282237868061013,0.402221084433501,0.339967978615019,0.447937787512084,0.342868756128629,0.535138413123661,0.345548050778905,0.487838893688714
"485",0.166884096929511,0.206391721968095,0.424421357884086,0.438798649851226,0.390557278945601,0.489420094192857,0.366742901086615,0.361925625256794
"486",0.0855198213203031,0.11821109733491,0.0696739024399694,0.185948688713506,0.21353554700696,0.176950863354611,0.241636936159058,0.137330842526972
"487",0.307306053199713,0.248071285573703,0.161463313829077,0.127171776630966,0.315246775377543,0.148004453661933,0.286133691112684,0.225305640414584
"488",0.107771710865037,0.0503442473975596,0.00655734890593676,0.054877159179901,0.199631737455059,0.109046087024877,0.241636936159058,0.0899625623821584
"489",0.13056237197765,0.313080438171191,0.530917257151849,0.489020112565257,0.323803068481733,0.606960483291718,0.406058715969558,0.268169736932351
"490",0.26418293935063,0.442994308370201,0.475413773439459,0.500250060128784,0.31710028079276,0.512935380283584,0.297024462183976,0.444899079135722
"491",0.573591808912622,0.149623225985338,0.345844307104205,0.0645416070313508,0.199631737455059,0.178255505898034,0.23724005966214,0.196549402582199
"492",0.283796608894425,0.119628151638674,0.43471031240305,0.282694836060637,0.199631737455059,0.20896376718205,0.274232410388778,0.223252942848271
"493",0.405625235808901,0.416918566504147,0.771185901529741,0.398624993807877,0.401235120832261,0.394418106493195,0.341680608681296,0.515217544848015
"494",0.249842565952928,0.425556941858283,0.244593886719658,0.463812948691931,0.412737775628183,0.48296794264353,0.367879914151601,0.258430017929257
"495",0.270811747687236,0.106898600322488,0.0174093896461228,0.252164544566933,0.217568096843506,0.20896376718205,0.274232410388778,0.233031121317972
"496",0.205586910559024,0.18194682267944,0.0947657130904941,0.373945943208035,0.316001495840451,0.574729374335557,0.302951261451007,0.402824662672951
"497",0.663977351655144,0.758927932126639,0.783588515435736,0.757422928049148,0.480768616973797,0.525657555425906,0.486377501882255,0.432319643833936
"498",0.0536716182162541,0.0813960358630386,0.0429982275068267,0.0648381387120258,0.199631737455059,0.109046087024877,0.207782708466694,0.151403631827463
"499",0.0715660250741093,0.0571820913711232,0.0276257554303731,0.0551319051622218,0.199631737455059,0.109046087024877,0.207782708466694,0.114462218058494
"500",0.424318482767662,0.654023461571576,0.834280888648667,0.770777748031798,0.435157472087634,0.693265268195138,0.494653537882625,0.464353835038861
