"","GAM_predictions","RE_RF_predictions_AUC","RE_boosting_predictions_AUC","RE_bag_predictions","SRE_RF_predictions_AUC","SRE_bag_predictions_AUC","SRE_boosting_predictions_AUC","SRE_PLTR_predictions_AUC"
"1",0.155912912720607,0.228340464981978,0.127788030282807,0.123753825100268,0.30990769448749,0.303232951927123,0.206763959138118,0.248044048295847
"2",0.205162601708504,0.43297806142487,0.453971219687595,0.829911726120522,0.500400024376783,0.571178271769495,0.394512902055742,0.471328633060946
"3",0.886549651665845,0.602429308058092,0.682618716209184,0.622989371436223,0.500309819321665,0.536470795911917,0.623951558237171,0.55027278572558
"4",0.207193490859285,0.339317672551904,0.109210790268054,0.281129815833603,0.232349577957016,0.26439500516635,0.18825295771749,0.313234767998607
"5",0.173108421205387,0.159400775769357,0.102202060322682,0.0672535178810351,0.188507809684145,0.153674890175701,0.178385147372855,0.12132041902521
"6",0.194814711296136,0.354919229129224,0.400672935195687,0.480525225325341,0.457384338116543,0.355276141638895,0.403994531130181,0.389334446743311
"7",0.00625105971227791,0.0559065679982373,0.0444671857076493,0.0230405359535474,0.156688488589291,0.153472818082658,0.178385147372855,0.11350299284234
"8",0.623138246603242,0.733992249366977,0.820506263611355,0.815108667003426,0.521512958775081,0.612677636363049,0.614372649387125,0.542312408106988
"9",0.572943473971086,0.303497305589391,0.264400992556615,0.427861401877592,0.337509072267349,0.313850535369156,0.398926135042387,0.304329696770726
"10",0.071274445234941,0.156194296290777,0.111169182899025,0.134642321051017,0.337509072267349,0.309284594565162,0.291481009532067,0.197056923487555
"11",0.541116421634819,0.401085762764823,0.546878989677645,0.517074708214448,0.369901152637512,0.535359918069363,0.409434917227728,0.383579058761577
"12",0.647255215773697,0.374270942525469,0.376543890610061,0.604744749092673,0.359574947940906,0.313850535369156,0.315953315680877,0.268648471827091
"13",0.552259633941046,0.426370417898584,0.823743576215509,0.92366280561804,0.38271785655274,0.655129677765993,0.562443803825306,0.449291471710422
"14",0.873584731712484,0.713222564259705,0.660948296657254,0.851216744128151,0.535121498333398,0.584034949888946,0.539269755474876,0.528990272486499
"15",0.378803544767203,0.314924827108264,0.51150262804228,0.519591515958507,0.402116735534782,0.367586410873302,0.414834038000484,0.754941526649791
"16",0.449632139443886,0.336457291027999,0.219284200436556,0.214441414318014,0.412501342373607,0.305595441602476,0.299064815400639,0.254082899577903
"17",0.0632134342847736,0.18112459608887,0.131918667540552,0.0643525270724354,0.289511883294319,0.280742534557868,0.293971438698974,0.0964542305869697
"18",0.161943158965845,0.406950114016105,0.161893296973993,0.0809783213832351,0.359574947940906,0.301096896268934,0.301342997762802,0.209270575438278
"19",0.101463125435013,0.559618220491491,0.30390794968228,0.781772321436665,0.422488640964948,0.375814034149842,0.227907899534105,0.355313990452231
"20",0.0272618162855775,0.128787726997465,0.0553868437820072,0.0257798770478926,0.221098816477004,0.198416910921476,0.195908037581,0.148979282945794
"21",0.575436953938543,0.512282024894791,0.432945361752721,0.159563039681923,0.420306087357917,0.309284594565162,0.393683183750102,0.33989136096873
"22",0.0444025120433231,0.135375637522642,0.0591386501431063,0.0348040065061449,0.180295303465095,0.153472818082658,0.178385147372855,0.216036539438878
"23",0.122652756290875,0.401277973200582,0.359723359196914,0.213040721975579,0.417344036083825,0.292228219458634,0.222178687114899,0.263696890134617
"24",0.159271945029454,0.329778195437654,0.141365538113092,0.196158785357096,0.359574947940906,0.244650275904845,0.202612647509286,0.197346624132663
"25",0.0867185422490281,0.307856986764831,0.318664349299138,0.374831077402214,0.359574947940906,0.301096896268934,0.291284075369841,0.318047872314902
"26",0.250818843778461,0.241139357090417,0.114268546133538,0.205075165958769,0.228603781402125,0.198169781971571,0.195908037581,0.1838901000155
"27",0.326102745893327,0.200008206902975,0.215438853611673,0.139939357516482,0.337509072267349,0.309284594565162,0.396328712955323,0.197056923487555
"28",0.422965229963759,0.482559310346935,0.139686805664423,0.203945994157955,0.420306087357917,0.339177452408139,0.291481009532067,0.335082080597504
"29",0.171387919065736,0.17068618427126,0.613110937853543,0.265612063882945,0.289511883294319,0.305595441602476,0.381952830052486,0.229151150941776
"30",0.524102408387014,0.705978161968801,0.399607390596352,0.750087395204208,0.442356944626527,0.534071706117752,0.504571393142281,0.663138315879893
"31",0.0777038838794015,0.452082617886686,0.28537433854779,0.243032523495853,0.455163593840014,0.339177452408139,0.393918069256746,0.25963974243345
"32",0.0292007486331949,0.133945396743674,0.0672523744167148,0.0836855582321169,0.188507809684145,0.163427920120554,0.195908037581,0.11350299284234
"33",0.00530907038915805,0.0435790405352326,0.154423410453191,0.0252860798585796,0.144268348553933,0.153674890175701,0.237273929622265,0.100506887290767
"34",0.10973376800335,0.27530092712881,0.354014525959646,0.53333789128334,0.364470524598025,0.279172321916892,0.282555298159024,0.350510664915944
"35",0.766994617462248,0.675959530372132,0.862026151888477,0.857507547826844,0.648654456674394,0.70809179530794,0.632041849354837,0.776560980790731
"36",0.236266011999804,0.155722542887978,0.245732730239596,0.157383651374637,0.188507809684145,0.16364056594517,0.258759673237462,0.204252490109408
"37",0.627018781481588,0.275201391783613,0.222030602409832,0.229959353449695,0.230756794635469,0.186806403824405,0.24731115052348,0.208177619384684
"38",0.316510413703718,0.261785884786761,0.406452356948475,0.150358969098155,0.376205415857014,0.311452851055603,0.397565463505445,0.33463526832342
"39",0.204341795277999,0.276769287147316,0.166956784055557,0.193820229390027,0.258110242147808,0.200307511492818,0.195908037581,0.178991156708838
"40",0.114063564453044,0.170965183633959,0.0749091021869243,0.0837277615669926,0.189880956257283,0.163427920120554,0.195908037581,0.354605002991204
"41",0.222731426924007,0.137645107614762,0.382028902248709,0.147390361719546,0.244921246061361,0.200556639515697,0.27160383109436,0.310940677807133
"42",0.502283161110374,0.317825521179268,0.081207553282708,0.238815709211625,0.326764969353866,0.299885401583968,0.20086628046249,0.368092010486482
"43",0.728494179434584,0.780834115659988,0.928244383199238,0.917084629148776,0.632890950925121,0.76882978559895,0.759933808743333,0.722895057982514
"44",0.0965985076439379,0.118486569987422,0.130572756821871,0.218100970403387,0.215208425567654,0.264092774287379,0.24731115052348,0.196011943305793
"45",0.280194959979263,0.193185724290614,0.118136076570677,0.175013947834407,0.188507809684145,0.16364056594517,0.195908037581,0.195848321543515
"46",0.488662909131327,0.232795493143851,0.39968268633248,0.169918053654309,0.238650361949737,0.364903515953206,0.29964082513057,0.385585101851651
"47",0.00526080417467647,0.0625255512414224,0.0866696011600546,0.0959649486105375,0.156688488589291,0.163427920120554,0.195908037581,0.0651230076102934
"48",0.751089511005866,0.73880962260857,0.823829685212058,0.907984811893082,0.664504147306957,0.696176289839892,0.632041849354837,0.66375438915059
"49",0.34685604117059,0.279148492479434,0.624901942783323,0.380100191858133,0.30990769448749,0.394329369477964,0.448107289100982,0.33463526832342
"50",0.0287815037558912,0.0629965364007954,0.0587266828121606,0.0301061702813118,0.156688488589291,0.153472818082658,0.178385147372855,0.0830384034413309
"51",0.171099783459775,0.376708363779933,0.437379001390734,0.365135503022841,0.359574947940906,0.33806833387309,0.407672468675899,0.33463526832342
"52",0.28032883319099,0.438871145515591,0.731215860255668,0.879128298530275,0.462427444335837,0.668959532225919,0.521924421409466,0.492129200125691
"53",0.356855493404246,0.296159023425091,0.229224093195873,0.55790271781991,0.362537883354338,0.357787634577694,0.388893602831147,0.177382813886281
"54",0.32340115197876,0.498926996238664,0.747453630023251,0.883323474241356,0.516395450924633,0.69580470124055,0.632542828626544,0.816992754722662
"55",0.0536517301321943,0.275330929351519,0.355723878683288,0.322285668200516,0.30990769448749,0.27301177498628,0.206763959138118,0.330534028880452
"56",0.367655728823233,0.355774794237325,0.628016273362991,0.629854905316029,0.423875314761081,0.507482996821714,0.405506014448384,0.674966785184235
"57",0.144593718604814,0.53728337724611,0.749266883725255,0.813856231019784,0.397627620462003,0.55961204470719,0.539269755474876,0.607582485035548
"58",0.290216212198798,0.49867319086529,0.0919477088617019,0.111794332470856,0.417344036083825,0.330577142826451,0.277543188362232,0.377440888171901
"59",0.0286257147660244,0.193291868787068,0.146808771917741,0.185020009131938,0.26874254667595,0.27301177498628,0.20086628046249,0.236299061525593
"60",0.524393788733356,0.507365017660402,0.610607360220655,0.704316612837795,0.481590271602587,0.631127914501864,0.502207558938306,0.384053500869817
"61",0.102255556287909,0.228419930122347,0.190768227938158,0.118284342214018,0.30990769448749,0.280742534557868,0.293971438698974,0.15767344747263
"62",0.597060237173065,0.312714978461586,0.323493102164893,0.21093704789357,0.359574947940906,0.342946754147565,0.447718480344283,0.197056923487555
"63",0.171615214455028,0.289972279120877,0.304405562387181,0.317432912461935,0.30990769448749,0.27974039569411,0.206763959138118,0.274909456439155
"64",0.57848218851553,0.310571497095299,0.503234611597705,0.29633010820625,0.347097472701776,0.362052867419088,0.395320475145173,0.384525819133161
"65",0.461706267423758,0.329778195437654,0.676027968344479,0.667613742679101,0.359574947940906,0.561480329230455,0.446235821812092,0.318047872314902
"66",0.163374966493414,0.471696217184236,0.578458321899299,0.794598619490185,0.39927645218552,0.423727733612226,0.407672468675899,0.33463526832342
"67",0.409773105282891,0.226603269384626,0.196082746695311,0.0805922870190749,0.30990769448749,0.280742534557868,0.313319655316524,0.15767344747263
"68",0.406293414478677,0.496347489126074,0.478648143217077,0.688329269072384,0.458739825968075,0.471690750637741,0.418078709994499,0.697077146656376
"69",0.240354019980064,0.262716179317098,0.100824859388095,0.156194663536477,0.280491809345707,0.198169781971571,0.195908037581,0.12132041902521
"70",0.0318071424828539,0.0629965364007954,0.0704585621107873,0.0301222413307827,0.156688488589291,0.153472818082658,0.178385147372855,0.0830384034413309
"71",0.129677742301826,0.346860843274159,0.192237373889218,0.220178974123851,0.359574947940906,0.224851325956451,0.20086628046249,0.20733942836354
"72",0.29050377715377,0.529331624841456,0.673234721319149,0.575740814240765,0.471287940259599,0.642045648487411,0.661966502766703,0.300363504761231
"73",0.15129544244541,0.30286067894771,0.186014001318744,0.104065577434909,0.359574947940906,0.309284594565162,0.306941883582724,0.209270575438278
"74",0.517061107329727,0.749737157020113,0.781678465917063,0.891087979137808,0.603417415411148,0.710492539579952,0.641887109122826,0.601519677279444
"75",0.0402358211019905,0.0629965364007954,0.0711003758993751,0.0266804325912372,0.156688488589291,0.153472818082658,0.178385147372855,0.0889681820250807
"76",0.376373595791041,0.383207520444409,0.683568293774394,0.789272085615597,0.410773861593993,0.568324169779409,0.505340566116787,0.56742959881617
"77",0.00384341834627048,0.119029752856961,0.0729721285105921,0.0584105873605332,0.188507809684145,0.153674890175701,0.178385147372855,0.11350299284234
"78",0.113567388508259,0.314924827108264,0.257857763245952,0.455400191893908,0.402116735534782,0.318237579602515,0.223309158882533,0.338171653343316
"79",0.386836013527028,0.497198809486403,0.421662536237912,0.829511060100521,0.39038906619585,0.554403975958568,0.504571393142281,0.592067718043636
"80",0.423373485219637,0.363398491480148,0.243436290254057,0.3883335072851,0.359574947940906,0.309284594565162,0.306941883582724,0.268648471827091
"81",0.00700070190123511,0.0753890685144356,0.0695715238403951,0.0608862546620464,0.156688488589291,0.220171630077472,0.195908037581,0.117794889271009
"82",2.22044604925031e-16,0.616670005193052,0.750832605599206,0.941623610407591,0.459254466624023,0.540857779992747,0.465275374476116,0.703782569076934
"83",0.0300617303700275,0.0669678325164653,0.0621889298422626,0.0301222413307827,0.156688488589291,0.153472818082658,0.178385147372855,0.0830384034413309
"84",0.395311476860696,0.0666470900192146,0.236788926394526,0.17829126045224,0.166373101205963,0.16364056594517,0.237273929622265,0.146405878836535
"85",0.355871416304526,0.0629965364007954,0.0869578750425207,0.0519095096282317,0.156688488589291,0.153674890175701,0.178385147372855,0.143129791921969
"86",0.542001495595319,0.643313951258052,0.41369329345991,0.70639423656245,0.420306087357917,0.318625099401478,0.377461888047681,0.411576800135857
"87",0.779958845296098,0.350966370222071,0.0966623229027738,0.0856283222356464,0.249128706567579,0.155425676283802,0.178385147372855,0.188219176531086
"88",0.00873149886813537,0.119892160944766,0.0570182748592616,0.0551591887838934,0.188507809684145,0.153472818082658,0.178385147372855,0.12132041902521
"89",0.9549899830589,0.626086656637921,0.674362832729155,0.927641845208808,0.453904799479891,0.632342396260797,0.448917091630415,0.411091049748458
"90",0.325866019847031,0.0938241755917304,0.164697873803495,0.0759657996569286,0.1930202285074,0.198416910921476,0.206501543850579,0.219207470610196
"91",0.213200530745442,0.157312273670773,0.255681060357462,0.115866295445481,0.337509072267349,0.309284594565162,0.315953315680877,0.209270575438278
"92",0.490040751903704,0.345834128650597,0.421000217796336,0.597223444549499,0.347097472701776,0.42762974438616,0.311967867252587,0.26238521116443
"93",0.218438223065388,0.222600151466366,0.288134401966977,0.540618384443937,0.289600230227277,0.279172321916892,0.259786199609065,0.168015705645482
"94",0.0141397499838867,0.0669678325164653,0.086407216816107,0.0348224952819655,0.156688488589291,0.153472818082658,0.178385147372855,0.0889681820250807
"95",0.0539200336304895,0.0779919944344816,0.184348772678919,0.0584105873605332,0.156688488589291,0.153674890175701,0.237273929622265,0.137224478070479
"96",0.596433454011922,0.303693389685589,0.281322934597987,0.621902010615872,0.364609135968595,0.35743649317072,0.299698755585846,0.567937628633858
"97",0.353175029592762,0.130702654480962,0.600336775671113,0.401479849662944,0.289511883294319,0.396751369547611,0.518230045728359,0.450281946710359
"98",0.568896402012076,0.643654408997697,0.744578985870233,0.887346674953132,0.595706593774891,0.713240870863094,0.641887109122826,0.756519003608413
"99",0.0249783561847237,0.0755533510985079,0.0535123808849692,0.0648865949538577,0.156688488589291,0.163427920120554,0.178385147372855,0.11350299284234
"100",0.105575864251583,0.275330929351519,0.23322370438419,0.0835288800437474,0.30990769448749,0.27301177498628,0.20086628046249,0.195196352742619
"101",0.00520424694074776,0.0330328537800687,0.0452594901750494,0.0837277615669926,0.144268348553933,0.163427920120554,0.178385147372855,0.0830384034413309
"102",0.0750578191950088,0.205108460821555,0.303522270758004,0.385868666418621,0.31033051606861,0.314121168335414,0.398926135042387,0.497539696896748
"103",0.684570679122023,0.605497659806861,0.494541301675099,0.241288131797203,0.420306087357917,0.339177452408139,0.490590316174249,0.58854410518716
"104",0.114220267483544,0.0761145029224435,0.111842807280751,0.0551591887838934,0.156688488589291,0.153472818082658,0.178385147372855,0.112320964663065
"105",0.698400978896868,0.483236077889441,0.457784204620135,0.500546215664997,0.39927645218552,0.396751369547611,0.448917091630415,0.33463526832342
"106",0.0883114915749044,0.230476718151845,0.116379544707988,0.192735378838464,0.193506572811852,0.198169781971571,0.195908037581,0.137874897763598
"107",2.22044604925031e-16,0.407975678464029,0.68803561512478,0.507441840810654,0.347097472701776,0.438117696593062,0.518230045728359,0.550766735866066
"108",0.280279203723659,0.45267548815543,0.46263471391609,0.43920829726698,0.489742353159634,0.318237579602515,0.435021897885029,0.534145758333568
"109",0.299062558391521,0.370775425267666,0.314549460234163,0.107536938065786,0.347097472701776,0.280742534557868,0.373664002967993,0.430470570877393
"110",0.000174089767261699,0.0364381198268065,0.0698485029130042,0.0193187035687385,0.144268348553933,0.153674890175701,0.178385147372855,0.0598143865217021
"111",0.00538701502411061,0.0625255512414224,0.0544566653003147,0.0301061702813118,0.156688488589291,0.153472818082658,0.178385147372855,0.0830384034413309
"112",0.103710645186567,0.154761805512466,0.0468430663337299,0.0301222413307827,0.189880956257283,0.153472818082658,0.178385147372855,0.154365349788626
"113",2.22044604925031e-16,0.260366754151774,0.16255623772199,0.162797486540698,0.30990769448749,0.27301177498628,0.20086628046249,0.15767344747263
"114",0.414986551644797,0.188723192541876,0.410127842526157,0.21764065240376,0.289511883294319,0.339177452408139,0.439136597591725,0.371929953456211
"115",0.174047966696373,0.675959530372132,0.572602665443806,0.593646676354166,0.609558762831229,0.423669955338056,0.485092222940524,0.712219731664386
"116",0.568881063215752,0.391681070731187,0.466197785110083,0.279013095485242,0.38271785655274,0.502409641567077,0.419982923586353,0.391200968510852
"117",0.924074035925569,0.421119933893524,0.813598045669066,0.769138640856407,0.359574947940906,0.435261238734521,0.528712439834594,0.613682570593058
"118",0.0162985873392588,0.0765519918584956,0.0600844946342429,0.0624095543562074,0.178786719207677,0.198169781971571,0.178385147372855,0.0946853821634541
"119",0.247728696969273,0.684579291389985,0.637858121957227,0.830312875300987,0.596231796524398,0.713240870863094,0.528922669076323,0.55500903562016
"120",0.549812860457218,0.612549368933683,0.728799417744933,0.674845433310429,0.45444551069436,0.367586410873302,0.535950781851434,0.570669412382181
"121",0.0138218405667659,0.0625255512414224,0.120958024590008,0.0648865949538577,0.156688488589291,0.163427920120554,0.195908037581,0.11350299284234
"122",0.0301052508482969,0.029210032228246,0.0444671857076493,0.0230405359535474,0.144268348553933,0.153472818082658,0.178385147372855,0.160536177511394
"123",0.146898673180121,0.180019013710918,0.206135209957269,0.163495685560033,0.221098816477004,0.261160823506636,0.201696879796166,0.249628317126519
"124",0.00661888737420492,0.0260199574000375,0.0452594901750494,0.0230405359535474,0.144268348553933,0.153472818082658,0.178385147372855,0.0830384034413309
"125",0.399915516734843,0.571574198795995,0.79005951509547,0.715799788570777,0.441641028089786,0.59250012979131,0.562443803825306,0.449291471710422
"126",0.0930167745316124,0.0698577319464379,0.184348772678919,0.0584408572546875,0.156688488589291,0.153674890175701,0.237273929622265,0.137224478070479
"127",0.133767354131416,0.368003869261693,0.398612186069206,0.565834193729429,0.310659108563461,0.516424491217311,0.376331091901576,0.234440427841514
"128",0.0355068623514227,0.0559065679982373,0.0789779431882899,0.0450104486904504,0.156688488589291,0.153674890175701,0.178385147372855,0.11350299284234
"129",0.0428268147969764,0.0806137457457174,0.0514332469766147,0.0959649486105375,0.156688488589291,0.163427920120554,0.178385147372855,0.0889681820250807
"130",2.22044604925031e-16,0.361909344306544,0.138313946657494,0.0551878724761116,0.263789868952086,0.153472818082658,0.18825295771749,0.225358341508623
"131",0.0353034760273156,0.173664310358273,0.13896467964418,0.0837277615669926,0.188507809684145,0.163427920120554,0.195908037581,0.11350299284234
"132",0.68813464528635,0.464663969509194,0.461036208704087,0.564164298339126,0.404972713155286,0.513830224318235,0.403313173630092,0.483829636414882
"133",0.0150431986468003,0.116943699406394,0.113834707876851,0.0925620084878833,0.289511883294319,0.301096896268934,0.286047744681321,0.209270575438278
"134",0.0357157778826238,0.0669678325164653,0.0927877707640494,0.0301222413307827,0.156688488589291,0.153472818082658,0.178385147372855,0.0830384034413309
"135",0.771188198106162,0.375166455328962,0.770241991613881,0.931031711539422,0.398967138464386,0.457025954077519,0.461764616578073,0.576972189300638
"136",0.0105072094602228,0.0391901045052624,0.0658895820366651,0.0375945160856242,0.144268348553933,0.163427920120554,0.195908037581,0.0715505748654962
"137",0.238624466985823,0.328010875028075,0.159386883197484,0.108310240051541,0.359574947940906,0.309284594565162,0.315953315680877,0.209270575438278
"138",0.648067480206839,0.416563854143119,0.75174615869636,0.453591878565966,0.38271785655274,0.499998567522867,0.539805077461379,0.449291471710422
"139",0.107418044892549,0.0852844879345771,0.120981057565071,0.156194663536477,0.221594939036511,0.198169781971571,0.195908037581,0.372831590174834
"140",0.437833721321388,0.418264766494047,0.542121891437776,0.769156639430269,0.359574947940906,0.502542786566901,0.405056475266152,0.318047872314902
"141",0.191304598422007,0.235140803244963,0.193982739527881,0.155730304811452,0.222751355707711,0.186806403824405,0.24731115052348,0.188541100565244
"142",0.0947661621031677,0.169740946155173,0.102522680712127,0.140138123795089,0.188507809684145,0.198169781971571,0.195908037581,0.11350299284234
"143",0.114405185919031,0.157865046444145,0.0866696011600546,0.0837277615669926,0.188507809684145,0.163427920120554,0.195908037581,0.11350299284234
"144",0.00694589269988738,0.110951879233305,0.181912981599441,0.0519365963241965,0.180295303465095,0.153674890175701,0.237273929622265,0.195170141376731
"145",0.0178487396068318,0.119892160944766,0.0535123808849692,0.0301061702813118,0.188507809684145,0.153472818082658,0.178385147372855,0.11350299284234
"146",0.352338748750173,0.403040371196277,0.368849553972306,0.362847652473948,0.359574947940906,0.33806833387309,0.315953315680877,0.209270575438278
"147",0.14337438046026,0.168278420784609,0.0816457621296867,0.0837277615669926,0.188507809684145,0.163427920120554,0.178385147372855,0.11350299284234
"148",0.00396757766251154,0.039280317702338,0.0525456589443201,0.0367681830679204,0.144268348553933,0.163427920120554,0.195908037581,0.0626038508735414
"149",0.0696126877501231,0.169496158064914,0.0674347047929472,0.0348040065061449,0.215682471487067,0.153472818082658,0.178385147372855,0.12132041902521
"150",0.528885137127618,0.28421054942401,0.43584326424957,0.546326616596963,0.331508649463823,0.465723570707187,0.399890421548119,0.402886469433236
"151",0.880970029529615,0.592251811076334,0.560546059523897,0.456585879362625,0.627933490707032,0.368848596383334,0.330371098997319,0.345621177407594
"152",0.598797247883686,0.579384868470207,0.876078702850474,0.581772946312263,0.481895386708079,0.471563179096255,0.654353378106106,0.737324871210388
"153",0.591654793841511,0.816296226965426,0.769866062204978,0.897483161710891,0.61640989921772,0.708314849395024,0.622215522917174,0.620854437611658
"154",0.184087175683293,0.149499921114091,0.224493677294823,0.101939393570993,0.221098816477004,0.328675475564642,0.201696879796166,0.249628317126519
"155",0.704084068654342,0.530621949676398,0.65287106976216,0.794629804248897,0.487165985685841,0.734372538107051,0.544201903608582,0.542626129050431
"156",0.00402827572545237,0.133945396743674,0.0553281793874099,0.0959172227696555,0.188507809684145,0.163427920120554,0.195908037581,0.12132041902521
"157",0.203726904238969,0.475203210392195,0.508309988945585,0.298214488017854,0.491979464710058,0.324483670449306,0.419963332624337,0.559053833915308
"158",0.225370409913139,0.314924827108264,0.174223245552429,0.141226907879172,0.369247727650809,0.280742534557868,0.212083877741141,0.256103855367457
"159",0.106752154360986,0.537181109469278,0.405967933476164,0.141996902712071,0.47468918458218,0.240248636078965,0.297833799365151,0.45760035438514
"160",0.0266444417129403,0.0767213422700293,0.117710544477769,0.0637740012169959,0.178786719207677,0.198169781971571,0.195908037581,0.124477155690679
"161",0.0113997506723266,0.205619399827368,0.0734762268428039,0.0672190092722482,0.215682471487067,0.153674890175701,0.178385147372855,0.12132041902521
"162",0.00536881599366342,0.26993650335872,0.247710523528224,0.110644454927735,0.30990769448749,0.312704595664964,0.293971438698974,0.15767344747263
"163",0.0679728992754334,0.120739616227419,0.0515470557666983,0.0348224952819655,0.188507809684145,0.153472818082658,0.178385147372855,0.12132041902521
"164",0.666152540655525,0.351159710406894,0.323738255960598,0.383192392223637,0.547789106862864,0.349967780202798,0.396328712955323,0.385244955849838
"165",0.0316687299555418,0.186901086767153,0.0814843419085803,0.0348040065061449,0.215682471487067,0.153472818082658,0.178385147372855,0.12132041902521
"166",0.312878646473627,0.350404702005989,0.143593909038608,0.112760897477175,0.359574947940906,0.301096896268934,0.286047744681321,0.209270575438278
"167",0.850573278290986,0.745822062787505,0.736023514416946,0.776352972906347,0.51261928783786,0.471690750637741,0.631941866285087,0.543898291952902
"168",0.197266295387915,0.262670877921092,0.274264989847489,0.482437302124998,0.243696490126194,0.278859602603295,0.269384779604281,0.208177619384684
"169",0.216089858758967,0.452184756650561,0.209496225500846,0.090417449456467,0.359574947940906,0.242892413750206,0.28486491873188,0.288662141450751
"170",0.227397395915659,0.317306874128303,0.197655351011836,0.194857707495972,0.364235541548218,0.280742534557868,0.300235165850866,0.209270575438278
"171",0.0577834196599216,0.135375637522642,0.118148113929128,0.0348040065061449,0.180295303465095,0.153472818082658,0.178385147372855,0.161777065332798
"172",0.514543965937196,0.457589188915509,0.196342989108216,0.216144904625065,0.359574947940906,0.339177452408139,0.306941883582724,0.317322958901344
"173",0.0105302553525643,0.184462300364053,0.17986896821726,0.188742228792592,0.31033051606861,0.313850535369156,0.315953315680877,0.228444953499572
"174",0.080191850483263,0.154469697859996,0.209672045269127,0.229861932484577,0.193506572811852,0.186806403824405,0.24731115052348,0.156796532054461
"175",0.247914486828408,0.125282973479993,0.179873653458816,0.0866408783812612,0.286213011806483,0.198416910921476,0.206501543850579,0.297728453860153
"176",0.808875134083635,0.705421515560971,0.848713408706909,0.733982241170319,0.486601452588401,0.589685995179314,0.654732350239292,0.746341655567791
"177",0.355710857000861,0.437536323511,0.239122666135559,0.23002150783584,0.359574947940906,0.285061010040909,0.297961786917889,0.288592944246949
"178",0.235688065591512,0.491261494603959,0.448107677255758,0.126334795541499,0.39682260253123,0.309284594565162,0.393683183750102,0.470023425541404
"179",0.0273196737470067,0.0559065679982373,0.0704585621107873,0.0301222413307827,0.156688488589291,0.153472818082658,0.178385147372855,0.0830384034413309
"180",0.08584166671442,0.124066290977652,0.143303663603326,0.156248653161946,0.185032634523437,0.261160823506636,0.201696879796166,0.211716134757476
"181",0.0201397487367212,0.107899281915352,0.0608379027207541,0.0348040065061449,0.188507809684145,0.153472818082658,0.178385147372855,0.12132041902521
"182",0.127517057791803,0.450488358693182,0.480277223306997,0.602071662894966,0.347097472701776,0.332002562571533,0.206763959138118,0.414556578435541
"183",0.299570225901293,0.15932515843558,0.0799831439438703,0.0979377186394736,0.188507809684145,0.163427920120554,0.195908037581,0.185048486526676
"184",0.0219218012776732,0.311971152492944,0.306483221557928,0.271701313267333,0.314822198182635,0.329482125444967,0.286047744681321,0.209270575438278
"185",0.555416360051482,0.682383876073959,0.575215977313652,0.553713056113765,0.483561923162929,0.526172997551059,0.53550852766583,0.468026073379692
"186",0.123511934398502,0.133945396743674,0.0704585621107873,0.0836855582321169,0.188507809684145,0.163427920120554,0.178385147372855,0.11350299284234
"187",0.660550694578199,0.583067973076377,0.848578421853819,0.800604473842496,0.457704452163505,0.721421561733571,0.672444080125986,0.549776284280015
"188",0.025809694179888,0.401381689422141,0.0636605436640775,0.049640124565825,0.359574947940906,0.221162820854165,0.20086628046249,0.158574200965589
"189",0.11763908896326,0.37671288607277,0.113825684635622,0.102719617134562,0.377655374531327,0.245566612912242,0.195908037581,0.205665083134712
"190",0.0732680499462497,0.157166536900215,0.16783275062444,0.174934516137902,0.188507809684145,0.16364056594517,0.195908037581,0.195170141376731
"191",0.273932166042158,0.325802895364767,0.33876293618507,0.137746043479796,0.376205415857014,0.394329369477964,0.439136597591725,0.33463526832342
"192",0.00223224674126676,0.0451005643774636,0.0427236241945132,0.0281995468068116,0.144268348553933,0.163427920120554,0.178385147372855,0.0430600510615823
"193",0.197385457738265,0.286873821928476,0.293495732330671,0.284459819924536,0.30990769448749,0.313850535369156,0.300235165850866,0.268648471827091
"194",0.0694073649870257,0.130672541120118,0.176279862351952,0.113973302835896,0.193506572811852,0.18657036998621,0.24731115052348,0.147075787973829
"195",0.996188219045159,0.772925093172357,0.905412948944612,0.821519807444838,0.618240043814325,0.708314849395024,0.730642793175131,0.843034223809296
"196",0.0328548844364923,0.15932515843558,0.0564340315032165,0.0301061702813118,0.188507809684145,0.153472818082658,0.178385147372855,0.11350299284234
"197",0.898672192313555,0.790206435464554,0.886395412052033,0.872449196904162,0.614733166461829,0.693564179613332,0.730642793175131,0.752818334830574
"198",0.103998335154782,0.255856272213434,0.552506258612393,0.205655375092471,0.30990769448749,0.394329369477964,0.448107289100982,0.33463526832342
"199",0.224563048560994,0.293496463599477,0.384303444659066,0.728919824766628,0.378520096994095,0.367586410873302,0.414834038000484,0.480980709417069
"200",0.299454087595918,0.147938655310423,0.233123502835416,0.1388069707992,0.180295303465095,0.16364056594517,0.258759673237462,0.195170141376731
"201",0.194940774334156,0.371130624354777,0.181618840593993,0.650697059056351,0.230756794635469,0.279172321916892,0.195908037581,0.315891122233135
"202",0.201826239836332,0.173664310358273,0.120958024590008,0.085472753534339,0.188507809684145,0.163427920120554,0.195908037581,0.132305936961581
"203",0.127879930570511,0.241401194450309,0.0727754976328663,0.0953565668127032,0.388988121107592,0.280742534557868,0.212083877741141,0.192556109005215
"204",0.135917585008396,0.144384599957309,0.272272944880562,0.175013947834407,0.188507809684145,0.16364056594517,0.237273929622265,0.195170141376731
"205",0.203284629565292,0.454784800210098,0.201695580844981,0.422413073246733,0.359574947940906,0.309284594565162,0.291481009532067,0.333040185252355
"206",0.00387673931601517,0.0625255512414224,0.0442225831346912,0.0348040065061449,0.156688488589291,0.153472818082658,0.178385147372855,0.0889681820250807
"207",0.786011456861059,0.706523385894487,0.528442515456566,0.922979222095163,0.579640500485441,0.698633323107817,0.521147515713061,0.710631162993944
"208",0.245729672893868,0.448209740338926,0.406954111567393,0.454752995300036,0.359574947940906,0.314121168335414,0.416734056508525,0.268648471827091
"209",0.401826640965906,0.396183287287141,0.745363866158334,0.864694883965227,0.516395450924633,0.666376099963514,0.535673330178275,0.445802214241734
"210",0.628575937792002,0.284423014524904,0.321684178539077,0.552510446521884,0.337509072267349,0.342848284368863,0.300235165850866,0.268648471827091
"211",0.0221404284103612,0.0313645213999417,0.0776484891771606,0.0301222413307827,0.144268348553933,0.153472818082658,0.178385147372855,0.0830384034413309
"212",0.0657510298945206,0.11826122236158,0.063276085678473,0.0307875659028473,0.188507809684145,0.153472818082658,0.178385147372855,0.127510603159607
"213",0.182472076543954,0.318792324639537,0.385438318063096,0.540618384443937,0.230756794635469,0.279172321916892,0.282555298159024,0.250905313129596
"214",0.00244314910630378,0.0349493286868124,0.0618151603111794,0.00976625556037478,0.144268348553933,0.153472818082658,0.178385147372855,0.0430600510615823
"215",0.00689506485256547,0.0762839072505788,0.0887513517938898,0.156122156770609,0.156688488589291,0.198169781971571,0.195908037581,0.110647584242128
"216",0.068867627312463,0.161982207628844,0.045010734636266,0.0551591887838934,0.225105037464924,0.153472818082658,0.178385147372855,0.279506109337695
"217",0.0633556151305717,0.124126848404239,0.214736181042821,0.0554943463009509,0.180104770536253,0.188850423219471,0.237273929622265,0.179101191733607
"218",0.618671613048747,0.341420947288255,0.409646512890403,0.417618360020309,0.376205415857014,0.394329369477964,0.439136597591725,0.33463526832342
"219",0.656506229950509,0.519678196299742,0.614128159863783,0.846242604528523,0.422119091533659,0.399852176775645,0.41721692597971,0.475419466185035
"220",0.0750499509425693,0.0934997282859691,0.114708690895955,0.18546566865613,0.191614538921888,0.198169781971571,0.195908037581,0.12132041902521
"221",0.0179389984724835,0.0755533510985079,0.094543391071194,0.0746322350899041,0.156688488589291,0.163427920120554,0.195908037581,0.12132041902521
"222",0.033256357729833,0.181934109195695,0.342382446002844,0.158033430580042,0.3254082348109,0.309284594565162,0.407672468675899,0.18814021896686
"223",0.172413988853418,0.228340464981978,0.170342710320774,0.186397145995986,0.30990769448749,0.390596752039755,0.212083877741141,0.15767344747263
"224",0.0498484964859959,0.0997519408800768,0.0966623229027738,0.0266804325912372,0.180295303465095,0.153472818082658,0.178385147372855,0.12132041902521
"225",0.0321083583195978,0.112898491077462,0.0927877707640494,0.0837277615669926,0.156688488589291,0.163427920120554,0.178385147372855,0.0830384034413309
"226",0.385359496896409,0.311709831661781,0.233887894618801,0.523563250073394,0.30990769448749,0.308322557493753,0.212631480819622,0.206229564405439
"227",0.145509397616722,0.299682067103584,0.220859282019289,0.278812313758599,0.30990769448749,0.353182526559211,0.222178687114899,0.330534028880452
"228",0.0578141809516716,0.156194296290777,0.120848998369274,0.0954403442903494,0.337509072267349,0.280742534557868,0.297961786917889,0.197056923487555
"229",0.0392959488580579,0.0849107993238411,0.0670368064324468,0.115437552249453,0.156688488589291,0.163427920120554,0.195908037581,0.12132041902521
"230",0.0619959433391771,0.0753486144102314,0.0936124995032731,0.0348224952819655,0.156688488589291,0.153472818082658,0.178385147372855,0.0889681820250807
"231",0.419941507021164,0.352866014002625,0.383389496375167,0.22212089369856,0.359574947940906,0.309284594565162,0.315953315680877,0.317322958901344
"232",0.364154623344928,0.244664790373966,0.130161982971959,0.156122156770609,0.280491809345707,0.198169781971571,0.195908037581,0.324424258011342
"233",0.340232537798051,0.548532906014213,0.776976480091664,0.857601871380756,0.562421689663956,0.703114139826138,0.518680021213258,0.544364374342586
"234",0.238338503171258,0.134418864130035,0.145804524330048,0.0672535178810351,0.180295303465095,0.153674890175701,0.178385147372855,0.161777065332798
"235",0.0801753263685981,0.347401878754358,0.120809828460798,0.0799860186389667,0.359574947940906,0.221162820854165,0.202612647509286,0.168904418024556
"236",0.113164114791978,0.396565827891892,0.260661081394526,0.297427145609494,0.436350090009198,0.309111310353392,0.388893602831147,0.252151159366245
"237",0.0131967897345665,0.0938241755917304,0.137096114583197,0.0759657996569286,0.180104770536253,0.198416910921476,0.18825295771749,0.067247300068709
"238",0.0098357041403839,0.0349493286868124,0.0607514769594071,0.0128145800901735,0.144268348553933,0.153472818082658,0.178385147372855,0.0598143865217021
"239",0.578761417080037,0.476134714573365,0.733600727941833,0.60467945603796,0.39038906619585,0.499998567522867,0.509198868375768,0.485017829510865
"240",0.0333371899321731,0.0391901045052624,0.0698888195919731,0.0375945160856242,0.144268348553933,0.163427920120554,0.178385147372855,0.0867779405292333
"241",0.582851749712053,0.358772550462393,0.307718732424163,0.136329726007387,0.367058118399956,0.27301177498628,0.27556534715043,0.330978089096087
"242",0.190119820322125,0.323754311647696,0.324806400452046,0.699292534934578,0.402966869779552,0.568324169779409,0.378879711177499,0.356731172996138
"243",0.56120735254578,0.387736488229922,0.231486118853252,0.182036979149796,0.359574947940906,0.309284594565162,0.315953315680877,0.209270575438278
"244",0.486741804435209,0.33878137084971,0.317239310710563,0.215808846998613,0.246495013436118,0.198416910921476,0.282555298159024,0.405819722879289
"245",0.29548567496342,0.48476378255434,0.430637408359732,0.276814219061357,0.38271785655274,0.455127766128242,0.504571393142281,0.434854431016269
"246",2.22044604925031e-16,0.13299717677696,0.0729721285105921,0.0672190092722482,0.188507809684145,0.153674890175701,0.178385147372855,0.12132041902521
"247",0.75700491479305,0.508300751838279,0.457381940344877,0.521618665302066,0.359574947940906,0.343964935859237,0.315953315680877,0.46723684517483
"248",0.149402640396263,0.289580523964017,0.332870820652546,0.175196960925599,0.30990769448749,0.423727733612226,0.398926135042387,0.212852182523316
"249",0.0577215384570901,0.0875551680422312,0.0714211095043856,0.0673409515523747,0.289511883294319,0.280742534557868,0.212083877741141,0.147907874515413
"250",0.779589676609711,0.626718788489306,0.77283745259723,0.695020650441031,0.471287940259599,0.650186669062543,0.643683132001725,0.549776284280015
"251",0.38661605508152,0.403040371196277,0.107050412649443,0.18253698458594,0.359574947940906,0.363980173127441,0.277543188362232,0.33463526832342
"252",0.013175573551374,0.107899281915352,0.0444671857076493,0.0301061702813118,0.188507809684145,0.153472818082658,0.178385147372855,0.11350299284234
"253",0.269557869606856,0.168278420784609,0.103968981085601,0.0348224952819655,0.188507809684145,0.153472818082658,0.178385147372855,0.12132041902521
"254",0.0193884227661275,0.146479773050624,0.045010734636266,0.0348040065061449,0.188507809684145,0.153472818082658,0.178385147372855,0.12132041902521
"255",0.0389123721550612,0.171351012496576,0.217759987088852,0.174934516137902,0.188507809684145,0.16364056594517,0.258759673237462,0.147468290152891
"256",0.0256640884944634,0.0367586146146691,0.156853282492503,0.154418435397744,0.144268348553933,0.16364056594517,0.237273929622265,0.137224478070479
"257",0.048146714041223,0.434030401506441,0.216016525679682,0.489174310596962,0.359574947940906,0.301096896268934,0.283838218311093,0.318047872314902
"258",0.143599629794776,0.344453689175981,0.247507090574205,0.185662384923098,0.38271785655274,0.455127766128242,0.40978186061406,0.316456586160271
"259",0.0412493214432658,0.108027569352526,0.0966623229027738,0.0519365963241965,0.180295303465095,0.153674890175701,0.178385147372855,0.0889681820250807
"260",0.0823325443747023,0.242884272341435,0.247583199328891,0.226976993111846,0.221098816477004,0.226873076736653,0.201696879796166,0.249628317126519
"261",0.453979836723124,0.475203210392195,0.427823213843113,0.46112693105219,0.513171387130117,0.36387963487376,0.421869907114029,0.449759457860225
"262",0.820737337357601,0.652433648655408,0.738987334685125,0.57941844944512,0.422488640964948,0.375548443747637,0.498427889873842,0.655820537527464
"263",0.167637728594116,0.155722542887978,0.233696987165786,0.154418435397744,0.188507809684145,0.16364056594517,0.237273929622265,0.183588364985578
"264",0.484866449589707,0.400842568268907,0.534946794462755,0.60641157714237,0.347097472701776,0.472156473863857,0.448917091630415,0.33463526832342
"265",0.051598250973742,0.290065130372518,0.166636046884739,0.207299612443591,0.30990769448749,0.224851325956451,0.202612647509286,0.332247644749446
"266",0.0599154545405486,0.241021285623731,0.197811291926426,0.405701871263146,0.303162541145243,0.353182526559211,0.21596102871959,0.26238521116443
"267",0.122470696741558,0.189050537721665,0.187374673646113,0.130003812547479,0.193506572811852,0.18657036998621,0.24731115052348,0.156796532054461
"268",0.344814892644049,0.30286067894771,0.210590540438718,0.121492116646908,0.359574947940906,0.309284594565162,0.313614259300001,0.197056923487555
"269",0.938639261764225,0.747469926097967,0.927716376494922,0.902329249526819,0.667724804438217,0.71085364217345,0.744907315480558,0.672636705348659
"270",0.186440951807656,0.452082617886686,0.463746323734155,0.553110959313,0.489742353159634,0.354205339703039,0.419963332624337,0.25963974243345
"271",0.00466147204673158,0.0260199574000375,0.0452594901750494,0.0230405359535474,0.144268348553933,0.153472818082658,0.178385147372855,0.0830384034413309
"272",0.530605021904388,0.418264766494047,0.230603905985565,0.342782758600853,0.359574947940906,0.301096896268934,0.32095583010476,0.232003941246441
"273",0.353697326369465,0.393234368207535,0.527967802315745,0.336632956660791,0.492100736635748,0.352621060969022,0.398926135042387,0.324516926543953
"274",0.0708922365724981,0.0840644532997581,0.249175978013538,0.121842985550154,0.156688488589291,0.16364056594517,0.258759673237462,0.183588364985578
"275",0.0513213637814266,0.141712863061113,0.0866696011600546,0.085472753534339,0.188507809684145,0.163427920120554,0.195908037581,0.11350299284234
"276",0.196517920891082,0.169711886484867,0.344608519380287,0.0993655966685348,0.289511883294319,0.198416910921476,0.20086628046249,0.319531014324087
"277",0.513997356616587,0.403040371196277,0.242293654268899,0.311877675040762,0.359574947940906,0.301096896268934,0.301342997762802,0.33463526832342
"278",0.2728719797735,0.268323848947794,0.219073939996351,0.16029229290932,0.30990769448749,0.280742534557868,0.293971438698974,0.15767344747263
"279",0.0991928222155583,0.320306389619823,0.16192172768901,0.0701879356153828,0.337509072267349,0.221162820854165,0.202612647509286,0.168904418024556
"280",0.0689890231438195,0.171507225718305,0.0855868343543353,0.032779879732557,0.337509072267349,0.221162820854165,0.202612647509286,0.168904418024556
"281",0.901391839510962,0.548673600424422,0.641211464017491,0.925616286457432,0.528497897309875,0.451437282072767,0.462578413301668,0.555933540039125
"282",0.00369351644767286,0.0940278453608559,0.115649050188011,0.020788193754438,0.180104770536253,0.186806403824405,0.18825295771749,0.0172764126369373
"283",0.56349708782954,0.320752647605949,0.147407523587198,0.241533174918775,0.316823026657474,0.198416910921476,0.206501543850579,0.376887895082273
"284",0.138702495471486,0.202584212705704,0.180936329176635,0.214580027208355,0.370919593168081,0.278084639774315,0.206501543850579,0.214117112909113
"285",0.0686899931062615,0.299853126156508,0.111169182899025,0.15708939119543,0.337509072267349,0.309284594565162,0.291481009532067,0.197056923487555
"286",0.764605720346456,0.478042674645344,0.364161812299349,0.273261627269461,0.359574947940906,0.339177452408139,0.398926135042387,0.222977933378875
"287",0.118951382733223,0.279148492479434,0.180995629450176,0.104148892541889,0.30990769448749,0.280742534557868,0.212083877741141,0.15767344747263
"288",0.452079035372682,0.342307729460383,0.448412555010798,0.388625135152688,0.333563899531777,0.369850888735927,0.321253250493289,0.684363395857376
"289",0.714004700922142,0.637318148111438,0.57175249889614,0.669961607194251,0.444643925938625,0.531173348703133,0.606496308037776,0.680946498009786
"290",0.454797291608594,0.325442587449022,0.635743929167257,0.578788185054987,0.331508649463823,0.52875167468028,0.604331729906289,0.516745107161288
"291",0.266582731639114,0.260366754151774,0.269825634139783,0.262492606888434,0.30990769448749,0.33806833387309,0.315953315680877,0.209270575438278
"292",0.00262585679553224,0.0669678325164653,0.0673717546577685,0.0301222413307827,0.156688488589291,0.153472818082658,0.178385147372855,0.0830384034413309
"293",0.263151628763615,0.319541291795443,0.388028657208285,0.447894063549369,0.432892723829367,0.321943799513874,0.412204069912161,0.269641320941766
"294",0.75257904961527,0.48476378255434,0.671647050693666,0.441489013010901,0.38271785655274,0.587331751270949,0.556158178175941,0.624053838621643
"295",0.784127316697004,0.467547483217435,0.390364781970745,0.605607572039305,0.39927645218552,0.472156473863857,0.428814255788907,0.469022674490571
"296",0.340360573559751,0.447451832141048,0.318664349299138,0.307182888512992,0.359574947940906,0.333002914324671,0.291284075369841,0.318047872314902
"297",0.0101813021858995,0.0850979778801679,0.100644895875202,0.123299146203796,0.20393886508273,0.198169781971571,0.195908037581,0.110647584242128
"298",0.0653221600659918,0.130753898116335,0.118898228806957,0.0813179006858999,0.289511883294319,0.309284594565162,0.297961786917889,0.197056923487555
"299",0.242588232172131,0.202320799789311,0.15140518693483,0.119111307115935,0.238413927199028,0.296999458922403,0.195908037581,0.23039428518511
"300",0.274174812330543,0.257635102097584,0.0778464503032159,0.0951202240996319,0.382410382175881,0.280742534557868,0.212083877741141,0.192556109005215
"301",0.166200141466879,0.219768607314053,0.104974483319644,0.0959649486105375,0.215682471487067,0.163427920120554,0.195908037581,0.12132041902521
"302",0.107840235446775,0.143048958306764,0.0698888195919731,0.0348224952819655,0.188507809684145,0.153472818082658,0.178385147372855,0.12132041902521
"303",0.748536399033006,0.388775271514068,0.308250940853333,0.357525877636685,0.443189829076247,0.309284594565162,0.306941883582724,0.268648471827091
"304",0.125786451414532,0.144096513624912,0.10720687608326,0.0576833638293611,0.233661445522645,0.229672975208544,0.210728436610971,0.386533708781039
"305",0.819306703311808,0.314438448088619,0.664759487886802,0.473212387994046,0.359574947940906,0.42862388100337,0.426394925581663,0.378282718998322
"306",0.048755202116139,0.220292761946031,0.348485715997332,0.457159231011144,0.30990769448749,0.390596752039755,0.302261203860358,0.248044048295847
"307",0.117127346580795,0.23990126713683,0.0982682093578447,0.156194663536477,0.280491809345707,0.198169781971571,0.195908037581,0.195486353651237
"308",0.750655733403776,0.418357192422414,0.72598636744425,0.585839266999456,0.38271785655274,0.489337172130171,0.59337355441414,0.530202974864411
"309",0.767435417453218,0.448757492110246,0.756901774179091,0.561222214225245,0.369901152637512,0.587331751270949,0.565110766514791,0.549776284280015
"310",0.469098787388983,0.530066683627583,0.365506024573425,0.424353019433635,0.444643925938625,0.531173348703133,0.402131887985604,0.468525575992963
"311",0.639772302173945,0.320312927582921,0.370814444458815,0.701383896184588,0.376205415857014,0.403027103328996,0.286047744681321,0.469022674490571
"312",0.108384210219449,0.237977141588284,0.123552602486366,0.109118528412131,0.258110242147808,0.163427920120554,0.178385147372855,0.209212049878196
"313",0.0423646740909723,0.127302888175203,0.196630584456999,0.240590834170004,0.193506572811852,0.264092774287379,0.24731115052348,0.156796532054461
"314",0.444744048159505,0.581901169989452,0.751085514488118,0.841462276565024,0.571738255373685,0.696441977489925,0.624054910848047,0.739733690559751
"315",0.110695545719575,0.0638012764561885,0.0776484891771606,0.0307875659028473,0.17408612774396,0.153472818082658,0.178385147372855,0.11350299284234
"316",0.0301727079571561,0.0745721081649319,0.0767251123270374,0.0624095543562074,0.199730736275632,0.198169781971571,0.195908037581,0.100688915083075
"317",0.440248843489131,0.512951650904235,0.375172180355542,0.443526673547505,0.417344036083825,0.431465694222726,0.436467477354991,0.318047872314902
"318",0.0347541212181029,0.10301638007747,0.156005839667282,0.157000741778647,0.270956384770712,0.204629953437348,0.206501543850579,0.361809567074425
"319",0.468258275335038,0.215869138159394,0.108702735770041,0.0944423336695683,0.30990769448749,0.27301177498628,0.20086628046249,0.206229564405439
"320",0.682432937475673,0.3586801079041,0.544989464934567,0.404793428891933,0.376205415857014,0.394329369477964,0.437738656702483,0.453948244941584
"321",0.0411041314188269,0.107899281915352,0.0704585621107873,0.0301061702813118,0.188507809684145,0.153472818082658,0.178385147372855,0.11350299284234
"322",0.217127879946076,0.216244822163892,0.358320417082491,0.183699731134824,0.264353436101749,0.223294055805552,0.259786199609065,0.237959829136476
"323",0.0425507161280618,0.14115353109158,0.08085650074256,0.0348040065061449,0.188507809684145,0.153472818082658,0.178385147372855,0.214375297577773
"324",0.264522116375306,0.23204435433583,0.384782996734992,0.151740114799931,0.337509072267349,0.309284594565162,0.484719071717565,0.450281946710359
"325",0.474765278136267,0.477258162288146,0.42681102988987,0.500641474743691,0.38271785655274,0.499998567522867,0.515072885275377,0.345742541872943
"326",0.846517662716864,0.706026917366377,0.902969704915692,0.844585079299296,0.598446252689877,0.698633323107817,0.743922789207586,0.814352968325307
"327",0.270031660832727,0.548169578365973,0.452682809884168,0.598158455319334,0.39927645218552,0.33806833387309,0.407672468675899,0.33463526832342
"328",0.00299513131705861,0.0747926519672124,0.113508940303291,0.0230529249274537,0.156688488589291,0.153472818082658,0.195908037581,0.0606766727081943
"329",0.186711127760001,0.148720348684114,0.527582636989882,0.183600161284402,0.289511883294319,0.362052867419088,0.395320475145173,0.366828835555596
"330",0.315294359913418,0.339317672551904,0.292708316378701,0.540618384443937,0.232349577957016,0.279172321916892,0.259786199609065,0.309626032532757
"331",0.403631110960335,0.449617697800556,0.359203829020479,0.342830041678708,0.39927645218552,0.309284594565162,0.398926135042387,0.33463526832342
"332",0.796883182832242,0.764520623440336,0.721388122377265,0.902794376740231,0.581384574978479,0.690709042441681,0.622215522917174,0.541240879460892
"333",0.62370402761598,0.507670795536159,0.477281740709263,0.326549988155081,0.510876466242191,0.381620251018744,0.393683183750102,0.468525575992963
"334",0.227987799103855,0.253180560453952,0.260154848278598,0.132389208033652,0.344780250804036,0.280742534557868,0.289443637076419,0.347420421585827
"335",0.222304214912693,0.363398491480148,0.125718254533669,0.258673019232389,0.359574947940906,0.201824368111465,0.21596102871959,0.20733942836354
"336",0.139462927316285,0.184549742723488,0.08889726232293,0.0348224952819655,0.215682471487067,0.153472818082658,0.178385147372855,0.12132041902521
"337",0.239961980208805,0.335691620265939,0.140684260439341,0.355926814768942,0.355095166130123,0.363980173127441,0.277543188362232,0.529487610804269
"338",0.215095880549352,0.217039152426222,0.243844219444871,0.0456732862880152,0.30990769448749,0.198416910921476,0.20086628046249,0.221233679815595
"339",0.269518029591791,0.7536420206844,0.730442754599464,0.972542009197586,0.556598068722086,0.678027323531327,0.641887109122826,0.702527256138213
"340",0.0929151045150896,0.240670968697686,0.116761313505488,0.170485383751822,0.193506572811852,0.198169781971571,0.195908037581,0.0949335764329994
"341",0.0906844586331391,0.141111313270959,0.240370457861445,0.130003812547479,0.193506572811852,0.18657036998621,0.24731115052348,0.156796532054461
"342",0.847206076717626,0.48796307105191,0.771106075983288,0.517056777316171,0.46778347629938,0.505320215980097,0.539805077461379,0.66586487254717
"343",0.099836995840383,0.0638012764561885,0.074141222630581,0.085472753534339,0.17408612774396,0.163427920120554,0.195908037581,0.11350299284234
"344",0.105563934213498,0.143048958306764,0.0876433264343659,0.0355878272850373,0.188507809684145,0.153472818082658,0.178385147372855,0.289554951256918
"345",0.208507277212354,0.159647758387651,0.0918530169824725,0.137379605885468,0.242593239461803,0.198169781971571,0.195908037581,0.140240624201317
"346",0.133088230605202,0.167586122644891,0.176279862351952,0.218100970403387,0.193506572811852,0.264092774287379,0.24731115052348,0.170371540379512
"347",0.394230932196514,0.662688997037043,0.565489140757651,0.922979222095163,0.579640500485441,0.698633323107817,0.521147515713061,0.557607276099099
"348",0.0172473432235755,0.28391292933194,0.284287151626509,0.116673071425739,0.30990769448749,0.264657079968867,0.282982002765735,0.307905528339206
"349",0.0201351842868815,0.0747926519672124,0.091242959702387,0.0649199894950835,0.156688488589291,0.163427920120554,0.178385147372855,0.11350299284234
"350",0.00592634690411094,0.0734799768341321,0.234131498882293,0.171341541801314,0.156688488589291,0.328675475564642,0.201696879796166,0.249628317126519
"351",0.106696527138845,0.0698577319464379,0.100659808682697,0.0672535178810351,0.156688488589291,0.153674890175701,0.178385147372855,0.0889681820250807
"352",0.0359075794755359,0.068866468590293,0.113508940303291,0.0837277615669926,0.156688488589291,0.163427920120554,0.195908037581,0.0830384034413309
"353",0.367392557309249,0.436942807409275,0.47613749980185,0.235729357690334,0.359574947940906,0.29665050308153,0.224058395945501,0.409872721117696
"354",0.310290479960997,0.24230580362774,0.0753035135133066,0.146655183166889,0.215682471487067,0.163427920120554,0.178385147372855,0.12132041902521
"355",0.2194714222065,0.502739908454376,0.508618466230561,0.485087118395656,0.359574947940906,0.352407149234751,0.303925581497256,0.465111646824116
"356",0.48129081497823,0.770757544387039,0.626495446603457,0.813639715615385,0.573776822932857,0.680563783012541,0.616712089451539,0.668372371624408
"357",0.467612490441652,0.405014503835382,0.24488715957142,0.194622422793637,0.359574947940906,0.333002914324671,0.291284075369841,0.318047872314902
"358",0.161904172062473,0.302351646640601,0.23054393032584,0.107878858897752,0.359574947940906,0.301096896268934,0.283838218311093,0.197056923487555
"359",0.885913201583944,0.766443040886973,0.637785289186629,0.957901469153202,0.464102647231278,0.483819103833359,0.343640593821471,0.678400351476527
"360",0.291012678657432,0.185719982849887,0.220859282019289,0.163156462960733,0.30990769448749,0.387547350127953,0.222178687114899,0.248044048295847
"361",0.604177800620422,0.321013072880021,0.222560997761213,0.105103748359998,0.362537883354338,0.309111310353392,0.398926135042387,0.314716077979686
"362",0.736414751584849,0.440108121100369,0.494573668924264,0.445994819623682,0.39927645218552,0.430036005558604,0.448917091630415,0.33463526832342
"363",0.634934960420872,0.29259150100555,0.447329213628319,0.612277221672974,0.359574947940906,0.403027103328996,0.291284075369841,0.318047872314902
"364",0.391157666577729,0.26945116090398,0.129517192219308,0.0959649486105375,0.188507809684145,0.163427920120554,0.195908037581,0.12132041902521
"365",0.0460587055362708,0.0698577319464379,0.083037493777891,0.0584105873605332,0.156688488589291,0.153674890175701,0.178385147372855,0.0830384034413309
"366",0.907660051157035,0.388775271514068,0.609018548995003,0.632010966120506,0.443189829076247,0.399424787135416,0.445426946604682,0.392952037206005
"367",0.0251623772603504,0.226000348966381,0.248282044279374,0.156850716980654,0.30990769448749,0.239705744391992,0.29200155732709,0.200928391317378
"368",0.297499924427666,0.649906606084893,0.490067670602762,0.469305491729859,0.444643925938625,0.534071706117752,0.49392737594934,0.449787885309559
"369",0.991487558627047,0.789508998539623,0.69793063812644,0.874171715652151,0.556598068722086,0.50598899867768,0.631941866285087,0.743154585141813
"370",0.339053127748538,0.209138742005941,0.366547834664249,0.473249124240706,0.402116735534782,0.367586410873302,0.314265212917645,0.618481942472701
"371",0.0378180354361441,0.130672541120118,0.0764819830288483,0.0910014421464961,0.193506572811852,0.186806403824405,0.178385147372855,0.144530111640937
"372",0.914564631934035,0.825361844538365,0.720416925271064,0.861201534504363,0.576750127906856,0.678027323531327,0.626595657236662,0.704668295187227
"373",0.627894599751851,0.560100118139709,0.457168711268397,0.679873771280704,0.528497897309875,0.386902845242433,0.305078197512075,0.555933540039125
"374",0.0666872938105031,0.130304462598363,0.0717311403532052,0.0584408572546875,0.188507809684145,0.153674890175701,0.178385147372855,0.11350299284234
"375",0.770335500935618,0.619846540457286,0.5326197849062,0.78385728665709,0.466130274087617,0.588505223416377,0.562049825756785,0.702527256138213
"376",0.460524590166638,0.412280043103033,0.24495105015037,0.464646495052158,0.359574947940906,0.313850535369156,0.315953315680877,0.268648471827091
"377",0.652682361729188,0.273041922503925,0.3810876638676,0.429676598572146,0.337509072267349,0.33806833387309,0.439136597591725,0.209270575438278
"378",0.0103044128395777,0.0765519918584956,0.0654933891955271,0.0624417591899195,0.178786719207677,0.198169781971571,0.195908037581,0.0946853821634541
"379",0.00143179846230498,0.0354775434507741,0.0505385868072732,0.00976093569187246,0.144268348553933,0.153472818082658,0.178385147372855,0.0598143865217021
"380",0.215413818893783,0.288546989787845,0.315616078969603,0.332869997968808,0.337509072267349,0.301096896268934,0.301342997762802,0.317758943631224
"381",0.597417805812794,0.430151455821281,0.311609012147887,0.305795756063235,0.359574947940906,0.309284594565162,0.316661325200737,0.209270575438278
"382",0.0274857707167419,0.219768607314053,0.0698485029130042,0.0348040065061449,0.255891811023972,0.153472818082658,0.178385147372855,0.12132041902521
"383",0.020080604323414,0.249521879745767,0.208107759306649,0.22401141101894,0.30990769448749,0.220387429667463,0.21596102871959,0.156124427901924
"384",0.0140402129048191,0.141712863061113,0.0833392013019024,0.0348224952819655,0.188507809684145,0.153472818082658,0.195908037581,0.0896575690932312
"385",0.65956472456462,0.315359002993169,0.425978970972249,0.331575827625453,0.347097472701776,0.362052867419088,0.321192038029848,0.330534028880452
"386",0.0728123702005775,0.0747926519672124,0.245408433164777,0.1388069707992,0.156688488589291,0.16364056594517,0.237273929622265,0.146405878836535
"387",0.00910496990167272,0.0355595268521052,0.0537146611877661,0.0131027864798135,0.144268348553933,0.153472818082658,0.178385147372855,0.0795990492255501
"388",0.015917098840152,0.0559065679982373,0.0452594901750494,0.0301061702813118,0.156688488589291,0.153472818082658,0.178385147372855,0.0830384034413309
"389",0.00109759429896876,0.0349493286868124,0.0439096737030088,0.0128145800901735,0.144268348553933,0.153472818082658,0.178385147372855,0.0430600510615823
"390",0.266284105761348,0.290961486156137,0.155707078789263,0.140524548144353,0.407606211670078,0.198616818533838,0.20086628046249,0.202663036938264
"391",0.849751021284215,0.563681929076586,0.644170161720514,0.715809024338225,0.423285735237014,0.594826609113604,0.576286717799584,0.549776284280015
"392",0.200606748298888,0.360463313920668,0.192834083089977,0.171447871467254,0.359574947940906,0.309284594565162,0.300235165850866,0.209270575438278
"393",0.0357673196630863,0.0669678325164653,0.0776484891771606,0.0348224952819655,0.156688488589291,0.153472818082658,0.178385147372855,0.0889681820250807
"394",2.22044604925031e-16,0.328010875028075,0.221923308645612,0.284842870788074,0.359574947940906,0.339177452408139,0.300235165850866,0.209270575438278
"395",0.93611017262015,0.641503405871088,0.581615108168908,0.548144250285779,0.458853927919696,0.380882145305618,0.487428041113662,0.489217588382703
"396",0.0697157230999739,0.11826122236158,0.0621889298422626,0.0478751008732606,0.188507809684145,0.153472818082658,0.178385147372855,0.11350299284234
"397",0.887607016103597,0.85171056081616,0.845853609921418,0.902329249526819,0.605130043305206,0.713240870863094,0.722292653956744,0.848486455439596
"398",0.57716759565889,0.471084945133013,0.321876258833912,0.294880677455442,0.359574947940906,0.373170739127365,0.309905664349971,0.209270575438278
"399",0.00963738329853323,0.0779919944344816,0.099989338640765,0.174934516137902,0.156688488589291,0.16364056594517,0.178385147372855,0.146405878836535
"400",0.274591003543838,0.168278420784609,0.0908109881039016,0.0551878724761116,0.188507809684145,0.153472818082658,0.178385147372855,0.170071672854235
"401",0.204219535535771,0.157166536900215,0.147762458675403,0.17829126045224,0.188507809684145,0.16364056594517,0.195908037581,0.259164969195563
"402",0.397781992199585,0.51657934893941,0.407207962841965,0.329606863030808,0.39927645218552,0.301096896268934,0.29352780726634,0.33463526832342
"403",0.153483704694941,0.143212328210067,0.129526394680041,0.0348224952819655,0.180295303465095,0.153472818082658,0.178385147372855,0.122852751315981
"404",0.530823700847073,0.41371012202441,0.397032803566124,0.160848260711073,0.367058118399956,0.280742534557868,0.289443637076419,0.385000700876507
"405",0.639836162822571,0.612549368933683,0.63518600825446,0.766565120479041,0.422119091533659,0.367586410873302,0.409524459866155,0.411576800135857
"406",0.483621171290991,0.426945192873389,0.4316965138421,0.490449000682461,0.589738658544726,0.352621060969022,0.330371098997319,0.397964420653977
"407",0.11415926121762,0.43160538304614,0.531196308129299,0.530880465808965,0.491979464710058,0.417033531299316,0.435021897885029,0.530604383716659
"408",0.945149047322054,0.737224443650026,0.7787696130544,0.943366132528745,0.634617074612155,0.696176289839892,0.606598900308382,0.750362139683347
"409",0.280605073424317,0.120739616227419,0.0621312482505212,0.0551591887838934,0.188507809684145,0.153472818082658,0.178385147372855,0.143129791921969
"410",0.945365283326742,0.780834115659988,0.906285337684967,0.865461183991512,0.664504147306957,0.690709042441681,0.649019699648932,0.628138511506994
"411",0.524858738688539,0.33302674925518,0.183541189963327,0.291367492154156,0.347097472701776,0.461111933158739,0.206763959138118,0.26238521116443
"412",0.434952039390765,0.279148492479434,0.451657009275862,0.239654736698198,0.30990769448749,0.398147700412354,0.321192038029848,0.26238521116443
"413",0.118294545043478,0.275440654057145,0.254199502040842,0.354458395430331,0.276774216981764,0.278859602603295,0.269384779604281,0.250905313129596
"414",0.297058511885674,0.389750250800589,0.451019030038648,0.560896056605205,0.457384338116543,0.314426980966249,0.43284071416746,0.378184101607539
"415",0.598695133614151,0.667558882708424,0.645903716267938,0.789642722077375,0.51261928783786,0.468790313727796,0.622114466168823,0.744760415817153
"416",0.102763634385268,0.127854335996034,0.108886156709462,0.0551878724761116,0.188507809684145,0.153472818082658,0.178385147372855,0.12132041902521
"417",0.833942208311117,0.480516038215669,0.650582936555118,0.729393547619608,0.359574947940906,0.435261238734521,0.448917091630415,0.453948244941584
"418",0.937956639068516,0.801952840864148,0.871590026670194,0.857507547826844,0.597954780017297,0.665985551151237,0.649019699648932,0.673585437947624
"419",0.385904549056365,0.622388746100998,0.436327669851089,0.408736802175826,0.444643925938625,0.499998567522867,0.501721924430825,0.449787885309559
"420",0.141767427172443,0.364055342212325,0.0636605436640775,0.0695022310808901,0.359574947940906,0.221162820854165,0.20086628046249,0.158574200965589
"421",0.0636750077864881,0.15932515843558,0.0675028886043913,0.0979377186394736,0.225105037464924,0.163427920120554,0.195908037581,0.141212111162415
"422",0.0434141825828011,0.0669678325164653,0.0816457621296867,0.0301222413307827,0.156688488589291,0.153472818082658,0.178385147372855,0.0830384034413309
"423",0.00884627490437317,0.0511263567540121,0.0768394051047964,0.0624417591899195,0.188611026977959,0.198169781971571,0.195908037581,0.0749743489947387
"424",0.241236003037223,0.20312240116469,0.120929051924385,0.0979377186394736,0.215682471487067,0.163427920120554,0.195908037581,0.136144627729348
"425",0.481179397902992,0.172834692852547,0.13207699770213,0.270037084738248,0.188507809684145,0.198416910921476,0.195908037581,0.195486353651237
"426",0.0415435839253988,0.400191830810758,0.15569082711877,0.12606410646428,0.367058118399956,0.342946754147565,0.300235165850866,0.234621609741646
"427",0.303015452142522,0.240302602434657,0.111488092373863,0.0979377186394736,0.215682471487067,0.163427920120554,0.178385147372855,0.12132041902521
"428",0.137863449290735,0.228340464981978,0.232514529168889,0.233912772642404,0.30990769448749,0.329482125444967,0.299064815400639,0.197056923487555
"429",0.156283025133164,0.169514054300798,0.523691552544889,0.346756294928461,0.232700131271293,0.204629953437348,0.276698625377383,0.440723298788304
"430",0.0205605912242908,0.0755533510985079,0.0618151603111794,0.0301061702813118,0.156688488589291,0.153472818082658,0.178385147372855,0.0830384034413309
"431",0.771229881361999,0.640504125868098,0.830579921436123,0.90558290280988,0.464160736657556,0.457025954077519,0.464460933614588,0.735756097575555
"432",0.810406773988688,0.539882203546432,0.858611144174845,0.443868384776693,0.420306087357917,0.309284594565162,0.629319451174948,0.469522301969348
"433",0.00302615365071664,0.156195428770515,0.0621694011369977,0.0959172227696555,0.225105037464924,0.163427920120554,0.195908037581,0.0896575690932312
"434",0.013805358344313,0.122715160097043,0.0804512592144981,0.0624417591899195,0.204913885152214,0.198169781971571,0.178385147372855,0.0688790731983345
"435",0.0374402520656246,0.131236390490477,0.107104968068621,0.0959649486105375,0.188507809684145,0.163427920120554,0.178385147372855,0.12132041902521
"436",0.0411841366396097,0.24023388839053,0.151966221519871,0.488065669502598,0.205921592469744,0.278859602603295,0.195908037581,0.191529303133319
"437",0.110874109560896,0.159969091185517,0.0640158238939539,0.156122156770609,0.228603781402125,0.198169781971571,0.195908037581,0.12132041902521
"438",0.143587248043932,0.143048958306764,0.0993167470503255,0.146655183166889,0.188507809684145,0.163427920120554,0.195908037581,0.12132041902521
"439",0.0175883331170494,0.0844618323411523,0.102719389722746,0.269928636754413,0.221594939036511,0.198416910921476,0.195908037581,0.179622742567392
"440",0.342289294122089,0.324942008167001,0.248559088710238,0.229959353449695,0.232349577957016,0.186806403824405,0.24731115052348,0.247274072643488
"441",0.17748566711332,0.216244822163892,0.165827334307323,0.157625342632333,0.265802184022194,0.186806403824405,0.18825295771749,0.282056809516973
"442",0.0996470822783871,0.193483225002575,0.334080378803706,0.213536791347957,0.31033051606861,0.408411276180381,0.331218048542896,0.383579058761577
"443",0.526714089645231,0.105333368403969,0.104587560794351,0.0979377186394736,0.19969340710231,0.163427920120554,0.195908037581,0.143129791921969
"444",0.324617827292505,0.366017664620621,0.263849602555897,0.159166396604382,0.359574947940906,0.309284594565162,0.315953315680877,0.317322958901344
"445",0.725205874594378,0.71100551099845,0.721939960350222,0.891831302394275,0.441551433479477,0.36664487495392,0.452744807313148,0.554162160070022
"446",0.280728322587073,0.466388307937388,0.230603905985565,0.62418688132468,0.359574947940906,0.30586212933291,0.32095583010476,0.304329696770726
"447",0.00995853249280943,0.0685567487851373,0.0933897534542276,0.020788193754438,0.200079598659803,0.186806403824405,0.18825295771749,0.0598143865217021
"448",0.414899369254571,0.477764514976,0.46959855067615,0.693886432435606,0.457704452163505,0.471690750637741,0.419711479970492,0.383579058761577
"449",0.92034224939966,0.582640813175401,0.673573784259045,0.747341002280383,0.39927645218552,0.502542786566901,0.416734056508525,0.531517547942895
"450",0.057644075013489,0.309012144794707,0.372059966852707,0.346206006768762,0.331508649463823,0.465723570707187,0.399890421548119,0.481713199913322
"451",0.267048589096422,0.313364163719021,0.265847740911668,0.347420762715471,0.399967082569238,0.362052867419088,0.313319655316524,0.311856907865005
"452",0.125431601268408,0.354371494951199,0.303986316097108,0.301510304903713,0.457384338116543,0.329758119580609,0.396793570260997,0.294050166451346
"453",0.0422016432625272,0.0857579307480839,0.164202066202097,0.154418435397744,0.156688488589291,0.16364056594517,0.237273929622265,0.137224478070479
"454",0.00750814970158881,0.0938241755917304,0.132146724589784,0.0587897268675068,0.191864509982085,0.198416910921476,0.206501543850579,0.0732095297513339
"455",0.788253684401637,0.508300751838279,0.808447395733504,0.830869502131248,0.359574947940906,0.436694989250356,0.526009485555066,0.607145604330933
"456",0.000607506382692261,0.0641697463840961,0.0843555510229031,0.0519365963241965,0.156688488589291,0.153674890175701,0.178385147372855,0.146405878836535
"457",0.0513812636173446,0.0852844879345771,0.0679782288296138,0.123299146203796,0.156688488589291,0.198169781971571,0.195908037581,0.12132041902521
"458",0.267035275394047,0.482559310346935,0.510225537034846,0.116323254407462,0.420306087357917,0.309284594565162,0.411417257563117,0.335082080597504
"459",0.223442306877458,0.141745096818114,0.190510690702436,0.151444533312201,0.197036808285483,0.204629953437348,0.195908037581,0.293540782317502
"460",0.0662535919211676,0.129079420789341,0.0704585621107873,0.0301061702813118,0.188507809684145,0.153472818082658,0.178385147372855,0.11350299284234
"461",0.326712516772853,0.522291443984663,0.392857472133652,0.473757306005668,0.473518982294122,0.468790313727796,0.402131887985604,0.625809611492986
"462",0.142815374685689,0.317897517320262,0.178110305291596,0.0913898371637729,0.359574947940906,0.301096896268934,0.286047744681321,0.209270575438278
"463",0.554591767309055,0.360424297215326,0.251773125476275,0.261563556799144,0.309999549741823,0.266705100987181,0.24731115052348,0.374575529493477
"464",0.170563190512304,0.500253609375797,0.196359832196039,0.419670868753906,0.471287940259599,0.50598899867768,0.399527467038878,0.300363504761231
"465",0.854227234046514,0.655640672900757,0.800814033050264,0.939732886341438,0.446855440067233,0.627255076311328,0.572365542957841,0.819443391767233
"466",0.449346937403738,0.315218776464146,0.529351338277691,0.484162200857263,0.360030179850949,0.352621060969022,0.315953315680877,0.448464138849183
"467",0.524715885580692,0.299682067103584,0.66362691797128,0.423738031134837,0.30990769448749,0.313850535369156,0.487428041113662,0.392154573288219
"468",0.82070863469399,0.4605251255115,0.322143407352236,0.469908161854971,0.347097472701776,0.396751369547611,0.306650747252587,0.541027325338151
"469",0.444019750469317,0.450033187264159,0.723267921039517,0.413412737769269,0.474425722235858,0.471563179096255,0.569199894621314,0.485824499017494
"470",0.143101651525358,0.276880347236867,0.473455915620602,0.459685927363762,0.352751748790562,0.441957450147617,0.450401413025685,0.607104078745993
"471",0.268310540676642,0.374830196083246,0.253434718698566,0.159479624497511,0.359574947940906,0.301096896268934,0.28488960065562,0.318047872314902
"472",0.0471982163086974,0.0380514833267088,0.0427236241945132,0.0959172227696555,0.144268348553933,0.163427920120554,0.178385147372855,0.0889681820250807
"473",0.0581898961197048,0.0698577319464379,0.0729721285105921,0.0584105873605332,0.156688488589291,0.153674890175701,0.178385147372855,0.0830384034413309
"474",0.596392345241146,0.205181141053707,0.394547041424199,0.243072249926837,0.337509072267349,0.394329369477964,0.445426946604682,0.318047872314902
"475",0.281191941997112,0.466388307937388,0.318664349299138,0.431606155080033,0.359574947940906,0.277257173153508,0.291284075369841,0.435316033159157
"476",0.938260252051271,0.620627186257094,0.695832429701412,0.456585879362625,0.627933490707032,0.368848596383334,0.409524459866155,0.403747382078551
"477",0.0562753320583278,0.119892160944766,0.0689213487572097,0.0348040065061449,0.188507809684145,0.153472818082658,0.178385147372855,0.170968236400869
"478",0.153034686478934,0.102378234691432,0.109836649569113,0.0686809018594247,0.19969340710231,0.153674890175701,0.178385147372855,0.12132041902521
"479",0.0750297215735161,0.141712863061113,0.063276085678473,0.0301222413307827,0.188507809684145,0.153472818082658,0.178385147372855,0.11350299284234
"480",0.142525969604366,0.247149396071175,0.141919110656938,0.0655817535573471,0.30990769448749,0.280742534557868,0.293971438698974,0.15767344747263
"481",0.109970312796919,0.27742347896857,0.184328523354206,0.336632956660791,0.492100736635748,0.352621060969022,0.306941883582724,0.363342607742223
"482",0.485696853114062,0.347385024024472,0.364944474683618,0.282057787972937,0.367517387473418,0.313850535369156,0.398926135042387,0.398197628778228
"483",0.494698205694407,0.16303666314791,0.326941972564388,0.176371053264554,0.221098816477004,0.204629953437348,0.278874215973878,0.386533708781039
"484",0.438913050055278,0.352028792081686,0.457457117680141,0.498603696982385,0.331508649463823,0.535359918069363,0.410886027445072,0.44472425322433
"485",0.125302185803546,0.260366754151774,0.179036720539129,0.13530184476267,0.30990769448749,0.299885401583968,0.20086628046249,0.147907874515413
"486",0.302705082206184,0.653816379283434,0.523004539480842,0.617128756683947,0.423285735237014,0.505320215980097,0.515072885275377,0.555094515771121
"487",0.0378597482813814,0.0755533510985079,0.0544566653003147,0.0836855582321169,0.156688488589291,0.163427920120554,0.178385147372855,0.0830384034413309
"488",0.375815948773769,0.340826537846558,0.719489908332264,0.665198309171327,0.416218566367469,0.581642426523737,0.601339906383927,0.503344516071263
"489",0.304102785310107,0.313468438489688,0.0974879714255952,0.0640274757743155,0.367058118399956,0.27301177498628,0.20086628046249,0.262773652597684
"490",0.0669060627343399,0.227346204620623,0.163132205275656,0.0535383737208066,0.251515516788995,0.204629953437348,0.201696879796166,0.268229790003038
"491",0.427307820703041,0.24971620182458,0.131391372617463,0.387683815774732,0.230756794635469,0.26439500516635,0.178385147372855,0.208177619384684
"492",0.951740688780475,0.7228694344212,0.740364418374535,0.963008822522952,0.446855440067233,0.572141527524812,0.448179974768719,0.667716544073473
"493",0.0310796962841978,0.112898491077462,0.091242959702387,0.0301222413307827,0.156688488589291,0.153472818082658,0.178385147372855,0.0830384034413309
"494",0.199447395937829,0.549641670776587,0.560178465246517,0.863364184501137,0.514038474815032,0.659584421471508,0.41591460573494,0.274982875689967
"495",0.393167834892625,0.43749467127502,0.430926554608284,0.387842508171633,0.316210572038019,0.278859602603295,0.282555298159024,0.256977112034454
"496",0.545966598665819,0.408488110807033,0.82212724554378,0.69400635619869,0.491979464710058,0.36387963487376,0.527588395230496,0.708308945666518
"497",0.049687176317733,0.0389720899184761,0.13102176831756,0.0686457147441048,0.144268348553933,0.153674890175701,0.178385147372855,0.161777065332798
"498",0.46250992162698,0.297120947328225,0.129323263511715,0.13744482589755,0.316823026657474,0.198169781971571,0.206501543850579,0.376887895082273
"499",0.704020540022785,0.817603309316421,0.910791235945478,0.907421832731981,0.632890950925121,0.766946972545249,0.749741929443806,0.793980659359168
"500",0.605346722232999,0.568459875005039,0.888906825003212,0.939483770458974,0.554444566510904,0.738155468505739,0.694227497873683,0.816992754722662
