"","GAM_predictions","RE_RF_predictions_Brier","RE_boosting_predictions_Brier","RE_bag_predictions","SRE_RF_predictions_Brier","SRE_bag_predictions_Brier","SRE_boosting_predictions_AUC","SRE_PLTR_predictions_Brier"
"1",0.0973470202215882,0.119481844589189,0.117528733581999,0.149255940161396,0.210621243740013,0.199217914287359,0.00157014680157934,0.234711827514188
"2",0.377072627467718,0.221622903813305,0.129416199324429,0.200354165310981,0.210621243740013,0.199217914287359,0.244265043942358,0.234711827514188
"3",0.117443108587025,0.264639702468373,0.375745978112173,0.104149309593275,0.206864601602242,0.199217914287359,0.225999110084358,0.234711827514188
"4",0.384781277402245,0.429040279205507,0.0893286756225588,0.367295683104988,0.311980990583254,0.389403842061332,0.0849796410363254,0.234711827514188
"5",0.189339358720198,0.254982976026171,0.231097056687324,0.202245469300813,0.229698545307369,0.199217914287359,0.0838723270077921,0.234711827514188
"6",0.0649206767559873,0.116163142676521,0.0637111453251683,0.0852721131765855,0.197189320573097,0.199217914287359,0.000510163341894189,0.234711827514188
"7",0.0710497960580997,0.076026272425461,0.0727321569100604,0.0957255193079895,0.197189320573097,0.199217914287359,0.000100664865463431,0.234711827514188
"8",0.140282838730456,0.0859777616442692,0.108421195052584,0.0888593782743067,0.191040636181229,0.199217914287359,9.10631184361312e-06,0.234711827514188
"9",0.172671839814896,0.267321615398961,0.404452045827302,0.163825230767705,0.227533526388374,0.315092994418675,0.235831444172007,0.234711827514188
"10",0.250368177230073,0.583847502178044,0.30160874301558,0.258130536733502,0.34935219587507,0.199217914287359,0.998982530553508,0.234711827514188
"11",0.246155334601589,0.195003248636447,0.125358179170143,0.161878008351797,0.197189320573097,0.199217914287359,0.00710610068829488,0.234711827514188
"12",0.138020883542053,0.359760383344317,0.397567544855884,0.462849838675486,0.384620304235994,0.350919755660525,0.412685530115251,0.234711827514188
"13",0.0838808780528205,0.371922638926487,0.40825682482848,0.220491977290785,0.232265772697068,0.240078636625457,7.18700428643762e-05,0.234711827514188
"14",0.403656779426983,0.208940882619967,0.319657117439945,0.373621221075447,0.222244618627792,0.285599644931291,0.176195447915471,0.234711827514188
"15",0.0593918709288324,0.110299621478447,0.0397005479967412,0.110198231640014,0.191040636181229,0.199217914287359,9.06488140319738e-05,0.234711827514188
"16",0.125148265987948,0.16963966174195,0.109656428980433,0.208772889020263,0.232265772697068,0.199217914287359,7.90941891867632e-05,0.234711827514188
"17",0.120539513346629,0.102586649402146,0.108994887789005,0.102709627515958,0.197189320573097,0.199217914287359,8.09298875531987e-05,0.234711827514188
"18",0.246730137582563,0.101808763280554,0.138979466539473,0.134115846725897,0.191040636181229,0.199217914287359,0.34981602898991,0.234711827514188
"19",5.61953870485566e-13,0.214570108343073,0.393259856550652,0.374733597027382,0.262308832181592,0.405071030149829,3.40163710572215e-06,0.338316059928613
"20",0.311835221045326,0.209684286556597,0.179005528221815,0.152654194550187,0.197189320573097,0.199217914287359,0.00145547555490733,0.234711827514188
"21",0.46174728394492,0.231767707174284,0.362394631993677,0.37834364862225,0.338805135107575,0.361111389380338,0.999898595825362,0.355251451015718
"22",0.211653628788812,0.101808763280554,0.099255614625384,0.16415548787806,0.191040636181229,0.204435854480411,0.263954808707884,0.234711827514188
"23",0.590497497358498,0.293201775738775,0.126647520890609,0.341018151005815,0.298283868967226,0.273396867887266,0.454048632417911,0.234711827514188
"24",0.0887275651071162,0.165868538308003,0.151432830784317,0.201649820781665,0.197189320573097,0.199217914287359,0.414062534253633,0.338316059928613
"25",0.591184848714345,0.407104082848075,0.466125508999601,0.583069307260408,0.406669156598149,0.441700958893603,0.319809520425728,0.338316059928613
"26",0.169582644291641,0.330056621998478,0.177991773084304,0.183241209841598,0.444780548702586,0.199217914287359,0.00940401629505558,0.234711827514188
"27",0.284784860551153,0.247051915835334,0.600899909858746,0.45277182579933,0.216490906579502,0.369538405626363,0.804605860137565,0.234711827514188
"28",0.152253963828503,0.0878291110136318,0.123106292307054,0.145852573627761,0.191040636181229,0.199217914287359,8.95417605981865e-05,0.234711827514188
"29",0.289342280388281,0.392665915025922,0.1550533910418,0.254911816569204,0.286606091220444,0.307950358542233,0.0833418369913377,0.234711827514188
"30",0.0722008357702144,0.230414457782213,0.333204776655687,0.200011896093831,0.242009715951484,0.239436860738439,0.0136358224030309,0.338316059928613
"31",0.112636861061002,0.201754709155255,0.18545488263982,0.156496613438601,0.217230904179746,0.199217914287359,0.000552946251826479,0.234711827514188
"32",0.440074965268714,0.329976454624047,0.368698676668445,0.249211507014385,0.328988439728144,0.199217914287359,0.981710423720427,0.234711827514188
"33",0.281140117445313,0.28308312011118,0.37050600869005,0.300641288033664,0.232265772697068,0.248627450005136,1.74372530607471e-06,0.234711827514188
"34",0.351669998197257,0.163849904244481,0.10102565685967,0.289494827710376,0.232265772697068,0.199217914287359,0.0100684597303149,0.234711827514188
"35",0.143189413006492,0.320439717207289,0.218431939323152,0.202699807899043,0.328988439728144,0.232677975289673,0.00115680495967957,0.234711827514188
"36",0.158712986635515,0.275617322535584,0.427882111277249,0.167844475788542,0.191040636181229,0.199217914287359,0.978506889775116,0.234711827514188
"37",0.118369970708083,0.130441601477795,0.426799830576053,0.241807399653158,0.210621243740013,0.204435854480411,0.995928319241732,0.234711827514188
"38",0.200970172197133,0.0878291110136318,0.107118754097822,0.14086327255326,0.191040636181229,0.199217914287359,0.000179118010186391,0.234711827514188
"39",0.552158876120048,0.427762005206576,0.248384410416213,0.282966004105557,0.375841261293583,0.361111389380338,0.00421600456071024,0.355251451015718
"40",0.125892119913005,0.278836321434983,0.468211180706535,0.189077838650212,0.216490906579502,0.297012085366634,0.815290785183971,0.234711827514188
"41",0.265576019528414,0.331203283255262,0.120472116283967,0.369916413931406,0.282563690402866,0.307950358542233,0.997239716731402,0.234711827514188
"42",0.192788906682151,0.115709118006292,0.11040778282115,0.234146988162444,0.191040636181229,0.199217914287359,0.065427565598448,0.234711827514188
"43",0.0691817411460993,0.108153063132929,0.205642019677991,0.113951451930327,0.210621243740013,0.199217914287359,0.174722558652879,0.234711827514188
"44",0.649086158175151,0.648129212667749,0.607173495735152,0.559806401187838,0.370364581398135,0.463704346467728,0.999171679203122,0.338316059928613
"45",0.195938290059005,0.352434788108543,0.335088730705955,0.213830724944965,0.22049733914852,0.256580071347284,0.913361157164607,0.234711827514188
"46",0.206603514657653,0.345368966711767,0.0814378960844131,0.351341708567164,0.320064908597755,0.30862381277455,0.00286430117454253,0.234711827514188
"47",0.248401622654442,0.16273070061581,0.0828906871641003,0.196119054334498,0.210621243740013,0.199217914287359,0.00677997121138589,0.234711827514188
"48",0.178384689676894,0.413714213118787,0.188519511860343,0.200732871500868,0.444780548702586,0.199217914287359,0.0170291327526063,0.234711827514188
"49",0.351148400945548,0.250170766231348,0.32842258456513,0.282354951592814,0.256150100221022,0.199217914287359,0.0704823698741672,0.338316059928613
"50",0.0521080652767242,0.153931400555697,0.130397253365183,0.060739147334606,0.218087411987394,0.199217914287359,0.0573676259684531,0.234711827514188
"51",0.177143834992049,0.153273139505996,0.171500150361761,0.197345187711276,0.232265772697068,0.199217914287359,0.0933090552462954,0.234711827514188
"52",0.219359091470495,0.358305461672968,0.202522912601296,0.363727399308921,0.286606091220444,0.307950358542233,0.0142995840739547,0.234711827514188
"53",0.166335670508525,0.209339879712551,0.160712254429003,0.149822392662611,0.220325515794264,0.239436860738439,0.000529892600866885,0.338316059928613
"54",0.189410747081346,0.115709118006292,0.185854840993881,0.159852752441811,0.191040636181229,0.199217914287359,6.0345008443075e-05,0.234711827514188
"55",0.327356308389401,0.0784059950920992,0.106600618920988,0.0722239751031933,0.197189320573097,0.199217914287359,0.175790920316318,0.234711827514188
"56",0.120379892771427,0.229992893015782,0.119361022340646,0.175630729891553,0.258819462117095,0.219177703020545,0.000344389257142175,0.234711827514188
"57",0.185832888065806,0.395281605489906,0.208718220412589,0.33310073562274,0.234266185124975,0.240078636625457,0.229312902220177,0.234711827514188
"58",0.108641900399337,0.120175993142313,0.0502072353615347,0.101344962191299,0.191040636181229,0.199217914287359,0.0419611959016334,0.234711827514188
"59",0.137994327254846,0.179479147347178,0.129093073231583,0.112838357959946,0.191040636181229,0.199217914287359,0.000297966190034271,0.234711827514188
"60",0.113057862195679,0.0537636489300689,0.116966181755081,0.0980571195463537,0.191040636181229,0.199217914287359,0.000230649005986825,0.234711827514188
"61",0.178967412619961,0.0733795462078183,0.0911027084289035,0.106702281572216,0.197189320573097,0.199217914287359,0.000154624429459938,0.234711827514188
"62",0.703449211956186,0.356062456848678,0.390984045592092,0.520482526807443,0.311980990583254,0.469425811723637,0.0656917188584281,0.234711827514188
"63",0.205231183817803,0.136198782209571,0.301335649348671,0.159852752441811,0.191040636181229,0.199217914287359,0.0743571373954852,0.234711827514188
"64",0.188314126784756,0.121003650520949,0.243032654105184,0.167844475788542,0.191040636181229,0.199217914287359,0.000711021320453349,0.234711827514188
"65",0.110575513097567,0.131391675808049,0.0338869774775345,0.0887869960439081,0.197189320573097,0.199217914287359,0.0293437167545479,0.234711827514188
"66",0.209812309044947,0.101808763280554,0.0889457571320118,0.133941094279102,0.191040636181229,0.199217914287359,0.000335824986611425,0.234711827514188
"67",0.511380625090782,0.43024190604504,0.626491231695953,0.330714109917699,0.407892206399446,0.199217914287359,0.999809398865143,0.234711827514188
"68",0.135993299527968,0.206664958508994,0.0720524994708917,0.123726968620299,0.223851415165182,0.240078636625457,1.06817302045702e-05,0.234711827514188
"69",0.475659926815912,0.264284003402933,0.210150601575795,0.361977168551137,0.197189320573097,0.345474986261884,0.991638443632099,0.234711827514188
"70",0.122880923530665,0.424714257583377,0.176597229006731,0.397621591987997,0.299903905343038,0.336727617841803,0.000486178363120572,0.234711827514188
"71",0.0579586343889378,0.118337922556638,0.0343277944832942,0.107710054784247,0.197189320573097,0.199217914287359,0.000342903708579035,0.234711827514188
"72",0.148283311568378,0.241326476037856,0.793872676604908,0.635267060800218,0.234266185124975,0.340447376018659,0.993546545100935,0.234711827514188
"73",0.545385616925009,0.269610565203177,0.168362038189348,0.469731488824132,0.232265772697068,0.342970009542489,0.040207841368167,0.234711827514188
"74",0.0909922279437519,0.176335185264913,0.0530573276896688,0.172328461167321,0.197189320573097,0.199217914287359,0.000113347943216258,0.234711827514188
"75",0.0785426568690995,0.221962746145215,0.072658965903854,0.135488789653179,0.199427216715889,0.199217914287359,0.000685748123628334,0.234711827514188
"76",0.22461815480863,0.115709118006292,0.300426206343226,0.192616436569371,0.191040636181229,0.199217914287359,0.569976264685857,0.234711827514188
"77",0.269437925310648,0.115709118006292,0.194626594530757,0.159852752441811,0.191040636181229,0.199217914287359,0.000306711562250375,0.234711827514188
"78",0.0478937832736219,0.27286739848279,0.186390165074445,0.147759136034559,0.234266185124975,0.199217914287359,0.000890222160840577,0.234711827514188
"79",0.361172025393435,0.115709118006292,0.194626594530757,0.159852752441811,0.228857836199239,0.199217914287359,9.06231066147867e-05,0.234711827514188
"80",0.613218752393425,0.64278998604205,0.652383519421856,0.559806401187838,0.351136155616977,0.463704346467728,0.0144375677174391,0.338316059928613
"81",0.116382749112033,0.417005281388848,0.382232150228607,0.4003771009096,0.232265772697068,0.240078636625457,0.20114431695014,0.234711827514188
"82",0.0149777224337199,0.281974893562653,0.423365081147256,0.257945488321108,0.234266185124975,0.248627450005136,0.975961483763294,0.234711827514188
"83",0.317822674559407,0.294805977341891,0.253200088959337,0.173022980916645,0.206864601602242,0.199217914287359,0.087029714757201,0.234711827514188
"84",0.373514919564783,0.189122545397134,0.299196416487565,0.305272489493207,0.198965925586926,0.199217914287359,0.222973407921899,0.234711827514188
"85",0.140140461358598,0.215093906774253,0.340332129065315,0.229609256085984,0.297207381592603,0.250080915445137,0.000850764253807919,0.234711827514188
"86",0.136077983280339,0.184498731589012,0.0824071399559701,0.354928351577507,0.193225546466889,0.302670332883757,0.542455143208744,0.234711827514188
"87",0.180811198222503,0.233003801347423,0.153220548862442,0.145831584876899,0.197189320573097,0.199217914287359,0.000262890073373952,0.234711827514188
"88",0.415690213573222,0.235850438663188,0.342128696500644,0.308419973919345,0.217230904179746,0.285599644931291,0.000970526993250121,0.234711827514188
"89",0.258224200478992,0.282206035847479,0.335749617985903,0.345499393485799,0.248660300734364,0.287407723029397,0.996688674570399,0.234711827514188
"90",0.257108961849644,0.262270668091995,0.144565543831366,0.239166592796555,0.254774009938482,0.404948423934612,0.993284716768122,0.234711827514188
"91",0.129482995758626,0.110209734881035,0.175677206108295,0.114178470485209,0.197189320573097,0.199217914287359,0.000793442864531708,0.234711827514188
"92",3.40564091972475e-06,0.184783855277955,0.344283589735736,0.320416205737831,0.197189320573097,0.380372423429748,0.0194101845879239,0.338316059928613
"93",0.375845043519463,0.208940882619967,0.284545595949176,0.373621221075447,0.222244618627792,0.285599644931291,0.00150625931315493,0.234711827514188
"94",0.488077965895933,0.0964061967400249,0.12327191134982,0.172385276796853,0.240052585931382,0.199217914287359,0.0694418394693923,0.338316059928613
"95",0.18126777356186,0.147432587924378,0.166616077966471,0.17690289948181,0.225330335072643,0.199217914287359,0.00413339387992137,0.234711827514188
"96",1.51688033194736e-06,0.169132350653455,0.180127690856842,0.121248414860181,0.232265772697068,0.199217914287359,5.66055345344393e-05,0.234711827514188
"97",0.319107941237674,0.183100940418128,0.133174866991197,0.238768156694553,0.221449088286567,0.199217914287359,0.00474316062630473,0.234711827514188
"98",0.171865654833284,0.317830101874547,0.269945698987868,0.239702097140738,0.216490906579502,0.256580071347284,0.089909649272157,0.234711827514188
"99",0.203305197506307,0.475596522915503,0.109737167499039,0.171474495868618,0.232265772697068,0.289623375428767,0.000138784913793692,0.234711827514188
"100",0.241043225903983,0.16813858367719,0.158239175809294,0.302811706474104,0.191040636181229,0.199217914287359,0.0188442080273004,0.234711827514188
"101",0.072983370927227,0.100888682162268,0.0983612302260682,0.080397628060901,0.197189320573097,0.199217914287359,1.97316265276509e-05,0.234711827514188
"102",0.320710284904437,0.246928544818445,0.583237464911393,0.228382362814179,0.21297113922638,0.199217914287359,0.992226102996308,0.234711827514188
"103",0.100144074281512,0.224090558338374,0.11001194877063,0.165743059103589,0.270928901061147,0.307950358542233,0.3850928174397,0.234711827514188
"104",0.192531801203952,0.0867568191138445,0.147024331978056,0.0930107523987157,0.191040636181229,0.199217914287359,0.0186836196043992,0.234711827514188
"105",0.196604491305753,0.136198782209571,0.306434763083341,0.208993944289686,0.191040636181229,0.275606852085929,0.726430453612099,0.234711827514188
"106",0.119014858142974,0.0896337764634725,0.118538615954152,0.163308089712807,0.191040636181229,0.199217914287359,0.00572859002925072,0.234711827514188
"107",0.644930944136191,0.225750988074785,0.241031953824253,0.140531467543677,0.288123128476885,0.25948245421585,0.860082363767172,0.338316059928613
"108",0.199743240356419,0.347974249737951,0.475806403492612,0.472778128836108,0.346568475916391,0.251908541339094,0.0137227401734148,0.234711827514188
"109",0.104157086956116,0.217061969160734,0.031711640650473,0.213824039669686,0.232265772697068,0.256580071347284,0.269262586045792,0.234711827514188
"110",0.0904097962744482,0.0675566139551699,0.0398731692663255,0.14086327255326,0.191040636181229,0.199217914287359,1.12587973598118e-06,0.234711827514188
"111",0.0957607557653572,0.211518624922861,0.188698296326018,0.161734298341996,0.197189320573097,0.240078636625457,0.0110853140194733,0.234711827514188
"112",0.241353189723122,0.177619862886962,0.0532263382965772,0.135551814651037,0.219138788165005,0.199217914287359,0.00154431380166467,0.234711827514188
"113",0.179835310799661,0.180141598200698,0.122782584547546,0.101878113568426,0.197189320573097,0.199217914287359,3.68575174160345e-05,0.234711827514188
"114",0.0236449110896749,0.187324905023932,0.0338729585147428,0.0795915405039535,0.232265772697068,0.219177703020545,2.68791527321199e-06,0.234711827514188
"115",0.150991930418822,0.183613248720083,0.139035469475462,0.154771684257701,0.197189320573097,0.199217914287359,0.000469421735486549,0.234711827514188
"116",0.143310020052074,0.0859777616442692,0.0745555431933984,0.0888593782743067,0.191040636181229,0.199217914287359,2.6385070046482e-06,0.234711827514188
"117",0.467963227432296,0.108442094899092,0.063793002933298,0.211474318744482,0.191040636181229,0.199217914287359,0.000830360680248473,0.234711827514188
"118",0.0957633529004049,0.32758350961682,0.188496185554116,0.113349293171765,0.232265772697068,0.199217914287359,6.93626549182873e-05,0.234711827514188
"119",0.101793646065623,0.235405202613082,0.154989573071723,0.162526515557404,0.232265772697068,0.199217914287359,4.9802198323528e-05,0.234711827514188
"120",0.26215170772069,0.135108631311505,0.1934397890559,0.142128889914867,0.197189320573097,0.199217914287359,0.00844113164248502,0.234711827514188
"121",0.616711770260256,0.295458068696293,0.125980555946699,0.353870121797554,0.288123128476885,0.329851386083291,0.327970954866073,0.338316059928613
"122",0.0755220238836542,0.144185061488793,0.0697404881275267,0.112838357959946,0.191040636181229,0.199217914287359,0.000267942668128041,0.234711827514188
"123",0.193998506547462,0.369075914274493,0.276746463322209,0.214244985209998,0.232265772697068,0.240078636625457,0.752752612165156,0.234711827514188
"124",0.0624482382325141,0.181258054202092,0.111976459633134,0.0995572031631914,0.232265772697068,0.199217914287359,0.0248483131318889,0.234711827514188
"125",0.170084908169648,0.112774307795183,0.0853847582630326,0.144606881472099,0.207508163678226,0.199217914287359,3.92633007972222e-05,0.234711827514188
"126",0.222249090357416,0.174321527109693,0.145930099950955,0.171972854443885,0.197189320573097,0.199217914287359,0.0107544643239095,0.234711827514188
"127",0.173095302172578,0.0878291110136318,0.122396118698537,0.0888593782743067,0.191040636181229,0.199217914287359,6.28950480134905e-06,0.234711827514188
"128",0.0893676132433702,0.170185558950618,0.046433478091591,0.0818263553438648,0.197189320573097,0.199217914287359,0.000153759337679783,0.234711827514188
"129",0.0857193447401834,0.135188032916915,0.221283155822578,0.145275863651812,0.191040636181229,0.199217914287359,0.000378881875899975,0.234711827514188
"130",0.102796857311527,0.267321615398961,0.0607112248511833,0.135507276658066,0.197189320573097,0.199217914287359,8.77703259621188e-05,0.234711827514188
"131",0.853368944016779,0.412123314983995,0.480849956438697,0.374733597027382,0.313794398432797,0.405071030149829,0.00189322794563317,0.338316059928613
"132",0.200259821821575,0.667474004199204,0.370721987015627,0.733802291371794,0.552128157151915,0.555811040698834,0.000818790712384149,0.338316059928613
"133",0.19745120069044,0.16273070061581,0.11666971425725,0.16415548787806,0.210621243740013,0.199217914287359,0.062130600474741,0.234711827514188
"134",0.133591183591069,0.193438443316143,0.0968094207011138,0.110297958766955,0.270985245778949,0.199217914287359,0.00525408990662911,0.234711827514188
"135",0.304613050796252,0.238372333752319,0.412205612167601,0.206487031714322,0.197919855497494,0.275606852085929,0.00266882615128871,0.234711827514188
"136",0.428320969854475,0.48200298324366,0.459083990130199,0.762721712040252,0.455650295115638,0.567872408130381,0.574980968610758,0.234711827514188
"137",0.274866946318739,0.0706662255574176,0.0934058437221534,0.147052076927646,0.191040636181229,0.199217914287359,0.000873579064611355,0.234711827514188
"138",0.12917274516306,0.268361236899796,0.433983993866465,0.230847850634413,0.217230904179746,0.240078636625457,0.645054702153457,0.234711827514188
"139",0.1938172194875,0.310004424485835,0.319303440557446,0.155418318357166,0.232265772697068,0.315557371558552,0.000227171288859179,0.234711827514188
"140",0.116057231080227,0.149086552117759,0.15596070560832,0.115647980601671,0.197189320573097,0.199217914287359,7.25570258163764e-05,0.234711827514188
"141",0.57265944675635,0.556802999316725,0.718012019386777,0.698628909253968,0.447849917336677,0.523417107039423,0.994418975682638,0.602037090923173
"142",0.126037904692862,0.0757679731094973,0.0695821005326115,0.120831963485701,0.191040636181229,0.199217914287359,0.402927413410923,0.234711827514188
"143",0.20105081556106,0.180141598200698,0.149122788816737,0.098220104537704,0.197189320573097,0.199217914287359,7.37734806342536e-05,0.234711827514188
"144",0.240756880307828,0.101009873964694,0.0789144416057187,0.112098901906382,0.197189320573097,0.199217914287359,0.00106193727120067,0.234711827514188
"145",0.210166552944401,0.103962226804573,0.0743587788533945,0.172328461167321,0.191040636181229,0.199217914287359,4.05625185414047e-05,0.234711827514188
"146",0.489203407921414,0.64278998604205,0.652383519421856,0.659744526644325,0.351136155616977,0.463704346467728,0.590831376151654,0.457130718287509
"147",0.311948417669913,0.317830101874547,0.346808850309271,0.339596995646136,0.216490906579502,0.277072790498995,0.0570770113611328,0.234711827514188
"148",0.148620706494077,0.103962226804573,0.0403011545578384,0.125533221858527,0.191040636181229,0.199217914287359,0.000257856605012762,0.234711827514188
"149",0.372702773718368,0.249274902236994,0.320447434766882,0.39110831815315,0.197189320573097,0.199217914287359,0.292642624726032,0.234711827514188
"150",0.208053710861697,0.183613248720083,0.132822844125099,0.160161777109185,0.197189320573097,0.199217914287359,9.42292715777922e-05,0.234711827514188
"151",0.382352993684706,0.274168888813857,0.369560993379314,0.132066908935458,0.216490906579502,0.275606852085929,0.0135429355222221,0.234711827514188
"152",0.297449464812879,0.238529961670384,0.109495562905466,0.258266679373105,0.232265772697068,0.30862381277455,0.000386589890263446,0.234711827514188
"153",0.275745665993017,0.115709118006292,0.116021110308297,0.208710597363402,0.191040636181229,0.199217914287359,0.0188632960632166,0.234711827514188
"154",0.145334403565739,0.115709118006292,0.116352916894858,0.144119077995769,0.191040636181229,0.199217914287359,0.00315692070315333,0.234711827514188
"155",0.563328067115689,0.387644540484595,0.420440490512339,0.36670673182472,0.375841261293583,0.361111389380338,0.281795968520318,0.355251451015718
"156",0.309781629558857,0.204597739885556,0.260130444186369,0.245801097124921,0.197189320573097,0.240078636625457,0.000785762683759578,0.234711827514188
"157",0.265127204164944,0.278836321434983,0.250407492659067,0.183084143132889,0.216490906579502,0.199217914287359,0.367235331371377,0.234711827514188
"158",0.0889864822348005,0.249956725535827,0.329976699098385,0.207900986506348,0.328988439728144,0.199217914287359,0.991263105612681,0.234711827514188
"159",0.148403207951137,0.330056621998478,0.111666117839468,0.183241209841598,0.444780548702586,0.199217914287359,0.0119191750600366,0.234711827514188
"160",0.497754531406924,0.398429658120332,0.430311761873894,0.432932764504707,0.279234095608255,0.325873407897694,0.968288203669818,0.338316059928613
"161",0.178011788368699,0.203278844488818,0.185914671481347,0.16415548787806,0.21297113922638,0.199217914287359,0.114394850963881,0.234711827514188
"162",0.325109826429107,0.11168412257189,0.113328756961117,0.104442161899503,0.197919855497494,0.199217914287359,0.0250328886244712,0.234711827514188
"163",0.217942923122963,0.16273070061581,0.12327914255532,0.16415548787806,0.210621243740013,0.204435854480411,0.918005344335797,0.234711827514188
"164",0.881341296522509,0.369239539335961,0.398855499610389,0.41451710088197,0.377580637394781,0.361111389380338,0.221616764762165,0.602037090923173
"165",0.139478926029951,0.553929651759726,0.25548268308108,0.300876845855243,0.410878690517251,0.307950358542233,0.999523737182666,0.234711827514188
"166",0.457410434509447,0.288268427164662,0.297759172588679,0.340510248260846,0.197919855497494,0.379417394306854,0.00261185493954237,0.234711827514188
"167",0.328308002540851,0.374202851283338,0.12360303369671,0.346700991399192,0.328988439728144,0.521642890821019,0.716154448590144,0.234711827514188
"168",0.357960219332542,0.345938632019562,0.567105925003656,0.410955928013572,0.230210611070625,0.240078636625457,0.328996860435067,0.234711827514188
"169",0.248219332173393,0.183613248720083,0.229538480612321,0.182312128106073,0.217474458376474,0.199217914287359,0.972027450995345,0.338316059928613
"170",2.22044604925031e-16,0.397931331900644,0.687174446274517,0.432932764504707,0.231251311687331,0.325873407897694,0.575189875282679,0.338316059928613
"171",0.316400210239309,0.190123460953118,0.462987554866693,0.309549720757248,0.243527216890776,0.199217914287359,0.984661744220125,0.234711827514188
"172",0.0431051716430487,0.137587117685296,0.198280112974462,0.0892114384052129,0.238454078563416,0.199217914287359,0.000327150695294033,0.234711827514188
"173",0.260511116613793,0.103962226804573,0.117338543842648,0.134115846725897,0.191040636181229,0.199217914287359,0.00724468726914647,0.234711827514188
"174",0.309872175500833,0.209684286556597,0.179005528221815,0.152654194550187,0.197189320573097,0.199217914287359,0.00145547555490733,0.234711827514188
"175",0.246885886583892,0.157019581203335,0.723394584894917,0.391827880127987,0.322494678581816,0.239436860738439,0.190119622238298,0.338316059928613
"176",0.0932783675731102,0.181014051059571,0.178633260660378,0.289862936675946,0.266795341643442,0.199217914287359,0.797822054189189,0.234711827514188
"177",0.123771878897864,0.18190935504302,0.256626295116302,0.18626336915164,0.191040636181229,0.199217914287359,0.0630615350533663,0.234711827514188
"178",0.054260690922666,0.187324905023932,0.109959004801713,0.338754727895415,0.269678481364562,0.334959979208164,0.015574105063656,0.234711827514188
"179",0.28592336409317,0.221680761432512,0.207705190519502,0.201649820781665,0.217474458376474,0.199217914287359,0.0218659563685017,0.338316059928613
"180",0.334180760266483,0.582809673214841,0.323420926102467,0.49391724681063,0.38533176862306,0.361111389380338,0.0277823772801233,0.234711827514188
"181",0.192348266430826,0.398429658120332,0.373783659020752,0.469482617603452,0.279234095608255,0.325873407897694,0.13858898573797,0.338316059928613
"182",0.413768617139619,0.512061765113807,0.512008766553457,0.595813278963086,0.370364581398135,0.463704346467728,0.960026606447216,0.338316059928613
"183",0.15305747575379,0.113343109455343,0.272568088912848,0.115970573087291,0.191040636181229,0.199217914287359,0.000434145732920372,0.234711827514188
"184",0.172491038468652,0.299864932015598,0.428919156398521,0.22860552077759,0.240491093101981,0.199217914287359,0.913388283909124,0.234711827514188
"185",0.359960171946666,0.167543010932687,0.456383746568199,0.354513120905184,0.225330335072643,0.266353004697532,0.901433414836225,0.234711827514188
"186",0.08077900011098,0.258139724998587,0.208269908783405,0.237118173722682,0.234266185124975,0.199217914287359,0.00297015131593154,0.234711827514188
"187",0.437103528964888,0.271643634622073,0.162464862081802,0.16415548787806,0.216490906579502,0.199217914287359,0.946275309801489,0.234711827514188
"188",0.144533190372892,0.528607764845555,0.505137615426773,0.411686799202714,0.29723899673916,0.262788826731232,0.998404698987839,0.234711827514188
"189",0.0883691630011831,0.154171044343634,0.143671695069977,0.252848377289719,0.221449088286567,0.199217914287359,0.000505716274439886,0.234711827514188
"190",0.0064729517779236,0.374202851283338,0.258365651198261,0.579126413718155,0.232265772697068,0.295877910140706,0.0113666574384648,0.234711827514188
"191",0.189523172430182,0.31279305841423,0.339439383895834,0.329890788946582,0.216490906579502,0.275606852085929,0.875862223817525,0.234711827514188
"192",0.324069255855356,0.253987871256776,0.341788593894255,0.156715905660858,0.199427216715889,0.199217914287359,0.880251049465869,0.234711827514188
"193",0.165773543582824,0.478526680231629,0.469969424193509,0.684758555336752,0.46700108310514,0.508557842972912,0.0882171899123019,0.234711827514188
"194",0.102830602694343,0.235405202613082,0.119436919702605,0.198427418042764,0.246576555495753,0.232677975289673,0.0606605141961783,0.234711827514188
"195",0.336577127384553,0.209339879712551,0.145930099950955,0.193151018713281,0.197189320573097,0.199217914287359,0.0597267813456497,0.234711827514188
"196",0.304409119297602,0.225368725421287,0.259162663534515,0.278123590542239,0.216490906579502,0.256580071347284,0.0725432061015057,0.234711827514188
"197",0.0525634840438802,0.148240362214009,0.0503015212965121,0.158529115552126,0.24097137549713,0.199217914287359,0.0198844452112348,0.338316059928613
"198",0.055971079301438,0.384941816143603,0.344692914146134,0.310272233714336,0.232265772697068,0.240078636625457,0.991406980352071,0.234711827514188
"199",0.0836123578653306,0.0913124909426973,0.241447022723376,0.205690452731891,0.230649441282493,0.250080915445137,0.000234948373767622,0.234711827514188
"200",0.301965970660093,0.221622903813305,0.241998006490512,0.167844475788542,0.210621243740013,0.199217914287359,0.99542242738072,0.234711827514188
"201",0.0640643520034237,0.151811331083259,0.0954974666678139,0.110198231640014,0.191040636181229,0.199217914287359,0.0314867486327048,0.234711827514188
"202",0.221604965948657,0.376944440430754,0.386591954079681,0.352430261695133,0.347665742125814,0.361111389380338,0.993848353042588,0.234711827514188
"203",0.0885639876450692,0.12296173720175,0.158234509664772,0.162554519513417,0.199427216715889,0.256580071347284,0.000551942066444568,0.234711827514188
"204",0.0936066972177914,0.151210608424291,0.0550538279506551,0.107710054784247,0.197189320573097,0.199217914287359,0.268857163217214,0.234711827514188
"205",0.276971802899823,0.16813858367719,0.107359641957439,0.371372354507988,0.191040636181229,0.275606852085929,0.242660770377845,0.234711827514188
"206",0.288702220092613,0.413714213118787,0.443891692361963,0.613941328250155,0.457230844914127,0.508557842972912,0.669700450600386,0.234711827514188
"207",0.325748273587232,0.217624163481682,0.386629318866531,0.167844475788542,0.210621243740013,0.199217914287359,0.925100635141606,0.234711827514188
"208",0.109338669455072,0.141394655259564,0.14709476501063,0.183870613064879,0.217474458376474,0.199217914287359,0.00047727336461664,0.338316059928613
"209",0.227117424684758,0.101808763280554,0.138979466539473,0.134115846725897,0.191040636181229,0.199217914287359,0.376985073565406,0.234711827514188
"210",0.0510160297431922,0.0931953005967374,0.164608582344655,0.0646790729344608,0.197189320573097,0.199217914287359,1.85479458113151e-05,0.234711827514188
"211",0.684341345848326,0.64278998604205,0.771674274706249,0.756385304134136,0.351136155616977,0.523417107039423,0.985201413935326,0.602037090923173
"212",0.0835433576429047,0.153077943525081,0.197852917061673,0.195005247961548,0.230649441282493,0.240078636625457,0.275168008420458,0.234711827514188
"213",0.182650475317658,0.474233973246864,0.176784355003825,0.419950633720007,0.232265772697068,0.262788826731232,0.0379016591744525,0.234711827514188
"214",0.257355228436473,0.17215174715505,0.0851476337607523,0.16415548787806,0.191040636181229,0.199217914287359,0.0995783383745654,0.234711827514188
"215",0.100040586449418,0.0733329796772844,0.0945050011801873,0.149255940161396,0.191040636181229,0.199217914287359,0.00131725567843418,0.234711827514188
"216",0.033227803112337,0.212148529896353,0.0989335167941406,0.143101738149042,0.292970369627279,0.219177703020545,0.0844626318557589,0.338316059928613
"217",0.195156511976292,0.125846339153692,0.088620223493093,0.0986243958414866,0.197189320573097,0.275606852085929,1.7626226202109e-06,0.234711827514188
"218",0.909639490650991,0.883817191540957,0.791535125794703,0.812809702057258,0.702243151007032,0.711563494346751,0.9999957213687,0.338316059928613
"219",0.167257414713175,0.484351545935779,0.414669170512856,0.65204796256537,0.46700108310514,0.508557842972912,0.521175931828576,0.234711827514188
"220",0.214369853219449,0.539235682545735,0.540431405015976,0.44760236979405,0.295869758294455,0.463704346467728,0.00165226405364922,0.234711827514188
"221",0.648065508742758,0.550718027374856,0.714817408931394,0.602159819219127,0.346568475916391,0.278018873350507,0.997079368201145,0.234711827514188
"222",0.322458052246601,0.224293536951633,0.131567567924503,0.166414533865401,0.198965925586926,0.204435854480411,0.903934451108305,0.234711827514188
"223",0.0782714936484647,0.226240727709391,0.109554078828983,0.148522709448467,0.232265772697068,0.199217914287359,0.00346036894384334,0.234711827514188
"224",0.0913082921519769,0.209446358780292,0.100197278727971,0.128254243407626,0.197189320573097,0.199217914287359,0.112168652374249,0.234711827514188
"225",0.292301900777271,0.221680761432512,0.377625400089242,0.201649820781665,0.217474458376474,0.199217914287359,0.205241550206407,0.338316059928613
"226",0.51344620675417,0.329745020184564,0.273370129932997,0.297188390734822,0.228300270989343,0.285599644931291,0.154585429567711,0.234711827514188
"227",0.217692403061827,0.209143701985181,0.217733688035298,0.298825991601522,0.219138788165005,0.199217914287359,0.00406545369338387,0.234711827514188
"228",0.210058446014254,0.103962226804573,0.0632184153369854,0.133941094279102,0.191040636181229,0.199217914287359,0.000463062180017132,0.234711827514188
"229",0.87120366849827,0.555849102502669,0.324274821366109,0.610991347478049,0.559162576516857,0.429591556240483,0.307275931421436,0.338316059928613
"230",0.13011230400339,0.0830997518621595,0.0920584666853332,0.128145869038688,0.197189320573097,0.199217914287359,0.000129896159587232,0.234711827514188
"231",0.770370607884758,0.314849672067419,0.166737357406889,0.29997033397538,0.288123128476885,0.279327788858774,0.0298107683652349,0.338316059928613
"232",0.278339458995569,0.136198782209571,0.183571844792188,0.135612575475181,0.191040636181229,0.199217914287359,0.00536140555451034,0.234711827514188
"233",0.28592336409317,0.221680761432512,0.207705190519502,0.201649820781665,0.217474458376474,0.199217914287359,0.0218659563685017,0.338316059928613
"234",0.244733297589935,0.639398968188974,0.802186065555623,0.712984066539103,0.497830430363774,0.555811040698834,0.999606162360154,0.338316059928613
"235",0.937625313597131,0.883603484674545,0.907230435425199,0.789297693439307,0.593032668114108,0.711563494346751,0.995916415310547,0.338316059928613
"236",0.73062965262468,0.327212489454139,0.502880156405715,0.251289796606817,0.266548153252619,0.2582838252704,0.00570689178502076,0.338316059928613
"237",0.0657753202236343,0.0705716872553682,0.0798354284699381,0.114178470485209,0.197189320573097,0.199217914287359,1.02776793560474e-05,0.234711827514188
"238",0.221499444537894,0.114458017822913,0.496765222385985,0.153872597095138,0.295339805603056,0.302670332883757,0.99771682858152,0.234711827514188
"239",0.317145479365976,0.16273070061581,0.21691064202679,0.138904797433055,0.210621243740013,0.199217914287359,0.00828084958684286,0.234711827514188
"240",0.160236540629359,0.403534319173602,0.113658988236685,0.275870448286488,0.207508163678226,0.199217914287359,0.281211570748835,0.234711827514188
"241",0.053349524496557,0.1137890449044,0.238689657744144,0.225000059661768,0.230649441282493,0.199217914287359,0.00134244854088724,0.234711827514188
"242",0.105447569416417,0.48200298324366,0.326235422676014,0.219210097767795,0.483817146855271,0.275606852085929,0.0121926233814643,0.234711827514188
"243",0.134130509682113,0.178690248981637,0.107368934472328,0.0858834169325473,0.197189320573097,0.199217914287359,0.0465547654715838,0.234711827514188
"244",0.0938966598073907,0.139680877303811,0.211250645354383,0.099537591364005,0.197189320573097,0.199217914287359,0.000213247340756153,0.234711827514188
"245",0.730801357500032,0.285487004555886,0.15092164676208,0.27355829707421,0.232265772697068,0.327349676995267,0.000659271506252687,0.234711827514188
"246",0.256848674978269,0.0887118078609758,0.109477282946126,0.121760068273187,0.197189320573097,0.199217914287359,9.38334938595623e-06,0.234711827514188
"247",0.00144852918564232,0.510009647544969,0.409407368507037,0.221391472408701,0.232640151203007,0.199217914287359,0.00433090188227192,0.234711827514188
"248",0.183290595969185,0.113343109455343,0.313071756048251,0.136440801248279,0.191040636181229,0.199217914287359,0.0190059800644252,0.234711827514188
"249",0.149130259155525,0.101808763280554,0.107630032332373,0.16415548787806,0.191040636181229,0.199217914287359,0.00918962139094378,0.234711827514188
"250",0.0791715454748963,0.119481844589189,0.18545488263982,0.125951766620856,0.210621243740013,0.199217914287359,0.000937826083468487,0.234711827514188
"251",0.105071197910867,0.0859777616442692,0.0694605220420121,0.110198231640014,0.191040636181229,0.199217914287359,4.88249416386645e-05,0.234711827514188
"252",0.037710244751126,0.0971616105161384,0.0932910396628174,0.0892114384052129,0.197189320573097,0.199217914287359,0.000376406815540726,0.234711827514188
"253",0.116198101571408,0.0971012526504389,0.173945271204931,0.269313884915625,0.191040636181229,0.285599644931291,0.00137748518049527,0.234711827514188
"254",0.640420842343682,0.662052914025525,0.560337477001078,0.270892724195175,0.55581818057935,0.361111389380338,0.220095873729852,0.355251451015718
"255",0.297334081148392,0.209339879712551,0.145930099950955,0.193151018713281,0.199842357728804,0.199217914287359,0.00469813164099928,0.234711827514188
"256",0.18144908095406,0.244237420583504,0.0940041665520213,0.20918299116019,0.238454078563416,0.199217914287359,0.00151274821888207,0.234711827514188
"257",0.0960208785619218,0.11168412257189,0.0299072085661488,0.0722239751031933,0.197189320573097,0.199217914287359,0.000344246927266997,0.234711827514188
"258",0.325050691447362,0.297291949964719,0.476595567995786,0.464214036290157,0.255338115095357,0.325873407897694,0.0303292937329708,0.338316059928613
"259",0.224540352536338,0.221680761432512,0.304472790103201,0.201649820781665,0.217474458376474,0.199217914287359,0.103250152143816,0.338316059928613
"260",0.260901641705737,0.556289763369448,0.603936960853837,0.735000413562561,0.351136155616977,0.523417107039423,0.946066600826467,0.602037090923173
"261",0.530942124907424,0.408966290934431,0.643570849684025,0.541014962260701,0.307145447379091,0.250080915445137,0.207363026037918,0.234711827514188
"262",0.23913126634917,0.225368725421287,0.464362116168475,0.446718926302399,0.216490906579502,0.256580071347284,0.0258088133469017,0.234711827514188
"263",0.303131222109366,0.321047372318014,0.193601559749847,0.162250758238629,0.286606091220444,0.307950358542233,0.0165822933361426,0.338316059928613
"264",0.247994478210942,0.076026272425461,0.0791632231679668,0.129499256821503,0.197189320573097,0.199217914287359,0.000174886367640001,0.234711827514188
"265",0.709931258435585,0.662052914025525,0.488340178446067,0.484620214694687,0.506224766509556,0.361111389380338,0.999633362166108,0.355251451015718
"266",0.220176999760555,0.362827524887746,0.353307944732898,0.299664817964641,0.22772553681396,0.199217914287359,0.0171672294128568,0.234711827514188
"267",0.646780492527984,0.624407764742809,0.691817860134359,0.531638259652072,0.309956443744455,0.569397227644754,0.999640309708366,0.234711827514188
"268",0.177381324609597,0.173178114315688,0.120557654255411,0.0906488163055977,0.197189320573097,0.199217914287359,2.25042991038168e-05,0.234711827514188
"269",0.197877599651312,0.338179892290539,0.162022906534411,0.218694733047417,0.346568475916391,0.232677975289673,0.0815649387432743,0.234711827514188
"270",0.362472462606721,0.386840707569427,0.248384410416213,0.237872301275566,0.375841261293583,0.361111389380338,0.00184742588041844,0.355251451015718
"271",0.230572746283158,0.343401898673533,0.184811588119382,0.128619092907346,0.197189320573097,0.199217914287359,0.000202359853124625,0.234711827514188
"272",0.0630557936281035,0.235405202613082,0.119019447254577,0.140135008413306,0.232265772697068,0.199217914287359,0.0584908002396373,0.234711827514188
"273",0.344320815271028,0.0883904318148378,0.217723291648638,0.22510722821784,0.197189320573097,0.250080915445137,0.00106316266370639,0.234711827514188
"274",0.235155349371173,0.169842660502354,0.16565897525787,0.338155040401982,0.225330335072643,0.324159968527364,4.12409787080319e-05,0.234711827514188
"275",0.139848795149482,0.335236051773168,0.314632946428028,0.183241209841598,0.444780548702586,0.199217914287359,0.0140481340110862,0.234711827514188
"276",6.71321905402783e-06,0.191328097994622,0.218750071150843,0.273778034981437,0.206864601602242,0.240078636625457,8.46467258282101e-07,0.234711827514188
"277",0.339137417954254,0.209339879712551,0.145930099950955,0.193151018713281,0.199842357728804,0.199217914287359,0.0597267813456497,0.234711827514188
"278",0.216271813242869,0.225368725421287,0.198723972554697,0.206299939027125,0.197189320573097,0.275606852085929,0.00819160812846328,0.234711827514188
"279",0.229290548706529,0.222946691241387,0.336701399162075,0.308419973919345,0.197189320573097,0.285599644931291,0.0786945880880732,0.234711827514188
"280",0.540619579384072,0.603331377251941,0.751499988670535,0.616899579707031,0.42518662771133,0.583585244860457,0.999712850216847,0.234711827514188
"281",0.804296409401112,0.211044859899085,0.176142148704305,0.131586058802346,0.313794398432797,0.25948245421585,0.00197455943559549,0.338316059928613
"282",0.18789246560143,0.16273070061581,0.11666971425725,0.16415548787806,0.210621243740013,0.199217914287359,0.00877642590843732,0.234711827514188
"283",0.252228874385371,0.379609240245793,0.217446581887084,0.238768156694553,0.32087824104795,0.199217914287359,0.65380561132273,0.234711827514188
"284",0.932973131097054,0.64278998604205,0.771674274706249,0.721838108124577,0.447849917336677,0.523417107039423,0.93309165526564,0.602037090923173
"285",0.28592336409317,0.221680761432512,0.207705190519502,0.201649820781665,0.217474458376474,0.199217914287359,0.0218659563685017,0.338316059928613
"286",0.326509437207732,0.202150066800287,0.219906448327428,0.112529338711929,0.197189320573097,0.199217914287359,0.000703484130334447,0.234711827514188
"287",0.472183096374557,0.483857348574415,0.380877525309405,0.322290272160138,0.347665742125814,0.368617743777267,0.0368119283126084,0.355251451015718
"288",0.528513818590348,0.13081489908507,0.235796076972362,0.524228774121757,0.234266185124975,0.256580071347284,0.00345122324906797,0.234711827514188
"289",0.113743857208122,0.0604434095228252,0.107035733088825,0.189686032889882,0.191040636181229,0.199217914287359,0.043406018920517,0.234711827514188
"290",0.110792966782126,0.165647113834634,0.0371921186223253,0.110198231640014,0.191040636181229,0.199217914287359,0.068156669035791,0.234711827514188
"291",0.150497731636672,0.177717555676634,0.124945782569883,0.294916108370905,0.251813668104125,0.199217914287359,0.00431962229206843,0.234711827514188
"292",0.28402255357881,0.174321527109693,0.145930099950955,0.177835956860207,0.197189320573097,0.199217914287359,0.291680271509031,0.234711827514188
"293",0.145559636423776,0.354212965398928,0.287144180319093,0.22714285311633,0.255338115095357,0.231253638743491,0.00305547054050975,0.338316059928613
"294",0.11000960494252,0.258139724998587,0.221015707620975,0.19695107420197,0.232265772697068,0.199217914287359,0.138923105823616,0.234711827514188
"295",0.0842099999671283,0.0718088015157329,0.0268239536563027,0.0819205706109422,0.197189320573097,0.199217914287359,4.91733977372384e-05,0.234711827514188
"296",0.348028923794775,0.370328654247111,0.252527854998381,0.238768156694553,0.32087824104795,0.199217914287359,0.00219275764423455,0.234711827514188
"297",0.265921130071131,0.101808763280554,0.0701182196919933,0.138724804720214,0.191040636181229,0.199217914287359,0.000111807902228569,0.234711827514188
"298",0.314021559934168,0.209684286556597,0.207705190519502,0.179898043292338,0.217474458376474,0.199217914287359,0.88172363217777,0.338316059928613
"299",0.0205740442651802,0.125767142563427,0.178720034942495,0.149859202872451,0.197189320573097,0.199217914287359,0.000340282155761967,0.234711827514188
"300",0.127939274396107,0.142051264993021,0.228966482949832,0.188616210499806,0.197189320573097,0.325873407897694,2.43753632630467e-05,0.234711827514188
"301",0.334365034366753,0.401219218087076,0.177456710424592,0.239486989154467,0.444780548702586,0.199217914287359,0.667197987684573,0.234711827514188
"302",0.148419255505804,0.0859777616442692,0.0990118914677995,0.110198231640014,0.191040636181229,0.199217914287359,5.73268212903885e-05,0.234711827514188
"303",0.0590189566038764,0.141394655259564,0.130982370432504,0.183870613064879,0.217474458376474,0.199217914287359,0.000597275478987383,0.338316059928613
"304",0.0461830297788513,0.0496423992801315,0.0385653263663196,0.0980571195463537,0.191040636181229,0.199217914287359,0.00313741578425026,0.234711827514188
"305",0.223062447372111,0.318730126097256,0.189183828088634,0.247753428527642,0.3497239057052,0.199217914287359,0.0709245641274424,0.338316059928613
"306",0.0326668708487607,0.0481475623174658,0.0414421452225874,0.0996124517474576,0.191040636181229,0.199217914287359,1.12587973598118e-06,0.234711827514188
"307",0.328477112193406,0.223307161566363,0.273370129932997,0.391992846266498,0.228300270989343,0.285599644931291,0.738227700804522,0.234711827514188
"308",0.0293559333732791,0.235405202613082,0.128620306128634,0.163729589011653,0.328988439728144,0.199217914287359,0.923985945613858,0.234711827514188
"309",0.512239157590273,0.179479147347178,0.646288302605695,0.10841146369174,0.191040636181229,0.199217914287359,0.00360824886210084,0.234711827514188
"310",0.329203949115396,0.221680761432512,0.207705190519502,0.201649820781665,0.217474458376474,0.199217914287359,0.289925605398078,0.338316059928613
"311",0.0326339934369015,0.175083194663239,0.0772055719096275,0.126963124170536,0.276504579682598,0.199217914287359,0.00414656980758211,0.234711827514188
"312",0.198663977518233,0.126586410877171,0.146103541453911,0.329886268437145,0.22772553681396,0.250080915445137,0.000295377882114787,0.234711827514188
"313",0.735578915898657,0.349607236221935,0.242990633041254,0.147950890998681,0.262308832181592,0.338345462255997,0.000472431629078248,0.234711827514188
"314",0.240482174355194,0.133477043497282,0.302366573813872,0.199227477546516,0.191040636181229,0.199217914287359,0.00022297092223949,0.234711827514188
"315",0.178011788368699,0.203278844488818,0.185914671481347,0.16415548787806,0.21297113922638,0.199217914287359,0.114394850963881,0.234711827514188
"316",0.164276374865247,0.31279305841423,0.392853626010326,0.424703246815067,0.217273596011884,0.379417394306854,0.0762577777249799,0.234711827514188
"317",0.185752487390094,0.0878291110136318,0.0625286091002246,0.172328461167321,0.191040636181229,0.199217914287359,0.000119276395014061,0.234711827514188
"318",0.470956339497052,0.212823473231864,0.195413286822418,0.269294183866139,0.210621243740013,0.199217914287359,0.00162978441150856,0.234711827514188
"319",0.386268130887621,0.495836862279495,0.472059266676109,0.512776348786832,0.376177185419981,0.361111389380338,0.290098438901907,0.338316059928613
"320",0.242440661660937,0.324477662911794,0.551337951882887,0.112994078122421,0.32087824104795,0.199217914287359,0.00706011593241931,0.234711827514188
"321",0.201635059091764,0.262203687657345,0.122961132105045,0.163121000013077,0.286606091220444,0.307950358542233,9.08835884277317e-05,0.234711827514188
"322",0.439993187964676,0.278836321434983,0.156657844495216,0.273669003891885,0.197189320573097,0.199217914287359,0.000332036373755836,0.234711827514188
"323",0.127811036767686,0.10617898552281,0.0527953227073966,0.0979637271568392,0.197189320573097,0.199217914287359,0.153363301974462,0.234711827514188
"324",0.0804635815012873,0.138689932678249,0.122505672461598,0.0755727223017208,0.197189320573097,0.199217914287359,5.72681729218216e-05,0.234711827514188
"325",0.278306185131324,0.0655689125175903,0.0685265293999347,0.18240979468456,0.191040636181229,0.199217914287359,0.00100725429759614,0.234711827514188
"326",0.102738665750219,0.0827429568171907,0.0658231698243222,0.14646475631685,0.191040636181229,0.199217914287359,1.19931138323191e-05,0.234711827514188
"327",0.184991284779531,0.319453511162627,0.177134624923535,0.247847563052705,0.238454078563416,0.199217914287359,3.22017253405266e-05,0.234711827514188
"328",0.844798310016148,0.81605539851681,0.791535125794703,0.812809702057258,0.65237873668149,0.711563494346751,0.999994689335744,0.338316059928613
"329",0.0585986080955577,0.173178114315688,0.0480273242240055,0.118762052411137,0.197189320573097,0.199217914287359,4.48671270297702e-05,0.234711827514188
"330",0.0953606540152505,0.19347263655867,0.105891203957517,0.159192603259526,0.197189320573097,0.199217914287359,0.0133215357869135,0.234711827514188
"331",0.177040730936311,0.231706070090192,0.0801298054099203,0.337852799520829,0.262308832181592,0.307950358542233,0.247102634318766,0.234711827514188
"332",0.148419131935435,0.103962226804573,0.0965000671404696,0.0888593782743067,0.191040636181229,0.199217914287359,0.000211690203909568,0.234711827514188
"333",0.915471987248439,0.808481205046297,0.629980548131308,0.373185887122678,0.609199917875072,0.510111404785614,0.729240387728848,0.234711827514188
"334",0.315625997811669,0.121003650520949,0.180377517298768,0.128808836946037,0.191040636181229,0.199217914287359,5.67521483523131e-05,0.234711827514188
"335",0.260919172697808,0.180141598200698,0.112251486859676,0.130987100237433,0.199842357728804,0.199217914287359,0.00471039984308948,0.234711827514188
"336",0.582187353912915,0.104176698673584,0.136353292189583,0.0686761566089699,0.197189320573097,0.199217914287359,2.57643921598793e-05,0.234711827514188
"337",0.398831325402786,0.477599120550652,0.368198992031953,0.534567462366982,0.351457015047739,0.361111389380338,0.895831988204134,0.234711827514188
"338",0.324277598819676,0.182539000147292,0.0821193799761732,0.300571670696399,0.288123128476885,0.279327788858774,0.46933695186812,0.338316059928613
"339",0.276094466636823,0.247051915835334,0.339116765714918,0.20911573729573,0.216490906579502,0.33774711111207,0.000100296513874786,0.234711827514188
"340",0.207084879242679,0.433846629622242,0.103516318525162,0.140662694379624,0.232265772697068,0.199217914287359,0.00138839507942418,0.234711827514188
"341",0.227106037907239,0.218510901618896,0.327424487824018,0.14646475631685,0.32087824104795,0.199217914287359,0.0138958253376276,0.234711827514188
"342",0.166659368454144,0.0878291110136318,0.0635004969319672,0.172328461167321,0.191040636181229,0.199217914287359,4.05625185414047e-05,0.234711827514188
"343",0.404252179483395,0.210137518571873,0.526118175881224,0.391113908637357,0.328988439728144,0.307264947371524,0.954432806469981,0.234711827514188
"344",0.622001979123692,0.471308777963242,0.434880143595743,0.587477328401304,0.407014666638746,0.361111389380338,0.0215359025448584,0.602037090923173
"345",0.302294098831174,0.325012626737139,0.453670098518251,0.251484657859241,0.219634025246526,0.240078636625457,0.955853048146328,0.234711827514188
"346",0.328495536564507,0.553415757150831,0.529168687330255,0.659744526644325,0.475373601611837,0.463704346467728,0.0166519530466763,0.457130718287509
"347",0.209626746846269,0.106639981658317,0.0817954609045263,0.236955698695814,0.191040636181229,0.204435854480411,0.172016077164375,0.234711827514188
"348",0.264209092502604,0.639398968188974,0.694392592304513,0.712984066539103,0.497830430363774,0.555811040698834,0.998368428453009,0.338316059928613
"349",0.110531511872887,0.330056621998478,0.501371686618601,0.65099445309473,0.444780548702586,0.53470080278184,0.991097698027146,0.234711827514188
"350",0.137142205729411,0.180141598200698,0.174333429368643,0.098220104537704,0.197189320573097,0.199217914287359,0.000382664820972122,0.234711827514188
"351",0.137707562080841,0.158966582363376,0.0893428966529683,0.263627038289352,0.25848495897856,0.307950358542233,0.978208471510706,0.234711827514188
"352",0.27134283484861,0.247051915835334,0.227306415191018,0.329817302214087,0.240313871889443,0.199217914287359,0.000642447762309748,0.338316059928613
"353",0.259286491647195,0.0995549393543379,0.208972546451634,0.23282091262079,0.225330335072643,0.266353004697532,0.000591360432538159,0.234711827514188
"354",0.380758543745962,0.197113656069898,0.313664005128431,0.305198669188337,0.232265772697068,0.250080915445137,0.858556082158341,0.234711827514188
"355",0.0351191118117393,0.0687799872012356,0.112682272837837,0.0892114384052129,0.197189320573097,0.199217914287359,0.00419197760314392,0.234711827514188
"356",0.0642298095184024,0.21736008046044,0.10354313514702,0.250667635280272,0.243140869581044,0.199217914287359,8.65940092769776e-05,0.234711827514188
"357",0.1365448027994,0.0974828359923012,0.384037817561487,0.152910378871414,0.225330335072643,0.266353004697532,0.0172307153848698,0.234711827514188
"358",0.115958317905127,0.4574107587716,0.347951232353978,0.183241209841598,0.475094456060281,0.199217914287359,0.462095486660919,0.234711827514188
"359",0.00543669750454237,0.245744937707523,0.246642017468537,0.374716102092358,0.232265772697068,0.240078636625457,0.200195712183665,0.234711827514188
"360",0.115298386243073,0.235405202613082,0.194510631098374,0.120984333838321,0.232265772697068,0.199217914287359,0.024562212724279,0.234711827514188
"361",0.705481076184917,0.398670136506669,0.401653975463172,0.355293990409979,0.366666194566649,0.361111389380338,0.819147552417484,0.355251451015718
"362",0.357178809834815,0.56791536010897,0.462418535955933,0.57910347540141,0.46700108310514,0.508557842972912,0.0117465244271716,0.234711827514188
"363",0.862055750188488,0.400224377368024,0.496106198148726,0.348953928654101,0.364948809206184,0.329073550453725,0.997155458842846,0.338316059928613
"364",0.973210472803383,0.624407764742809,0.719007351943132,0.528185809994008,0.538520023445666,0.361111389380338,0.996182183416478,0.602037090923173
"365",0.141818394575544,0.198689363651303,0.261116929868522,0.24882736947109,0.270928901061147,0.307950358542233,0.995899522142168,0.234711827514188
"366",0.271927855745913,0.209684286556597,0.207705190519502,0.179898043292338,0.217474458376474,0.199217914287359,0.289849369888713,0.338316059928613
"367",0.549831424106559,0.412123314983995,0.480849956438697,0.464214036290157,0.355491491141239,0.405071030149829,0.969957544548902,0.338316059928613
"368",0.37675123039884,0.31279305841423,0.128599592263697,0.153872597095138,0.216490906579502,0.199217914287359,0.000430310555765022,0.234711827514188
"369",0.0748128253022102,0.328641464066467,0.0974924958455371,0.14807467030676,0.232265772697068,0.216463180152151,0.229285369646454,0.234711827514188
"370",0.248608228751589,0.176217040521853,0.163465739464215,0.251484657859241,0.197189320573097,0.240078636625457,0.00080972179392208,0.234711827514188
"371",0.34905901122862,0.433874374496455,0.476326762768847,0.479281608243287,0.278326001319,0.250080915445137,0.00646347483825906,0.234711827514188
"372",0.167221707400944,0.141452730677547,0.0497300923067287,0.14086327255326,0.191040636181229,0.199217914287359,0.000207390573495604,0.234711827514188
"373",0.294432220905901,0.348697740713876,0.375819677433177,0.322290272160138,0.375841261293583,0.361111389380338,0.994805792411177,0.355251451015718
"374",0.136385431660931,0.138642850946672,0.0344520845637053,0.0888593782743067,0.191040636181229,0.199217914287359,0.00060515612999816,0.234711827514188
"375",0.514357682637504,0.547507709260594,0.491375935944917,0.610053200251368,0.487648022288651,0.508557842972912,0.00384797586499027,0.234711827514188
"376",0.210346396739749,0.536380993232723,0.592991239992237,0.382935096539059,0.290027549880468,0.405071030149829,0.00594581558301926,0.338316059928613
"377",0.22793434109679,0.446602744213102,0.402604048855344,0.327855474310502,0.232265772697068,0.199217914287359,0.385783635840455,0.234711827514188
"378",0.0572004291311878,0.221496120160395,0.177195364528224,0.141848612237929,0.216490906579502,0.216463180152151,0.00049693015514117,0.234711827514188
"379",0.0721545451999415,0.158805641499357,0.0600932996858298,0.1084761103326,0.199427216715889,0.199217914287359,0.00032426976651602,0.234711827514188
"380",0.579604090803328,0.348697740713876,0.398855499610389,0.491307806270883,0.377580637394781,0.361111389380338,0.375230997170753,0.602037090923173
"381",0.457232967493298,0.421972436259863,0.434838356442466,0.349133616778574,0.232265772697068,0.289623375428767,0.821700916135048,0.234711827514188
"382",0.385466680793788,0.398380618639471,0.278755861895285,0.313405596764459,0.278762778484273,0.307950358542233,0.99999884822325,0.234711827514188
"383",0.0788155312575831,0.0946939630551936,0.17073179432289,0.134115846725897,0.191040636181229,0.199217914287359,0.000348581408586587,0.234711827514188
"384",0.194970038826268,0.177705325964826,0.0943165646207279,0.119868778739562,0.197189320573097,0.199217914287359,0.0129227580545812,0.234711827514188
"385",0.185675554398974,0.228478172676766,0.32243184672825,0.1689498089934,0.240313871889443,0.231253638743491,0.0034138177670166,0.338316059928613
"386",0.41313458845224,0.443590284557915,0.220611324819244,0.236730718882348,0.257740942411189,0.256580071347284,0.0467151603369042,0.234711827514188
"387",0.233657254078661,0.119238971700456,0.120091507906505,0.309510774703309,0.197189320573097,0.248627450005136,0.000871701426905615,0.234711827514188
"388",0.495567374816929,0.146199436606199,0.224540741176321,0.267851784286889,0.225330335072643,0.266353004697532,0.000896751031489805,0.234711827514188
"389",0.104861073394788,0.610452793424311,0.0895287243881719,0.301155775543345,0.232265772697068,0.440103107325178,0.0142146815452093,0.234711827514188
"390",0.236950506061566,0.0878291110136318,0.0743587788533945,0.145852573627761,0.191040636181229,0.199217914287359,1.78115044450767e-05,0.234711827514188
"391",0.112774006364543,0.144593511972097,0.198824418879004,0.147266374793656,0.197189320573097,0.295877910140706,0.0037949961817613,0.234711827514188
"392",0.254500337320422,0.398429658120332,0.443325488591725,0.432932764504707,0.279234095608255,0.325873407897694,0.0518419874714864,0.338316059928613
"393",0.153088233765412,0.0878291110136318,0.0519646531254077,0.172328461167321,0.191040636181229,0.199217914287359,0.0148587456471504,0.234711827514188
"394",0.0250843824388067,0.389426403612281,0.323263628265161,0.243001205033727,0.347665742125814,0.361111389380338,0.999491165718941,0.234711827514188
"395",0.334699475359716,0.296027220802129,0.182481846928163,0.366289257755251,0.294876480592767,0.285599644931291,0.0151784482908528,0.234711827514188
"396",0.000239605927879566,0.276032701639409,0.445069789044127,0.18626336915164,0.191040636181229,0.199217914287359,0.989866396613573,0.234711827514188
"397",0.263265209603524,0.500164309763842,0.183252859670307,0.360782787183774,0.262308832181592,0.307950358542233,0.0259871827628502,0.234711827514188
"398",0.248480325071661,0.347762012745575,0.281290015246798,0.174560110950318,0.294876480592767,0.199217914287359,0.717950223816935,0.234711827514188
"399",0.351863636898402,0.275140577804949,0.331216292019139,0.176240494698103,0.219634025246526,0.199217914287359,0.0359804463371961,0.234711827514188
"400",0.143340600585546,0.282425051106134,0.344284473458967,0.16415548787806,0.300617786076669,0.199217914287359,0.791119314739879,0.234711827514188
"401",0.422308214370876,0.278633454961723,0.535217143312407,0.431950978639861,0.266548153252619,0.325873407897694,0.00907263317105563,0.338316059928613
"402",0.298289137938697,0.221322168382583,0.207705190519502,0.201649820781665,0.217474458376474,0.199217914287359,0.460473423640417,0.338316059928613
"403",0.0898645621223447,0.443336577142419,0.307837697224656,0.276654001207959,0.278326001319,0.199217914287359,0.00257272906343599,0.234711827514188
"404",0.870965546018639,0.339009456095558,0.303490265211144,0.571827858696403,0.3141027738279,0.405768062921299,0.999985459363772,0.338316059928613
"405",0.225652922346749,0.327921240666056,0.194267901537203,0.199582789332511,0.365764233986517,0.199217914287359,0.00737860660044989,0.234711827514188
"406",0.386268130887621,0.495836862279495,0.472059266676109,0.512776348786832,0.376177185419981,0.361111389380338,0.290098438901907,0.338316059928613
"407",0.255866230464077,0.174321527109693,0.145930099950955,0.171972854443885,0.197189320573097,0.199217914287359,0.00986186497104283,0.234711827514188
"408",0.554551941744802,0.539698436893524,0.482857224941941,0.555412897970624,0.440885768934038,0.441700958893603,0.0943043425776277,0.338316059928613
"409",0.183076142157378,0.266702018807902,0.170500022142378,0.2419805767368,0.32087824104795,0.285599644931291,0.0688709071644336,0.234711827514188
"410",0.112153191716807,0.335492889371645,0.414298892906629,0.176162406719033,0.379951568404012,0.199217914287359,0.00807938284878909,0.234711827514188
"411",0.104992593619415,0.316195892223859,0.362680981789097,0.320540477541685,0.266548153252619,0.325873407897694,0.00103030586160891,0.338316059928613
"412",0.275147274789866,0.190856046208304,0.186274156545148,0.201407540102044,0.217474458376474,0.199217914287359,0.000820202695192304,0.338316059928613
"413",0.465003399589354,0.495661221365588,0.742541878721568,0.693382439097634,0.280382277119118,0.433417040075546,0.247640363148194,0.338316059928613
"414",0.0264432901703437,0.321500830900242,0.0984694143306435,0.24882736947109,0.286606091220444,0.307950358542233,0.672009546165683,0.234711827514188
"415",0.295044971114111,0.321500830900242,0.114287862872034,0.295301564879127,0.286606091220444,0.307950358542233,0.0659518010970523,0.234711827514188
"416",0.386268130887621,0.495836862279495,0.472059266676109,0.512776348786832,0.376177185419981,0.361111389380338,0.290098438901907,0.338316059928613
"417",0.201090615185665,0.210515092338242,0.214006908722865,0.254579456410846,0.329995926007796,0.355334282553803,0.00279380269164978,0.234711827514188
"418",0.757824361726203,0.64278998604205,0.771674274706249,0.756385304134136,0.447849917336677,0.523417107039423,0.928536350627405,0.602037090923173
"419",0.36025771482864,0.267321615398961,0.21943609323971,0.417478794264518,0.252180530005812,0.256580071347284,0.895802649839305,0.338316059928613
"420",0.11448798210768,0.0982550234495288,0.123276063761126,0.122726012857403,0.197189320573097,0.199217914287359,0.000115819315297359,0.234711827514188
"421",0.77075457911128,0.387644540484595,0.284354838464946,0.41451710088197,0.406669156598149,0.361111389380338,0.0176204698448193,0.602037090923173
"422",0.123423625236492,0.23970211920437,0.232996631848054,0.189790330373081,0.216490906579502,0.275606852085929,0.000160337808880601,0.234711827514188
"423",0.382622073960051,0.393882516726564,0.111666117839468,0.228382362814179,0.22772553681396,0.199217914287359,0.00153092220560747,0.234711827514188
"424",0.181430864939608,0.181618585865888,0.143598580568974,0.192799974617773,0.238454078563416,0.256580071347284,0.0213856163647481,0.234711827514188
"425",0.104801157975069,0.138642850946672,0.0372290719804259,0.110198231640014,0.191040636181229,0.199217914287359,0.0241028192448452,0.234711827514188
"426",0.386268130887621,0.495836862279495,0.472059266676109,0.512776348786832,0.376177185419981,0.361111389380338,0.290098438901907,0.338316059928613
"427",0.151937702920442,0.18638166838046,0.436484504775415,0.397300458750762,0.240313871889443,0.239436860738439,0.0172436736090993,0.338316059928613
"428",0.755447126349594,0.495836862279495,0.553437499875488,0.583069307260408,0.440885768934038,0.441700958893603,0.898874249248373,0.338316059928613
"429",0.00528008478788626,0.26203217439376,0.159046531824917,0.481277792801964,0.269678481364562,0.375380504773131,0.00622164170093746,0.234711827514188
"430",0.213226824237089,0.267223004099822,0.130010934050048,0.385284977492431,0.232265772697068,0.199217914287359,0.731977423238161,0.234711827514188
"431",0.0703046227925112,0.0965875019276263,0.0505780332836179,0.295782936539013,0.217230904179746,0.240078636625457,0.000573533733934133,0.234711827514188
"432",0.225550809614876,0.121003650520949,0.0904652778511249,0.128808836946037,0.191040636181229,0.199217914287359,2.7176231039038e-06,0.234711827514188
"433",0.907381848746366,0.816367351201006,0.66560451306978,0.812809702057258,0.65237873668149,0.711563494346751,0.999248297891473,0.338316059928613
"434",0.0641827646880858,0.0965813096411147,0.0370725323201085,0.125502541851013,0.197189320573097,0.199217914287359,0.00616384025893143,0.234711827514188
"435",0.255022540411969,0.221680761432512,0.304472790103201,0.201649820781665,0.217474458376474,0.199217914287359,0.590038198871482,0.338316059928613
"436",0.625378931056672,0.310004424485835,0.21079882783159,0.184859197272924,0.232265772697068,0.315557371558552,0.00181614513642905,0.234711827514188
"437",0.0653405332081727,0.238396913176315,0.119758562767918,0.224726975122269,0.266431152509815,0.199217914287359,0.023980618646007,0.234711827514188
"438",0.543522760713205,0.397931331900644,0.424858448581134,0.396141218494538,0.266548153252619,0.325873407897694,0.0160255966621346,0.338316059928613
"439",0.0799639487150257,0.0819354812559124,0.231933933343613,0.1035380237689,0.191040636181229,0.199217914287359,0.885060807592612,0.234711827514188
"440",0.0964734648601876,0.35361830429784,0.165585690349251,0.209793283394988,0.232265772697068,0.240078636625457,0.0012454466547118,0.234711827514188
"441",0.306506052813922,0.139577513905716,0.241787136039359,0.249284500921446,0.191040636181229,0.216463180152151,0.0937582774665594,0.234711827514188
"442",0.148636480197467,0.235405202613082,0.293357630918842,0.218068667733847,0.328988439728144,0.232677975289673,0.0177955642136479,0.234711827514188
"443",0.156864230954364,0.35361830429784,0.164457647591993,0.186506805645098,0.232265772697068,0.240078636625457,0.627133380553526,0.234711827514188
"444",0.26254088315664,0.454654933341842,0.418411911467025,0.638558863271086,0.376177185419981,0.435870998121258,0.987182948416512,0.338316059928613
"445",0.155411783442018,0.146176045275259,0.195306009818244,0.283818487854273,0.197189320573097,0.307264947371524,0.415372683407448,0.234711827514188
"446",0.116731589333684,0.153040798458718,0.141240316731406,0.107710054784247,0.206864601602242,0.199217914287359,0.00313079264271258,0.234711827514188
"447",0.0475436851520685,0.246876375748384,0.14158102009738,0.209896656266673,0.232265772697068,0.199217914287359,0.239435510709262,0.234711827514188
"448",0.208489212577342,0.210137518571873,0.337754262794306,0.325239579630034,0.232265772697068,0.250080915445137,0.140902090523879,0.234711827514188
"449",0.386268130887621,0.495836862279495,0.472059266676109,0.512776348786832,0.376177185419981,0.361111389380338,0.290098438901907,0.338316059928613
"450",0.387216934925516,0.29991124493362,0.187680743628726,0.236553774972362,0.25848495897856,0.307950358542233,0.999856128394352,0.234711827514188
"451",0.269637446140979,0.209684286556597,0.179005528221815,0.152654194550187,0.197189320573097,0.199217914287359,7.97976691794243e-05,0.234711827514188
"452",0.105113654491864,0.138642850946672,0.0578804828636665,0.110198231640014,0.191040636181229,0.199217914287359,0.0500851512445335,0.234711827514188
"453",0.177216610318407,0.183613248720083,0.139035469475462,0.154771684257701,0.197189320573097,0.199217914287359,0.000230501691085495,0.234711827514188
"454",0.253008125089992,0.238071816847934,0.204250360674383,0.144655317300196,0.238454078563416,0.199217914287359,0.619193778994333,0.234711827514188
"455",0.171149108631538,0.433566306591221,0.282645902409745,0.426455119576447,0.269678481364562,0.240078636625457,0.00365913770694157,0.234711827514188
"456",0.133187101013455,0.217061969160734,0.139567707586708,0.161078369934063,0.232265772697068,0.256580071347284,0.0038133033133028,0.234711827514188
"457",0.813985733530762,0.676340470297132,0.54508624423575,0.610991347478049,0.620285277372706,0.429591556240483,0.984710361819541,0.338316059928613
"458",0.233667616313766,0.454654933341842,0.418411911467025,0.512400176096401,0.376177185419981,0.435870998121258,0.987182948416512,0.338316059928613
"459",0.385747318478246,0.454654933341842,0.50400374550559,0.809584657974171,0.457721310127983,0.508767143954525,0.999870801247286,0.338316059928613
"460",0.170327384774086,0.115709118006292,0.207847693347383,0.251227544697669,0.191040636181229,0.275606852085929,0.846839467171347,0.234711827514188
"461",0.177642148488912,0.190856046208304,0.161603809590685,0.201407540102044,0.217474458376474,0.199217914287359,0.00215460679047456,0.338316059928613
"462",2.22044604925031e-16,0.35361830429784,0.181524693247103,0.191572344060319,0.232265772697068,0.240078636625457,0.0114299689032603,0.234711827514188
"463",0.289576678643823,0.56791536010897,0.347694149616989,0.677186886097736,0.46700108310514,0.508557842972912,0.534340715003659,0.234711827514188
"464",0.386268130887621,0.495836862279495,0.472059266676109,0.512776348786832,0.376177185419981,0.361111389380338,0.290098438901907,0.338316059928613
"465",0.49818440568508,0.512581334664139,0.652383519421856,0.559806401187838,0.351136155616977,0.463704346467728,0.131032877208484,0.338316059928613
"466",0.475969401134407,0.495661221365588,0.742541878721568,0.629882071298589,0.255013075866513,0.353382220236132,0.817656805420851,0.338316059928613
"467",0.271048425796936,0.209684286556597,0.179005528221815,0.152654194550187,0.197189320573097,0.199217914287359,0.000795166811967706,0.234711827514188
"468",0.372201843882142,0.300673125672359,0.128975090055077,0.22934843922594,0.282532461949226,0.345474986261884,2.36143569513882e-06,0.234711827514188
"469",0.192091398468663,0.194485200951469,0.174188223889986,0.201407540102044,0.217474458376474,0.199217914287359,0.023336243358119,0.338316059928613
"470",0.224540352536338,0.221680761432512,0.304472790103201,0.201649820781665,0.217474458376474,0.199217914287359,0.103250152143816,0.338316059928613
"471",0.329915308258919,0.438351303858717,0.374794372825377,0.506545465243842,0.253362104835769,0.437065386675773,0.00508218559844481,0.234711827514188
"472",0.117510205269435,0.360566815170577,0.138009896780617,0.349543302161641,0.232265772697068,0.199217914287359,0.63793170143438,0.234711827514188
"473",0.420738406859098,0.501004031926488,0.586050205672419,0.299285223197671,0.243140869581044,0.240078636625457,0.694654788024035,0.234711827514188
"474",0.196326532924043,0.179479147347178,0.156392962256297,0.136440801248279,0.191040636181229,0.199217914287359,0.000312469027627617,0.234711827514188
"475",0.329368922061995,0.127676738475661,0.266142549933517,0.223897399674933,0.197189320573097,0.199217914287359,0.00873796410082599,0.234711827514188
"476",0.143130607877995,0.252754453237769,0.16405343973898,0.243063500810667,0.279113645467329,0.266353004697532,0.00236265842513314,0.234711827514188
"477",0.20601332038989,0.225369284545995,0.20892978268296,0.3950644460833,0.240313871889443,0.2582838252704,0.246816167935538,0.338316059928613
"478",0.155075108342863,0.134476155823126,0.0685715046892486,0.133941094279102,0.251813668104125,0.199217914287359,0.00254384166851815,0.234711827514188
"479",0.18051314200105,0.194485200951469,0.108609137890078,0.297753911981311,0.217474458376474,0.199217914287359,0.00145227680197437,0.338316059928613
"480",0.382870062604775,0.16813858367719,0.233607896742812,0.235068067746614,0.32023847256334,0.199217914287359,0.886702892431379,0.234711827514188
"481",0.354720539606352,0.422143821533079,0.426495164678048,0.463619715732244,0.347665742125814,0.361111389380338,0.00203483073168746,0.234711827514188
"482",0.31841142049286,0.33149080409453,0.299005635702635,0.164256834180732,0.199427216715889,0.302670332883757,0.0929197686612647,0.234711827514188
"483",0.336852317082979,0.298337410072768,0.398895133342401,0.223720544551351,0.249904600570391,0.199217914287359,0.199851910436271,0.234711827514188
"484",0.362948232833036,0.221322168382583,0.170427651478402,0.251289796606817,0.243371228351275,0.239436860738439,0.640850482323625,0.338316059928613
"485",0.447442556215738,0.451131444936285,0.414622231666655,0.290999744226454,0.372560478191909,0.199217914287359,0.893339189910698,0.234711827514188
"486",0.202927249159031,0.350056912546963,0.142880245000212,0.154301122165207,0.365764233986517,0.199217914287359,0.00059520077335137,0.234711827514188
"487",0.242264307576959,0.528993595575469,0.429699151740086,0.231951909772606,0.39120569319705,0.199217914287359,0.305016292368366,0.234711827514188
"488",0.459584363449231,0.35361830429784,0.196554785722384,0.313256932502459,0.232265772697068,0.199217914287359,0.019127846511679,0.234711827514188
"489",0.674996075072734,0.556802999316725,0.750503275263364,0.698628909253968,0.447849917336677,0.523417107039423,0.783900495934043,0.602037090923173
"490",0.386268130887621,0.495836862279495,0.472059266676109,0.512776348786832,0.376177185419981,0.361111389380338,0.290098438901907,0.338316059928613
"491",0.27354973073598,0.101808763280554,0.0946251428558979,0.133941094279102,0.191040636181229,0.199217914287359,0.000189585732558015,0.234711827514188
"492",0.412447264287817,0.419680946622519,0.38277774123757,0.600978447480665,0.255013075866513,0.353382220236132,0.131893611775941,0.338316059928613
"493",0.107930758352166,0.165581020834218,0.214917877636203,0.184096661063064,0.217474458376474,0.199217914287359,0.00656690647583832,0.338316059928613
"494",0.479098633459028,0.249586096674821,0.153732982609329,0.172730143909795,0.320370067645594,0.289623375428767,0.617869988290449,0.234711827514188
"495",0.418520305042502,0.346099576147735,0.356178341100006,0.479281608243287,0.24520503009094,0.250080915445137,0.163678766689748,0.234711827514188
"496",0.335266295489882,0.471308777963242,0.29938589435797,0.45146840480102,0.3141027738279,0.307950358542233,0.0190353702025681,0.338316059928613
"497",0.397597778586576,0.221680761432512,0.266517293263998,0.201649820781665,0.217474458376474,0.199217914287359,0.0368637175774087,0.338316059928613
"498",0.392530704791147,0.454654933341842,0.50400374550559,0.638558863271086,0.457721310127983,0.435870998121258,0.999168256419672,0.338316059928613
"499",0.438378720447745,0.285098405277371,0.160731655794613,0.383120327608239,0.216490906579502,0.256580071347284,0.0615494172295987,0.234711827514188
"500",0.288763630035004,0.174321527109693,0.145930099950955,0.177835956860207,0.197189320573097,0.199217914287359,0.0120760110488219,0.234711827514188
"501",0.0950679569589096,0.145066567532611,0.155007719443884,0.128145869038688,0.206864601602242,0.199217914287359,0.00151079016545097,0.234711827514188
"502",0.0502437969236905,0.0967131383602918,0.129922316734219,0.204343986052483,0.248435090966496,0.199217914287359,0.000308510556037185,0.234711827514188
"503",0.168674294039767,0.187609610494419,0.0824085799758554,0.167844475788542,0.191040636181229,0.199217914287359,0.195563961195688,0.234711827514188
"504",0.184918545158167,0.205929336166516,0.0972766572450128,0.179950130809194,0.225330335072643,0.199217914287359,0.00132800853042784,0.234711827514188
"505",0.606632732641012,0.675865055599388,0.644086120630014,0.764045902290935,0.496383237027793,0.612792447800811,0.913101428293503,0.234711827514188
"506",0.349302885523319,0.400665022673534,0.333051061626758,0.498833362535429,0.230017129395952,0.256580071347284,0.999022975887998,0.234711827514188
"507",0.611476753712532,0.350189500687792,0.518336247229763,0.559704205037661,0.234266185124975,0.248627450005136,0.921231495158892,0.234711827514188
"508",0.235861605863822,0.183613248720083,0.132822844125099,0.160161777109185,0.197189320573097,0.199217914287359,0.00032514164969639,0.234711827514188
"509",0.204243173498791,0.101808763280554,0.0599269132654897,0.16415548787806,0.191040636181229,0.199217914287359,0.0371218362213419,0.234711827514188
"510",0.209635594316554,0.390102581247054,0.437113815906007,0.435708134547153,0.347665742125814,0.361111389380338,0.00134839543500611,0.234711827514188
"511",0.290976135814264,0.16813858367719,0.164372051842576,0.329605919614293,0.32023847256334,0.199217914287359,0.998893837653018,0.234711827514188
"512",0.105237450441814,0.260281855708805,0.360953627401435,0.17872123882396,0.197189320573097,0.216463180152151,0.144140907246709,0.234711827514188
"513",0.167757049835126,0.117869622562785,0.184327583297438,0.182258223408197,0.191040636181229,0.199217914287359,0.108016052565817,0.234711827514188
"514",0.267728575985462,0.321500830900242,0.178772074031978,0.25758780447257,0.313794398432797,0.307950358542233,0.0223065011091552,0.338316059928613
"515",0.445916857262253,0.626343755483927,0.609508562049013,0.475633663733699,0.295869758294455,0.463704346467728,0.00165226405364922,0.234711827514188
"516",0.121643273244628,0.315746433984992,0.223888414641715,0.483984347669401,0.283165945944564,0.380372423429748,0.00653927823907746,0.338316059928613
"517",0.0303192342523039,0.10043340116427,0.111079078601568,0.13861407204123,0.197189320573097,0.199217914287359,0.00228690565069895,0.234711827514188
"518",0.570516955369032,0.649300009226275,0.505090569122839,0.582654895748177,0.521785029284509,0.379542925377765,0.993470831868839,0.338316059928613
"519",0.384616738395319,0.31472683405779,0.401786614412044,0.223720544551351,0.272589617744397,0.199217914287359,0.0555756974929937,0.234711827514188
"520",0.0219860706558189,0.158774096659664,0.181147965928818,0.212771478518964,0.232265772697068,0.256580071347284,0.000379335134865306,0.234711827514188
"521",0.156709217385373,0.215769092887857,0.0762638603890379,0.336563526877725,0.197189320573097,0.199217914287359,0.000151798159542444,0.234711827514188
"522",0.966001567514245,0.64278998604205,0.771674274706249,0.721838108124577,0.447849917336677,0.523417107039423,0.93309165526564,0.602037090923173
"523",0.214862655751289,0.103962226804573,0.103405563881223,0.172328461167321,0.248435090966496,0.199217914287359,0.16664551124842,0.234711827514188
"524",0.20288184582903,0.0755369637438688,0.0530881183536508,0.132415921698164,0.191040636181229,0.199217914287359,7.87129390110427e-06,0.234711827514188
"525",0.230937089081243,0.0563149758591445,0.142484838658025,0.128826486834338,0.197189320573097,0.199217914287359,0.00483737291951314,0.234711827514188
"526",0.691721040340349,0.247009177190132,0.39428396092155,0.599214989680788,0.425995124577074,0.279327788858774,0.997925604744011,0.338316059928613
"527",0.0448985504822599,0.0798121738225571,0.13659592814061,0.149255940161396,0.210621243740013,0.199217914287359,0.000533157658410037,0.234711827514188
"528",0.317869015176396,0.362359444718857,0.470844186136715,0.169901484173241,0.373433128105883,0.275606852085929,0.00536610727410225,0.234711827514188
"529",0.794542433716072,0.15439361085657,0.0925124948613122,0.230592036657783,0.288123128476885,0.25948245421585,5.75058990553184e-05,0.338316059928613
"530",0.37313726913556,0.478117986336133,0.472059266676109,0.512776348786832,0.376177185419981,0.361111389380338,0.0858150265006324,0.338316059928613
"531",0.203883959833318,0.35361830429784,0.102215731662482,0.218757194308391,0.232265772697068,0.256580071347284,0.000154333935532926,0.234711827514188
"532",0.161779171013095,0.122090091447117,0.0352968605669353,0.110890885479225,0.217230904179746,0.199217914287359,0.000281129497055477,0.234711827514188
"533",0.776263895077274,0.451347658337163,0.200360121239444,0.43539474478122,0.332341936640953,0.307950358542233,0.968657606241585,0.338316059928613
"534",0.171483453051037,0.156285916610478,0.18545488263982,0.138625426202123,0.197189320573097,0.199217914287359,0.00343846098542817,0.234711827514188
"535",0.386268130887621,0.495836862279495,0.472059266676109,0.512776348786832,0.376177185419981,0.361111389380338,0.290098438901907,0.338316059928613
"536",0.0497604438380534,0.338179892290539,0.190688098836926,0.211209494721723,0.232265772697068,0.199217914287359,0.238751170475239,0.234711827514188
"537",0.713368069922324,0.327670453365022,0.549288716262925,0.251289796606817,0.266548153252619,0.2582838252704,0.0449459460095951,0.338316059928613
"538",0.0369862629972311,0.164565571463407,0.375334115356982,0.124729515759443,0.2204898359677,0.199217914287359,4.05963112677316e-05,0.234711827514188
"539",0.222775767591432,0.0978632426990926,0.105139344187719,0.103797724886732,0.191040636181229,0.199217914287359,0.000180612482142538,0.234711827514188
"540",0.098718857473384,0.249981507521992,0.212700006508375,0.26960667989523,0.232265772697068,0.199217914287359,0.000110445375110541,0.234711827514188
"541",0.394172696449385,0.465499167042225,0.541775813759665,0.328661910378183,0.336052189203535,0.349832516204952,0.997586436046317,0.338316059928613
"542",0.157396971838193,0.157669736745714,0.126221893300378,0.256679707839003,0.230649441282493,0.199217914287359,0.571586075810419,0.338316059928613
"543",0.571144458152582,0.550718027374856,0.313811595872549,0.490053984788442,0.358844565364136,0.389403842061332,0.993655027724423,0.234711827514188
"544",0.200818586547964,0.176335185264913,0.0587941602118832,0.132519186548811,0.216490906579502,0.199217914287359,0.0125989860757107,0.234711827514188
"545",0.266740181868567,0.431399637019457,0.301321608767554,0.352430261695133,0.347665742125814,0.361111389380338,0.000470205237201368,0.234711827514188
"546",0.218620512035203,0.194485200951469,0.229538480612321,0.297753911981311,0.280061091315727,0.199217914287359,0.0652092550117268,0.338316059928613
"547",0.175398877118104,0.149086552117759,0.15596070560832,0.119868778739562,0.197189320573097,0.199217914287359,0.292221911151943,0.234711827514188
"548",0.100566534821704,0.258139724998587,0.140429021754537,0.167019112579635,0.232265772697068,0.199217914287359,0.018537999976134,0.234711827514188
"549",0.903039069404104,0.624407764742809,0.771674274706249,0.721838108124577,0.575933459764842,0.523417107039423,0.987898141658933,0.602037090923173
"550",0.2414517782851,0.56791536010897,0.450425015578757,0.677186886097736,0.46700108310514,0.508557842972912,0.118684544662866,0.234711827514188
"551",0.171366144507868,0.115605908820247,0.161779767320184,0.0969486801142924,0.251813668104125,0.216463180152151,0.00282882084360012,0.234711827514188
"552",0.126735831193911,0.210516512022776,0.123513563505886,0.106661887768732,0.2204898359677,0.199217914287359,7.26305093130044e-05,0.234711827514188
"553",0.224540352536338,0.221680761432512,0.304472790103201,0.201649820781665,0.217474458376474,0.199217914287359,0.103250152143816,0.338316059928613
"554",0.313029359459688,0.101808763280554,0.129329667275768,0.138904797433055,0.191040636181229,0.199217914287359,0.05562155502968,0.234711827514188
"555",0.109855933494344,0.268112760905275,0.204275076089131,0.123932813405742,0.216490906579502,0.275606852085929,0.0034803827122378,0.234711827514188
"556",0.371351750749312,0.175677925861556,0.177774558998141,0.294404653843114,0.234266185124975,0.250080915445137,0.00379429005892934,0.234711827514188
"557",0.217658427187139,0.20773587246543,0.185343547302635,0.144655317300196,0.256569320244739,0.199217914287359,0.165048788205414,0.234711827514188
"558",0.160893130059356,0.0603254202606485,0.0905783641333568,0.0980571195463537,0.191040636181229,0.199217914287359,4.45682560779279e-06,0.234711827514188
"559",0.495058856055489,0.319058785401665,0.255237036938798,0.365066085623078,0.366666194566649,0.368617743777267,0.0089659859246319,0.234711827514188
"560",0.377384872626476,0.324024437782371,0.174822892229488,0.201852613885357,0.216490906579502,0.199217914287359,0.151203752939112,0.234711827514188
"561",0.251932697557622,0.258139724998587,0.25690448855149,0.237118173722682,0.232265772697068,0.248627450005136,0.108596441398998,0.234711827514188
"562",0.217098503708375,0.101808763280554,0.0701182196919933,0.133941094279102,0.191040636181229,0.199217914287359,0.000125744414280631,0.234711827514188
"563",0.336088267069828,0.401219218087076,0.177456710424592,0.239486989154467,0.444780548702586,0.199217914287359,0.667197987684573,0.234711827514188
"564",0.340826990708569,0.152070726103525,0.192833154904479,0.186309683734237,0.255846803986519,0.199217914287359,0.816442484864405,0.234711827514188
"565",0.186950675017862,0.207379725167669,0.627272125121254,0.112382723692799,0.216490906579502,0.275606852085929,0.00525463609247637,0.234711827514188
"566",0.197566094885211,0.115709118006292,0.220978723897039,0.178551390304045,0.191040636181229,0.199217914287359,0.0222276509264638,0.234711827514188
"567",0.360711717201293,0.454654933341842,0.50400374550559,0.638558863271086,0.457721310127983,0.435870998121258,0.999808816770455,0.338316059928613
"568",0.187020996356111,0.133477043497282,0.142918986137388,0.135612575475181,0.191040636181229,0.199217914287359,0.000377236727722126,0.234711827514188
"569",0.136692240329451,0.294805977341891,0.25966988475532,0.20706501620782,0.2204898359677,0.199217914287359,0.203765595649545,0.234711827514188
"570",0.130244498439658,0.125640469700063,0.0395169936124352,0.141389398873048,0.220886664790803,0.199217914287359,0.000281911288417605,0.234711827514188
"571",0.259890760395935,0.23409540906592,0.379937616503255,0.171435374053963,0.197189320573097,0.199217914287359,0.0787250977755177,0.234711827514188
"572",0.216308253730865,0.182010666796412,0.35829671876385,0.162992748937522,0.256569320244739,0.216463180152151,0.0524463852820569,0.234711827514188
"573",0.116955350839014,0.0705716872553682,0.106867295183883,0.133106272205382,0.197189320573097,0.256580071347284,1.60760890938183e-05,0.234711827514188
"574",0.106606370485445,0.144593511972097,0.0712248945403932,0.0986243958414866,0.197189320573097,0.275606852085929,1.07171411940178e-05,0.234711827514188
"575",0.491729339437884,0.283013326430788,0.195534186974718,0.335352464928677,0.232265772697068,0.199217914287359,0.000288272326646857,0.234711827514188
"576",0.264773785395237,0.218866220032302,0.285883730547468,0.292550493031371,0.32087824104795,0.325873407897694,0.970405568903158,0.234711827514188
"577",0.244651212057235,0.556802999316725,0.585735910919364,0.633981455080043,0.351136155616977,0.463704346467728,0.590831376151654,0.457130718287509
"578",0.222863238183374,0.183613248720083,0.174188223889986,0.188447505459713,0.217474458376474,0.199217914287359,0.173000251496738,0.338316059928613
"579",0.229980363464984,0.247051915835334,0.159610985797459,0.330702093139236,0.252180530005812,0.199217914287359,0.0224841477599748,0.338316059928613
"580",0.295185584655364,0.225699689631252,0.54466959590087,0.333807301266813,0.229698545307369,0.250080915445137,0.999493566422584,0.234711827514188
"581",0.247894912736806,0.131953721110442,0.306073949807483,0.285182235460074,0.197189320573097,0.33774711111207,0.000547617747357314,0.234711827514188
"582",0.159811217465259,0.154894965210566,0.120904320888547,0.0907870664743699,0.197189320573097,0.199217914287359,0.0905552410076486,0.234711827514188
"583",0.27904854048208,0.113343109455343,0.148619745123008,0.136440801248279,0.191040636181229,0.199217914287359,1.27134964189134e-05,0.234711827514188
"584",0.200139608991364,0.183613248720083,0.139035469475462,0.154771684257701,0.197189320573097,0.199217914287359,0.00202853109248827,0.234711827514188
"585",0.113930979258454,0.313237853476725,0.15353453546404,0.414347874301045,0.263300957804527,0.325873407897694,0.272001938296022,0.338316059928613
"586",0.148222552809435,0.382613625298338,0.211904651713823,0.292909743332263,0.232265772697068,0.240078636625457,0.584482175457971,0.234711827514188
"587",0.111753871113253,0.342380040676413,0.263828697206912,0.219152273692743,0.269678481364562,0.219177703020545,0.0134596250512476,0.234711827514188
"588",0.241389703334417,0.16273070061581,0.12327914255532,0.133941094279102,0.210621243740013,0.199217914287359,0.000456956731549787,0.234711827514188
"589",0.10272542733317,0.0896337764634725,0.213455548435085,0.112838357959946,0.191040636181229,0.199217914287359,0.319352795685806,0.234711827514188
"590",0.445057340941707,0.464818236142097,0.401690634600645,0.236730718882348,0.218888130551399,0.256580071347284,0.010716300678299,0.234711827514188
"591",0.231475149843456,0.194209667201403,0.315351702824597,0.431707392236843,0.232265772697068,0.248627450005136,0.517187622164641,0.234711827514188
"592",0.187584627652569,0.350635522001091,0.387225522986507,0.634510165641094,0.476243797243617,0.508557842972912,0.00428113325532216,0.234711827514188
"593",0.37322771301601,0.478117986336133,0.472059266676109,0.512776348786832,0.376177185419981,0.361111389380338,0.0858150265006324,0.338316059928613
"594",0.217717869744206,0.212395275446075,0.578221348454772,0.282327882284964,0.24121132003805,0.325873407897694,0.973223270053768,0.338316059928613
"595",0.122567617079993,0.0967131383602918,0.0794061711337022,0.172328461167321,0.191040636181229,0.199217914287359,0.0103912185945656,0.234711827514188
"596",0.11117312902301,0.384626944301883,0.192417277227261,0.0755837487206677,0.294876480592767,0.199217914287359,0.0533305298899989,0.234711827514188
"597",0.345549887414119,0.497813095048103,0.222874203229599,0.211000013517027,0.3141027738279,0.25948245421585,0.69665166418329,0.338316059928613
"598",0.136572726650829,0.230840493196871,0.182237524349779,0.224258145907667,0.232265772697068,0.256580071347284,0.0183061869516661,0.234711827514188
"599",0.209557007801991,0.165647113834634,0.109008377320707,0.172328461167321,0.191040636181229,0.199217914287359,0.22690705830393,0.234711827514188
"600",2.22044604925031e-16,0.315746433984992,0.602861519868793,0.337981885123253,0.237912869335249,0.425049526371068,0.0537159455781619,0.234711827514188
"601",0.0985687919629638,0.184783855277955,0.213376806186373,0.131475137999644,0.197189320573097,0.240078636625457,0.986707030410691,0.234711827514188
"602",0.243582081174541,0.408829755370345,0.269990316868087,0.275830537875967,0.243371228351275,0.2582838252704,0.674170504178576,0.338316059928613
"603",0.286306854498746,0.413714213118787,0.571666628696761,0.610053200251368,0.444780548702586,0.508557842972912,0.0747063922375871,0.234711827514188
"604",0.242586626200326,0.56791536010897,0.450425015578757,0.677186886097736,0.46700108310514,0.508557842972912,0.118684544662866,0.234711827514188
"605",0.206369147160406,0.141452730677547,0.106124433005113,0.205492183817341,0.191040636181229,0.199217914287359,0.00903684900343465,0.234711827514188
"606",0.106263468621057,0.0859777616442692,0.0413361533032171,0.110198231640014,0.191040636181229,0.199217914287359,6.64883899963058e-05,0.234711827514188
"607",0.350320646258929,0.441558206820149,0.155632489985121,0.387214097241566,0.232265772697068,0.287324599801996,0.953421355428629,0.234711827514188
"608",0.925474594050392,0.512581334664139,0.771674274706249,0.721838108124577,0.447849917336677,0.523417107039423,0.994418975682638,0.602037090923173
"609",0.0918815166064883,0.0775908275776452,0.173001642006394,0.132397791850034,0.198965925586926,0.199217914287359,0.000214947491078907,0.234711827514188
"610",0.0185337858288136,0.0896312729796152,0.0698962885988943,0.0730301986675534,0.197189320573097,0.199217914287359,0.00529011700481727,0.234711827514188
"611",0.29411606146877,0.553929651759726,0.525811142080423,0.559806401187838,0.480227141042242,0.463704346467728,0.998637699049412,0.338316059928613
"612",0.216949044886943,0.556802999316725,0.585735910919364,0.531845866220246,0.370364581398135,0.463704346467728,0.998935324655777,0.338316059928613
"613",0.186948301021904,0.183613248720083,0.185727755281356,0.154771684257701,0.255846803986519,0.199217914287359,0.121275711138717,0.234711827514188
